transaction_id,account_id,customer_id,transaction_date,transaction_type,amount,channel,balance_after
T0005008,A00133,C0110,2026-01-29,Purchase,6774.73,Branch,50524.45
T0005338,A00142,C0117,2026-03-28,Airtime,2524.25,USSD,93102.54
T0006381,A00170,C0141,2025-10-15,Bill Payment,1563.5,Branch,120230.75
T0001212,A00037,C0032,2026-02-14,Withdrawal,6600.17,ATM,92170.94
T0006993,A00185,C0152,2025-07-08,Salary Credit,17497.05,ATM,37452.83
T0008662,A00229,C0186,2025-10-12,Withdrawal,7776.24,Branch,-7375.87
T0006333,A00169,C0140,2026-01-20,Salary Credit,10935.19,USSD,60290.02
T0004528,A00123,C0102,2026-04-28,Salary Credit,13196.98,Branch,74741.53
T0010833,A00292,C0235,2026-06-09,Transfer Out,788.39,Branch,62911.37
T0009875,A00264,C0216,2025-09-16,Purchase,440.14,Branch,71003.32
T0002265,A00063,C0052,2025-12-12,Bill Payment,6060.25,Branch,33700.14
T0004272,A00117,C0097,2026-03-17,Deposit,19075.97,EFT,109804.38
T0007630,A00200,C0164,2026-05-20,Airtime,7934.47,Branch,40401.08
T0005129,A00136,C0112,2025-09-27,Bill Payment,6998.86,App,84275.73
T0001321,A00040,C0035,2025-10-05,Withdrawal,4591.26,Branch,59186.56
T0000666,A00020,C0018,2026-05-25,Bill Payment,6884.02,USSD,8570.55
T0010031,A00268,C0219,2025-11-20,Salary Credit,3605.92,ATM,49514.82
T0001774,A00051,C0043,2025-07-14,Airtime,7383.14,POS,82885.02
T0002919,A00081,C0066,2025-08-08,Deposit,20865.55,EFT,122141.32
T0009237,A00244,C0199,2025-09-30,Salary Credit,6822.78,App,154201.76
T0002476,A00068,C0056,2025-12-04,Transfer In,18919.43,ATM,267147.3
T0008741,A00231,C0188,2025-12-26,Withdrawal,4808.37,POS,33611.28
T0001653,A00048,C0041,2025-12-25,Transfer Out,5652.71,App,59586.73
T0002237,A00062,C0051,2026-01-19,Transfer In,16578.84,USSD,95617.71
T0005563,A00148,C0122,2025-08-28,Bill Payment,7735.75,POS,58443.91
T0012868,A00347,C0279,2026-06-20,Salary Credit,21794.2,EFT,180728.89
T0007464,A00196,C0161,2025-11-02,Purchase,7022.11,Branch,204755.85
T0006598,A00176,C0146,2025-07-30,Purchase,3648.46,App,57410.44
T0013757,A00370,C0296,2025-07-31,Salary Credit,5849.76,USSD,49865.84
T0011063,A00297,C0239,2026-03-17,Deposit,1077.0,App,55685.08
T0005663,A00151,C0125,2026-04-17,Transfer Out,6111.52,ATM,65292.15
T0013723,A00369,C0295,2025-08-25,Transfer In,13648.28,ATM,16879.89
T0011780,A00316,C0254,2025-09-06,Deposit,11492.06,App,59096.92
T0005694,A00151,C0125,2025-09-03,Withdrawal,6181.36,ATM,182263.43
T0003958,A00108,C0090,2025-09-22,Withdrawal,3137.81,EFT,64326.31
T0003157,A00086,C0071,2025-12-10,Deposit,21838.74,Branch,112261.16
T0012976,A00349,C0280,2026-06-18,Purchase,3716.09,USSD,130414.67
T0009708,A00259,C0211,2025-07-25,Bill Payment,3622.3,ATM,98762.07
T0008806,A00232,C0188,2026-05-21,Bill Payment,286.48,USSD,40776.12
T0008967,A00237,C0192,2026-02-22,Bill Payment,4147.81,App,3288.9
T0010947,A00295,C0237,2026-05-31,Salary Credit,1828.07,App,86987.85
T0012468,A00337,C0269,2026-04-19,Deposit,15738.65,USSD,54494.52
T0009866,A00264,C0216,2026-03-11,Transfer Out,-283.29,Branch,20420.84
T0010929,A00295,C0237,2025-07-28,Deposit,5220.49,USSD,18484.11
T0008626,A00228,C0185,2026-01-26,Salary Credit,1348.81,Branch,1135.29
T0013220,A00356,C0285,2026-03-03,Deposit,14790.52,EFT,168590.84
T0012393,A00334,C0267,2025-08-09,Bill Payment,577.53,ATM,16478.19
T0006960,A00184,C0151,2025-09-20,Transfer Out,4608.43,App,25370.42
T0008110,A00213,C0174,2026-06-01,Deposit,9904.44,App,40083.73
T0008174,A00216,C0177,2026-02-11,Withdrawal,1052.5,ATM,-1166.96
T0006094,A00163,C0135,2026-06-17,Purchase,5529.92,USSD,-11179.11
T0006012,A00160,C0133,2025-10-03,Withdrawal,2408.97,EFT,44255.27
T0003540,A00098,C0082,2026-02-07,Transfer Out,3064.38,USSD,110790.59
T0013159,A00354,C0283,2025-12-15,Transfer Out,4218.85,EFT,132229.87
T0007742,A00202,C0165,2026-01-02,Salary Credit,16893.87,App,163233.64
T0002078,A00058,C0048,2026-02-12,Transfer In,14764.54,EFT,86326.58
T0010528,A00282,C0228,2026-02-14,Purchase,5990.21,POS,-7015.75
T0002117,A00059,C0049,2026-04-20,Salary Credit,15289.78,App,108752.58
T0005014,A00133,C0110,2026-06-07,Bill Payment,7692.09,EFT,78422.64
T0009360,A00248,C0202,2025-08-28,Withdrawal,7717.63,App,60750.98
T0004819,A00129,C0106,2026-06-03,Salary Credit,21234.28,EFT,110843.76
T0009724,A00260,C0212,2025-07-24,Salary Credit,11489.59,POS,128162.92
T0009312,A00247,C0201,2026-04-25,Airtime,6306.36,POS,33653.27
T0006583,A00176,C0146,2026-02-28,Deposit,17611.93,POS,27334.36
T0009689,A00259,C0211,2026-05-25,Withdrawal,5131.89,POS,65699.47
T0005287,A00141,C0117,2025-07-25,Airtime,6000.11,USSD,36727.05
T0006260,A00167,C0138,2025-08-21,Bill Payment,688.16,ATM,50602.66
T0003604,A00100,C0083,2026-01-29,Transfer In,6773.39,EFT,15098.37
T0000814,A00025,C0023,2026-03-19,Deposit,22720.33,ATM,107438.71
T0012661,A00342,C0274,2026-06-02,Transfer In,24973.85,Branch,167474.51
T0005152,A00136,C0112,2025-11-22,Deposit,6701.95,EFT,141854.42
T0011099,A00298,C0240,2025-07-13,Transfer In,9607.99,EFT,35763.04
T0013327,A00358,C0287,2026-02-01,Salary Credit,18796.36,USSD,157456.28
T0004489,A00122,C0101,2026-04-02,Transfer In,14618.64,App,70538.11
T0012145,A00328,C0263,2025-07-05,Transfer Out,-2441.1,ATM,82682.86
T0005074,A00135,C0112,2025-08-18,Transfer In,20287.88,USSD,23690.74
T0006559,A00175,C0145,2026-06-27,Airtime,3976.26,Branch,86853.51
T0002795,A00077,C0063,2026-04-06,Purchase,4810.78,EFT,141492.6
T0009667,A00258,C0210,2026-01-25,Withdrawal,3462.42,POS,72977.72
T0000174,A00006,C0006,2025-11-24,Airtime,7025.59,USSD,50398.57
T0001531,A00045,C0038,2025-11-12,Deposit,15553.28,USSD,16727.0
T0007445,A00196,C0161,2025-10-27,Transfer Out,5833.14,EFT,74131.02
T0011782,A00316,C0254,2025-09-12,Bill Payment,6028.23,USSD,51045.57
T0006198,A00166,C0138,2025-12-19,Purchase,2497.15,EFT,66127.3
T0004219,A00116,C0096,2025-12-02,Withdrawal,1991.53,App,54651.5
T0000600,A00018,C0016,2026-04-21,Airtime,7418.3,EFT,53297.29
T0006912,A00183,C0151,2026-06-13,Airtime,4709.55,POS,31572.73
T0008368,A00221,C0181,2026-02-10,Salary Credit,20502.58,USSD,62262.76
T0009521,A00253,C0205,2025-08-02,Transfer Out,180.02,ATM,105902.83
T0002663,A00072,C0058,2026-03-16,Transfer Out,4256.34,POS,42624.17
T0009715,A00260,C0212,2025-11-13,Withdrawal,845.8,App,58433.36
T0000541,A00017,C0016,2026-01-01,Withdrawal,172.25,USSD,30316.63
T0009296,A00247,C0201,2025-12-12,Salary Credit,17721.57,ATM,59117.59
T0009615,A00256,C0208,2025-08-10,Transfer Out,2166.06,USSD,121014.91
T0011800,A00317,C0254,2025-10-18,Airtime,2244.02,EFT,30434.24
T0004066,A00112,C0093,2025-07-14,Deposit,14319.94,USSD,37927.29
T0008528,A00226,C0184,2026-03-19,Withdrawal,2568.3,EFT,39281.52
T0002972,A00082,C0067,2025-07-25,Transfer In,13086.41,POS,99975.32
T0011242,A00301,C0242,2025-12-02,Salary Credit,14247.63,Branch,132147.17
T0000052,A00002,C0002,2025-08-22,Withdrawal,2520.54,ATM,61926.89
T0003238,A00089,C0074,2025-07-26,Transfer In,4277.8,App,49532.36
T0003165,A00087,C0072,2026-06-23,Bill Payment,5577.9,Branch,-9354.51
T0001803,A00051,C0043,2025-08-09,Transfer In,14178.52,USSD,107648.5
T0006261,A00167,C0138,2025-10-15,Purchase,612.32,POS,49990.34
T0013958,A00374,C0298,2025-07-19,Transfer In,6529.84,POS,70748.83
T0011618,A00312,C0250,2025-08-18,Purchase,7684.3,Branch,109904.79
T0013480,A00363,C0290,2025-09-02,Airtime,6040.49,ATM,38910.46
T0007718,A00201,C0165,2026-01-13,Airtime,3059.51,Branch,109988.84
T0001937,A00054,C0045,2025-09-14,Transfer Out,690.07,Branch,142894.47
T0008594,A00227,C0185,2026-04-20,Salary Credit,11132.32,ATM,154630.81
T0000596,A00018,C0016,2025-09-07,Withdrawal,5563.06,POS,52047.65
T0008291,A00218,C0179,2025-09-11,Deposit,7212.96,USSD,60934.69
T0010079,A00270,C0220,2025-09-12,Salary Credit,10995.67,USSD,48993.19
T0011983,A00323,C0258,2026-03-11,Withdrawal,1462.48,ATM,5190.11
T0004606,A00124,C0103,2026-02-08,Salary Credit,15052.34,Branch,144442.47
T0008997,A00238,C0193,2026-06-10,Deposit,1623.42,USSD,46169.57
T0011511,A00310,C0249,2026-03-04,Salary Credit,13556.65,App,12425.92
T0001008,A00032,C0029,2026-04-26,Transfer In,5113.33,EFT,51946.35
T0006302,A00169,C0140,2026-05-20,Bill Payment,3875.27,EFT,28942.92
T0005822,A00154,C0128,2026-02-03,Airtime,7092.11,USSD,122802.84
T0013397,A00360,C0288,2025-10-31,Airtime,7447.64,ATM,123418.05
T0001448,A00043,C0037,2025-07-21,Purchase,7537.53,ATM,38715.84
T0004171,A00115,C0095,2025-10-27,Transfer Out,5276.34,App,22727.62
T0010305,A00276,C0224,2025-11-06,Transfer In,10393.86,USSD,50951.19
T0007117,A00188,C0154,2026-06-15,Airtime,,Branch,55305.68
T0009698,A00259,C0211,2026-05-23,Purchase,4606.1,EFT,95011.59
T0007855,A00206,C0169,2025-11-07,Transfer Out,2126.29,POS,52973.64
T0008875,A00234,C0190,2025-07-20,Transfer Out,1061.61,App,74442.8
T0006493,A00174,C0144,2026-05-14,Airtime,6762.83,POS,48269.69
T0002701,A00074,C0060,2026-06-22,Transfer Out,6529.23,Branch,42927.88
T0004550,A00123,C0102,2025-09-08,Purchase,-2237.45,Branch,95820.89
T0014059,A00376,C0300,2026-03-21,Deposit,13589.42,POS,56687.87
T0000578,A00018,C0016,2026-02-18,Withdrawal,2015.66,USSD,57202.87
T0006017,A00160,C0133,2026-01-02,Transfer In,4390.34,ATM,39807.68
T0011454,A00308,C0247,2026-05-24,Salary Credit,12239.04,USSD,60331.76
T0003317,A00092,C0077,2025-08-22,Transfer In,2583.27,App,103853.16
T0007539,A00198,C0162,2026-03-09,Transfer Out,2569.21,ATM,49468.49
T0011172,A00300,C0241,2026-06-07,Transfer Out,7428.35,App,27946.91
T0011014,A00296,C0238,2026-05-03,Deposit,-10913.44,App,222034.34
T0001590,A00046,C0039,2026-06-17,Bill Payment,3014.53,EFT,81095.68
T0005551,A00147,C0121,2025-08-31,Bill Payment,1090.34,USSD,104256.68
T0007890,A00207,C0170,2025-10-11,Deposit,9177.7,Branch,145115.46
T0007686,A00201,C0165,2025-08-26,Salary Credit,18876.49,App,25052.21
T0003799,A00104,C0086,2025-08-27,Transfer In,20795.84,POS,121011.83
T0006398,A00171,C0141,2026-01-12,Salary Credit,16691.04,ATM,94015.51
T0012244,A00330,C0264,2025-10-25,Purchase,6269.92,EFT,86504.61
T0006629,A00177,C0146,2025-11-25,Salary Credit,795.45,Branch,65092.76
T0010563,A00283,C0229,2025-10-27,Transfer In,1413.71,USSD,54656.99
T0004218,A00116,C0096,2026-02-16,Purchase,2989.91,App,56643.03
T0004588,A00124,C0103,2025-11-18,Transfer In,3033.83,Branch,131597.66
T0009824,A00263,C0215,2025-08-13,Bill Payment,5953.54,Branch,7332.13
T0000439,A00013,C0013,2025-12-23,Transfer In,7905.7,USSD,53710.92
T0009916,A00265,C0217,2025-12-24,Airtime,-5917.85,App,53431.18
T0003505,A00098,C0082,2025-12-06,Transfer In,2970.67,EFT,27376.44
T0010876,A00294,C0237,2025-11-13,Bill Payment,4314.52,USSD,12420.77
T0013951,A00374,C0298,2025-10-31,Transfer In,119.35,Branch,15017.42
T0010143,A00272,C0221,2026-01-21,Salary Credit,11819.15,POS,117374.5
T0011221,A00301,C0242,2026-03-22,Withdrawal,500.26,App,112214.81
T0001158,A00036,C0032,2025-10-23,Transfer In,11716.77,EFT,48098.73
T0012343,A00332,C0266,2025-07-04,Deposit,18556.78,USSD,148210.4
T0005884,A00156,C0130,2026-06-16,Bill Payment,3897.47,Branch,57186.78
T0002032,A00057,C0047,2026-05-31,Bill Payment,7794.49,USSD,58166.19
T0012920,A00348,C0279,2026-04-20,Transfer In,16599.76,EFT,85169.41
T0004358,A00119,C0098,2025-11-16,Deposit,16917.4,EFT,155279.68
T0009195,A00243,C0198,2026-03-02,Airtime,3664.37,EFT,138611.33
T0004371,A00119,C0098,2025-11-29,Transfer In,3276.22,POS,237751.09
T0005517,A00146,C0121,2025-12-02,Salary Credit,18241.99,Branch,233496.87
T0010702,A00288,C0232,2026-03-18,Salary Credit,15318.93,USSD,51567.47
T0005243,A00139,C0115,2025-11-19,Salary Credit,22573.51,POS,68619.39
T0001882,A00053,C0045,2025-10-23,Deposit,9993.98,Branch,107894.77
T0004534,A00123,C0102,2026-04-25,Withdrawal,2610.09,Branch,88071.12
T0002811,A00078,C0064,2025-10-08,Bill Payment,5751.09,USSD,76613.34
T0004157,A00114,C0094,2026-01-17,Transfer In,4751.79,App,47052.63
T0007821,A00205,C0168,2025-09-05,Airtime,4459.85,EFT,94742.3
T0000664,A00020,C0018,2025-09-03,Purchase,112.59,ATM,23254.87
T0007266,A00191,C0156,2026-06-25,Purchase,-4752.41,Branch,3153.9
T0011761,A00316,C0254,2025-07-17,Bill Payment,2982.54,EFT,17107.78
T0001890,A00054,C0045,2026-02-22,Salary Credit,12909.33,USSD,68466.51
T0002009,A00057,C0047,2026-01-21,Purchase,5432.1,EFT,25874.59
T0012813,A00346,C0278,2025-08-09,Transfer In,11169.95,App,57522.57
T0003766,A00103,C0085,2026-02-23,Deposit,19243.17,ATM,61155.35
T0002388,A00067,C0055,2026-03-11,Transfer In,,Branch,34984.84
T0000977,A00031,C0029,2026-06-02,Deposit,8302.73,POS,62978.86
T0013822,A00371,C0296,2025-07-24,Withdrawal,4119.77,POS,66502.86
T0008913,A00235,C0190,2025-09-22,Withdrawal,6332.82,USSD,47351.2
T0003192,A00088,C0073,2025-09-29,Transfer Out,5678.94,Branch,41721.48
T0001284,A00038,C0033,2025-11-07,Transfer Out,4015.16,EFT,283705.96
T0000290,A00010,C0010,2026-06-19,Transfer Out,1647.93,Branch,-29736.02
T0002885,A00080,C0066,2025-07-08,Salary Credit,20237.68,USSD,75057.48
T0009122,A00242,C0197,2025-09-04,Transfer Out,2911.22,POS,-20622.09
T0013293,A00358,C0287,2026-03-23,Transfer Out,475.1,App,43527.46
T0005610,A00149,C0123,2025-09-10,Salary Credit,9833.61,POS,95663.53
T0011682,A00313,C0251,2025-12-11,Airtime,4084.05,EFT,124280.57
T0014080,A00376,C0300,2025-11-07,Bill Payment,6406.09,EFT,167016.01
T0003453,A00096,C0081,2026-06-20,Withdrawal,6158.53,EFT,201611.49
T0000519,A00016,C0015,2026-05-31,Deposit,15883.79,App,17806.42
T0004797,A00128,C0106,2026-01-08,Transfer In,6464.03,App,79839.38
T0003267,A00091,C0076,2026-04-10,Deposit,19050.21,POS,65349.33
T0003443,A00096,C0081,2026-05-28,Deposit,17318.37,Branch,114809.62
T0008436,A00223,C0182,2026-05-06,Salary Credit,308.86,POS,-2229.8
T0003735,A00103,C0085,2026-06-04,Transfer In,23171.9,EFT,41192.0
T0010457,A00280,C0227,2026-04-19,Airtime,5254.51,EFT,98469.62
T0010038,A00269,C0219,2026-03-31,Bill Payment,2397.97,App,33699.67
T0010935,A00295,C0237,2025-11-09,Transfer In,11220.11,EFT,70437.58
T0013207,A00356,C0285,2025-07-14,Salary Credit,,POS,58829.13
T0012050,A00325,C0260,2025-07-24,Deposit,,USSD,45509.34
T0012935,A00349,C0280,2025-12-02,Salary Credit,9732.96,ATM,23172.44
T0013715,A00369,C0295,2026-05-23,Purchase,7460.81,ATM,32749.5
T0008248,A00217,C0178,2025-11-17,Purchase,5888.34,EFT,137855.96
T0003520,A00098,C0082,2025-09-09,Bill Payment,1797.47,USSD,68152.52
T0011282,A00302,C0242,2026-06-29,Airtime,5043.41,EFT,66998.52
T0004283,A00118,C0097,2026-03-30,Purchase,7349.9,App,23886.08
T0009992,A00267,C0218,2025-07-14,Transfer Out,2936.21,EFT,47315.69
T0013848,A00371,C0296,2025-11-16,Transfer Out,4956.5,POS,44565.21
T0013603,A00365,C0292,2026-05-24,Withdrawal,332.94,App,49776.43
T0005278,A00140,C0116,2026-01-12,Bill Payment,4435.31,POS,18886.69
T0012402,A00334,C0267,2025-10-03,Transfer In,8456.6,USSD,22471.69
T0013011,A00350,C0281,2026-01-08,Airtime,2111.31,App,94521.56
T0004144,A00114,C0094,2025-11-04,Salary Credit,6748.53,POS,27675.26
T0005012,A00133,C0110,2026-03-02,Transfer Out,6588.85,USSD,68898.7
T0007856,A00206,C0169,2026-01-16,Withdrawal,7352.18,POS,45621.46
T0004380,A00119,C0098,2026-03-27,Purchase,7273.77,EFT,227248.87
T0002595,A00071,C0057,2026-03-07,Bill Payment,3741.47,ATM,67479.5
T0009897,A00265,C0217,2026-04-05,Deposit,3940.86,POS,-3779.25
T0011819,A00317,C0254,2026-04-15,Transfer In,3234.61,ATM,5157.02
T0003583,A00099,C0083,2026-06-30,Transfer Out,7320.57,ATM,26898.23
T0000902,A00028,C0026,2026-04-03,Airtime,1616.61,POS,64836.89
T0004837,A00129,C0106,2025-10-21,Airtime,2326.4,ATM,150400.06
T0006659,A00177,C0146,2025-11-12,Salary Credit,23602.42,EFT,217392.83
T0006046,A00161,C0133,2025-08-09,Transfer Out,7157.04,EFT,16655.11
T0012152,A00328,C0263,2026-03-14,Transfer In,9631.74,ATM,114371.19
T0007695,A00201,C0165,2026-01-31,Deposit,22253.74,App,83672.61
T0004243,A00117,C0097,2026-03-11,Transfer In,16094.85,Branch,25712.84
T0008262,A00218,C0179,2026-04-23,Deposit,3621.34,EFT,5692.22
T0007833,A00206,C0169,2026-03-29,Deposit,2810.92,USSD,35409.28
T0002170,A00060,C0050,2025-08-31,Transfer Out,1027.87,EFT,49347.97
T0004376,A00119,C0098,2026-02-09,Purchase,1117.02,POS,243530.88
T0011018,A00297,C0239,2025-07-09,Salary Credit,7898.98,ATM,13027.26
T0005317,A00142,C0117,2026-02-25,Airtime,3222.3,Branch,-4288.41
T0002525,A00069,C0056,2025-12-03,Airtime,7356.23,EFT,156857.36
T0002413,A00067,C0055,2026-05-18,Bill Payment,5177.7,Branch,129731.07
T0004185,A00115,C0095,2026-02-20,Purchase,4140.39,Branch,57300.87
T0011672,A00313,C0251,2025-09-27,Withdrawal,3406.45,Branch,94218.01
T0011644,A00312,C0250,2025-07-10,Airtime,7708.11,ATM,93785.04
T0008281,A00218,C0179,2026-05-13,Purchase,2237.81,USSD,12943.48
T0004028,A00110,C0091,2026-04-11,Deposit,13544.29,App,189820.59
T0010614,A00285,C0230,2026-02-02,Transfer Out,1505.9,USSD,38078.09
T0006363,A00170,C0141,2025-08-31,Purchase,6303.8,ATM,54044.26
T0002374,A00067,C0055,2026-04-18,Transfer Out,5822.65,Branch,-9641.25
T0001361,A00040,C0035,2025-11-05,Transfer Out,388.41,Branch,94734.9
T0010407,A00279,C0226,2026-03-27,Salary Credit,20491.53,ATM,94971.41
T0000386,A00012,C0012,2025-09-21,Withdrawal,1731.38,Branch,74865.04
T0001066,A00033,C0030,2025-08-30,Transfer In,-11440.27,ATM,51065.07
T0000440,A00013,C0013,2025-11-14,Bill Payment,2184.56,Branch,51526.36
T0009347,A00248,C0202,2026-04-27,Deposit,735.41,App,80921.2
T0009354,A00248,C0202,2026-03-25,Salary Credit,13785.89,EFT,86428.81
T0008534,A00226,C0184,2025-09-05,Bill Payment,2690.99,EFT,39221.56
T0008799,A00232,C0188,2026-03-01,Transfer In,4268.24,ATM,39571.18
T0006242,A00166,C0138,2026-06-14,Bill Payment,5596.05,POS,232016.64
T0009223,A00244,C0199,2026-06-11,Deposit,13537.71,POS,77765.45
T0007623,A00200,C0164,2025-09-15,Transfer In,19378.21,App,58751.74
T0003123,A00086,C0071,2026-04-27,Transfer Out,7423.87,App,66369.38
T0013179,A00355,C0284,2025-09-17,Purchase,1625.25,ATM,78631.32
T0008677,A00229,C0186,2026-06-17,Bill Payment,993.75,EFT,17492.13
T0007474,A00196,C0161,2025-09-28,Bill Payment,2602.56,EFT,214622.35
T0007216,A00190,C0156,2026-02-28,Transfer In,8403.91,ATM,62733.81
T0007586,A00199,C0163,2026-01-21,Salary Credit,13128.67,ATM,101472.2
T0003609,A00100,C0083,2026-04-30,Transfer Out,953.86,EFT,1880.72
T0003004,A00084,C0069,2025-08-24,Purchase,1539.58,ATM,55217.99
T0009230,A00244,C0199,2026-05-24,Purchase,3337.77,App,83603.17
T0013002,A00350,C0281,2026-04-22,Transfer In,23669.41,POS,125930.89
T0012267,A00331,C0265,2025-12-25,Purchase,4398.23,App,-7953.1
T0005897,A00156,C0130,2026-05-31,Airtime,5127.23,EFT,154548.32
T0000601,A00018,C0016,2026-03-24,Salary Credit,12363.36,POS,65660.65
T0010797,A00291,C0234,2026-01-09,Transfer In,20461.98,USSD,77060.08
T0000139,A00005,C0005,2025-07-17,Purchase,4827.06,POS,5182.76
T0003509,A00098,C0082,2025-12-26,Salary Credit,20208.1,Branch,39894.39
T0003059,A00085,C0070,2025-07-05,Airtime,7856.23,Branch,17149.73
T0003944,A00108,C0090,2025-12-16,Airtime,7371.69,App,6293.25
T0001342,A00040,C0035,2025-07-27,Withdrawal,7842.61,POS,110531.91
T0010693,A00287,C0231,2026-05-25,Withdrawal,2601.25,Branch,62262.19
T0005976,A00159,C0132,2026-03-29,Airtime,5651.64,App,49500.16
T0008900,A00234,C0190,2025-08-16,Withdrawal,2360.95,USSD,116712.62
T0010715,A00288,C0232,2026-04-16,Bill Payment,3072.64,Branch,23640.8
T0006584,A00176,C0146,2026-02-05,Withdrawal,7660.68,ATM,19673.68
T0001619,A00047,C0040,2025-08-18,Bill Payment,5791.56,Branch,56790.54
T0013536,A00364,C0291,2026-03-07,Bill Payment,350.97,ATM,77500.31
T0000720,A00022,C0020,2025-09-29,Deposit,24191.07,Branch,68971.62
T0013676,A00367,C0293,2026-05-26,Salary Credit,10941.47,POS,34608.53
T0001649,A00048,C0041,2026-05-27,Transfer In,23978.4,App,74283.7
T0009405,A00250,C0203,2026-02-06,Transfer Out,2506.8,POS,125936.91
T0010068,A00269,C0219,2026-06-01,Salary Credit,19146.05,Branch,155151.32
T0001476,A00043,C0037,2026-01-01,Withdrawal,7166.78,ATM,117913.12
T0007673,A00200,C0164,2026-02-14,Airtime,622.94,EFT,185028.92
T0009131,A00242,C0197,2026-02-12,Salary Credit,17462.96,EFT,336.85
T0003759,A00103,C0085,2026-04-01,Withdrawal,6207.38,POS,35221.28
T0012724,A00343,C0275,2025-09-05,Salary Credit,12437.17,USSD,107040.51
T0007274,A00191,C0156,2026-01-31,Transfer In,8994.94,EFT,50195.72
T0002194,A00061,C0050,2025-11-19,Transfer Out,5129.32,USSD,73631.86
T0006237,A00166,C0138,2026-05-15,Transfer Out,,Branch,200213.55
T0009805,A00262,C0214,2025-11-17,Transfer Out,1200.36,ATM,48537.6
T0003835,A00105,C0087,2026-06-01,Bill Payment,3975.0,App,55969.12
T0007455,A00196,C0161,2026-04-28,Deposit,18244.58,ATM,125059.08
T0007745,A00203,C0166,2025-10-06,Transfer In,14602.65,POS,40817.24
T0004505,A00122,C0101,2026-01-10,Bill Payment,3322.63,App,84819.76
T0011890,A00320,C0256,2025-09-10,Transfer In,8332.92,App,40552.94
T0003021,A00084,C0069,2025-12-03,Transfer In,13873.1,ATM,52988.76
T0010352,A00278,C0225,2026-02-13,Bill Payment,577.48,POS,36821.15
T0002395,A00067,C0055,2026-06-23,Transfer In,22556.21,USSD,74676.07
T0013874,A00372,C0297,2026-01-03,Deposit,24032.91,ATM,61330.06
T0009932,A00265,C0217,2026-03-30,Purchase,962.27,Branch,80863.05
T0006576,A00175,C0145,2026-02-02,Bill Payment,5687.54,EFT,143841.72
T0013058,A00351,C0281,2025-08-18,Bill Payment,3568.52,ATM,-42410.09
T0000571,A00018,C0016,2025-11-03,Bill Payment,7870.97,EFT,43677.49
T0003721,A00102,C0084,2025-07-25,Airtime,2481.94,EFT,90710.06
T0011908,A00321,C0256,2025-07-10,Airtime,1536.14,EFT,30697.51
T0009291,A00246,C0200,2025-08-05,Transfer Out,47.74,USSD,96062.17
T0013675,A00367,C0293,2026-04-01,Deposit,6124.22,POS,23667.06
T0002452,A00068,C0056,2025-07-16,Deposit,12485.84,EFT,208620.83
T0013971,A00374,C0298,2026-03-19,Purchase,3093.77,ATM,118756.97
T0008509,A00225,C0183,2026-03-19,Transfer In,16571.26,POS,40371.73
T0004873,A00130,C0107,2026-03-03,Bill Payment,6960.47,POS,187275.37
T0008905,A00234,C0190,2026-04-28,Bill Payment,4715.32,App,104119.51
T0012695,A00343,C0275,2025-08-15,Purchase,1605.81,Branch,41203.32
T0012698,A00343,C0275,2026-03-04,Purchase,4533.66,USSD,53096.73
T0010073,A00270,C0220,2025-09-30,Salary Credit,19154.38,Branch,42483.46
T0001747,A00050,C0042,2026-05-09,Deposit,8711.55,EFT,69634.31
T0012812,A00346,C0278,2026-05-31,Purchase,,App,46352.62
T0007030,A00186,C0153,2025-09-05,Transfer Out,6888.48,Branch,6693.86
T0011138,A00299,C0240,2025-10-17,Bill Payment,6829.13,USSD,103158.13
T0000726,A00022,C0020,2025-07-09,Deposit,8548.2,USSD,91345.48
T0007892,A00207,C0170,2026-01-06,Deposit,19258.65,App,168008.3
T0006451,A00172,C0142,2025-10-05,Salary Credit,11596.85,USSD,38297.87
T0013244,A00357,C0286,2026-04-05,Airtime,549.28,POS,53179.53
T0013729,A00369,C0295,2026-04-25,Airtime,6978.86,USSD,24912.5
T0006567,A00175,C0145,2026-02-08,Airtime,1559.21,Branch,122708.65
T0008206,A00216,C0177,2025-07-30,Purchase,2910.53,App,62627.05
T0005842,A00155,C0129,2025-08-01,Salary Credit,9425.67,App,78611.79
T0012702,A00343,C0275,2025-11-04,Transfer In,13666.04,Branch,54118.61
T0001783,A00051,C0043,2025-07-07,Withdrawal,2469.02,Branch,79175.76
T0006564,A00175,C0145,2026-01-19,Salary Credit,16326.3,Branch,124995.37
T0008639,A00228,C0185,2025-07-29,Airtime,4626.5,ATM,7248.35
T0012547,A00339,C0271,2025-07-28,Withdrawal,3851.75,EFT,5827.31
T0002521,A00069,C0056,2026-05-27,Purchase,1945.9,EFT,178934.83
T0004841,A00129,C0106,2026-05-21,Bill Payment,6827.45,ATM,186417.88
T0011431,A00307,C0246,2026-05-17,Transfer Out,3387.03,ATM,43086.9
T0010423,A00279,C0226,2026-03-06,Transfer Out,362.37,Branch,104043.85
T0013403,A00360,C0288,2025-10-07,Bill Payment,7441.81,App,110083.12
T0010961,A00296,C0238,2025-11-14,Transfer In,18653.48,ATM,29487.88
T0006848,A00182,C0150,2026-03-20,Withdrawal,6426.34,POS,34596.39
T0011779,A00316,C0254,2026-03-26,Bill Payment,6673.32,ATM,47604.86
T0014073,A00376,C0300,2026-06-17,Withdrawal,7461.53,Branch,122343.68
T0002553,A00070,C0057,2026-01-25,Transfer In,6126.41,ATM,41984.25
T0002202,A00061,C0050,2025-07-20,Bill Payment,6509.02,EFT,99594.24
T0007350,A00193,C0158,2026-06-16,Withdrawal,3095.02,EFT,110763.72
T0000376,A00012,C0012,2025-12-27,Withdrawal,3415.41,ATM,87190.11
T0010104,A00271,C0221,2025-11-25,Salary Credit,13356.79,ATM,-2863.42
T0001412,A00041,C0036,2026-03-14,Bill Payment,1068.71,App,102957.33
T0012411,A00334,C0267,2025-11-14,Transfer In,6601.51,Branch,113116.35
T0003955,A00108,C0090,2026-04-08,Airtime,6279.34,POS,64860.21
T0002409,A00067,C0055,2025-08-25,Transfer Out,3658.43,POS,121179.85
T0012171,A00329,C0264,2026-04-25,Withdrawal,1613.6,USSD,-8879.29
T0004383,A00119,C0098,2025-10-11,Transfer Out,4612.77,Branch,219988.72
T0011411,A00306,C0245,2026-02-22,Airtime,3599.94,EFT,73778.02
T0001788,A00051,C0043,2025-11-19,Transfer Out,6955.06,USSD,86894.49
T0013316,A00358,C0287,2026-05-08,Salary Credit,13391.14,ATM,122230.47
T0003804,A00104,C0086,2026-03-25,Withdrawal,4067.91,EFT,127636.14
T0002440,A00068,C0056,2025-12-15,Salary Credit,24607.31,ATM,133990.74
T0010731,A00288,C0232,2026-01-17,Deposit,15906.92,ATM,92349.17
T0010168,A00273,C0222,2026-03-12,Withdrawal,6754.04,ATM,65783.39
T0000286,A00010,C0010,2026-04-19,Bill Payment,5400.46,POS,-15700.91
T0009345,A00248,C0202,2026-03-26,Deposit,9360.8,Branch,81103.3
T0011453,A00307,C0246,2026-01-21,Deposit,20785.18,ATM,169665.91
T0001628,A00047,C0040,2026-04-25,Salary Credit,3085.55,ATM,66513.55
T0000189,A00007,C0007,2026-04-09,Airtime,2767.11,Branch,16419.74
T0004059,A00111,C0092,2026-01-13,Purchase,4770.47,USSD,28905.21
T0009181,A00243,C0198,2025-08-23,Airtime,5562.6,ATM,11481.58
T0011400,A00306,C0245,2025-10-13,Purchase,,App,30305.69
T0007975,A00209,C0172,2026-02-05,Salary Credit,7356.37,Branch,95610.64
T0005006,A00133,C0110,2026-02-18,Bill Payment,3998.16,EFT,62810.21
T0012501,A00338,C0270,2026-03-02,Transfer Out,6761.35,POS,11529.79
T0003572,A00099,C0083,2025-09-06,Deposit,3263.69,App,23926.08
T0013373,A00359,C0288,2026-06-24,Salary Credit,11622.23,USSD,164454.13
T0009057,A00240,C0195,2025-11-12,Salary Credit,8745.72,POS,24183.06
T0007172,A00189,C0155,2025-10-15,Deposit,7144.54,Branch,93931.96
T0001136,A00035,C0031,2025-07-28,Airtime,4167.01,App,137920.82
T0009621,A00256,C0208,2025-12-23,Purchase,7452.74,App,117786.77
T0001853,A00053,C0045,2026-01-31,Salary Credit,8202.39,App,41556.04
T0009211,A00244,C0199,2025-11-21,Purchase,1441.75,App,46444.85
T0002912,A00081,C0066,2025-12-24,Bill Payment,987.69,App,60887.64
T0008802,A00232,C0188,2026-06-15,Withdrawal,7392.88,USSD,45254.58
T0001330,A00040,C0035,2025-07-31,Airtime,1238.56,USSD,82671.57
T0000745,A00023,C0021,2025-07-20,Purchase,5743.25,App,19992.44
T0011793,A00316,C0254,2025-08-14,Withdrawal,315.55,POS,86308.91
T0009958,A00266,C0217,2025-11-28,Salary Credit,6662.53,USSD,34494.92
T0001815,A00052,C0044,2026-02-18,Deposit,4252.6,POS,25903.74
T0008986,A00237,C0192,2025-11-05,Transfer Out,7751.3,Branch,-18100.99
T0004117,A00113,C0093,2026-02-28,Airtime,6869.62,POS,123668.6
T0003805,A00104,C0086,2026-02-12,Airtime,7695.17,ATM,119940.97
T0005422,A00144,C0119,2026-03-05,Salary Credit,9865.9,Branch,161339.5
T0002105,A00059,C0049,2025-09-16,Purchase,4726.67,POS,81230.44
T0008392,A00222,C0181,2026-06-20,Withdrawal,7020.38,App,46154.79
T0002835,A00078,C0064,2026-03-12,Airtime,7931.55,POS,173283.46
T0004341,A00119,C0098,2026-02-02,Transfer In,5776.03,POS,63615.08
T0004022,A00110,C0091,2026-02-02,Deposit,21721.95,App,170160.31
T0011299,A00303,C0243,2025-07-16,Transfer Out,3151.04,Branch,40939.74
T0001911,A00054,C0045,2026-06-08,Salary Credit,,ATM,72765.9
T0001673,A00048,C0041,2025-11-19,Transfer Out,1540.77,USSD,55668.79
T0001324,A00040,C0035,2025-09-03,Transfer In,,EFT,67208.69
T0009246,A00245,C0200,2026-06-05,Salary Credit,1039.46,ATM,43520.71
T0004524,A00123,C0102,2025-10-01,Transfer In,14359.31,ATM,69457.51
T0011482,A00309,C0248,2026-04-09,Withdrawal,6173.82,USSD,78033.7
T0006508,A00174,C0144,2026-01-30,Salary Credit,22420.07,App,66856.31
T0002697,A00074,C0060,2026-03-24,Withdrawal,4751.23,POS,43020.7
T0002938,A00082,C0067,2025-07-18,Transfer In,16591.61,USSD,65224.41
T0004658,A00125,C0104,2025-10-08,Airtime,7738.11,ATM,63621.86
T0013720,A00369,C0295,2025-10-16,Withdrawal,6195.56,Branch,11633.8
T0002362,A00066,C0054,2025-12-12,Transfer In,11953.5,EFT,32881.1
T0014063,A00376,C0300,2025-12-19,Transfer In,15058.2,ATM,76537.34
T0005147,A00136,C0112,2026-03-18,Salary Credit,20361.56,EFT,112260.84
T0003692,A00102,C0084,2026-01-15,Transfer Out,794.79,POS,24370.83
T0012996,A00350,C0281,2026-02-21,Bill Payment,5685.67,POS,67829.14
T0011331,A00304,C0244,2026-04-15,Withdrawal,4090.48,USSD,24128.83
T0009553,A00255,C0207,2025-08-29,Deposit,16576.26,ATM,58658.16
T0010599,A00284,C0230,2025-12-28,Withdrawal,3931.69,Branch,71397.41
T0002706,A00074,C0060,2025-12-18,Airtime,7109.5,ATM,30197.82
T0003207,A00088,C0073,2026-05-31,Airtime,2295.95,USSD,129689.4
T0010834,A00292,C0235,2025-09-22,Salary Credit,18830.86,Branch,81742.23
T0001939,A00055,C0046,2025-12-07,Transfer Out,4493.26,EFT,29572.14
T0002086,A00058,C0048,2026-06-17,Purchase,1564.89,ATM,68132.2
T0013589,A00365,C0292,2026-01-14,Transfer Out,6634.61,Branch,37303.89
T0006295,A00168,C0139,2026-03-11,Purchase,4205.0,App,73118.16
T0004411,A00120,C0099,2025-11-16,Deposit,7540.72,EFT,64025.7
T0005995,A00159,C0132,2025-07-15,Withdrawal,1945.76,EFT,81872.18
T0012576,A00340,C0272,2026-04-01,Transfer In,1201.59,Branch,18806.62
T0003346,A00092,C0077,2026-06-23,Airtime,-6897.87,EFT,168147.17
T0006355,A00170,C0141,2025-10-18,Withdrawal,1298.22,POS,31403.45
T0007000,A00185,C0152,2026-06-07,Salary Credit,18820.7,Branch,61913.07
T0003810,A00104,C0086,2026-01-19,Purchase,2802.47,App,97683.73
T0013668,A00366,C0293,2025-12-25,Deposit,10230.38,Branch,88160.89
T0004058,A00111,C0092,2026-04-28,Airtime,2237.28,App,33675.68
T0001810,A00052,C0044,2026-01-02,Salary Credit,15169.94,EFT,18728.55
T0013632,A00366,C0293,2025-10-30,Transfer Out,-1396.36,Branch,19789.32
T0013307,A00358,C0287,2026-04-28,Purchase,7159.59,App,89586.14
T0012807,A00346,C0278,2025-11-08,Transfer In,223.24,POS,22217.76
T0011531,A00310,C0249,2025-09-27,Bill Payment,1387.47,USSD,57380.29
T0009304,A00247,C0201,2026-06-17,Withdrawal,7989.4,ATM,20814.06
T0002989,A00083,C0068,2025-12-10,Transfer Out,1438.65,POS,67886.63
T0001175,A00036,C0032,2026-03-18,Airtime,3998.73,Branch,76110.02
T0006386,A00171,C0141,2025-12-25,Transfer In,19383.3,App,53936.69
T0007810,A00204,C0167,2026-04-27,Bill Payment,4879.69,App,108169.99
T0011154,A00299,C0240,2025-12-12,Salary Credit,786.96,ATM,147981.43
T0007144,A00188,C0154,2026-04-08,Bill Payment,-3881.57,App,115870.7
T0010316,A00277,C0225,2026-04-06,Bill Payment,2599.27,POS,59503.87
T0012894,A00348,C0279,2026-02-23,Transfer Out,6023.21,USSD,90089.64
T0000131,A00005,C0005,2026-05-11,Transfer In,20180.49,ATM,17978.37
T0006658,A00177,C0146,2025-08-31,Purchase,5851.97,EFT,193790.41
T0011481,A00309,C0248,2026-06-30,Airtime,-6372.05,Branch,84207.52
T0013066,A00352,C0282,2025-12-24,Transfer Out,,EFT,12411.16
T0002846,A00079,C0065,2026-05-07,Purchase,606.54,Branch,29072.59
T0007154,A00189,C0155,2025-07-06,Purchase,3871.41,ATM,38432.03
T0004992,A00133,C0110,2026-04-08,Transfer In,17160.02,USSD,44038.53
T0006931,A00183,C0151,2025-07-10,Deposit,15226.64,ATM,175624.01
T0012549,A00339,C0271,2025-11-23,Airtime,1619.5,EFT,-2320.96
T0006769,A00180,C0149,2026-01-29,Purchase,6154.2,App,39749.66
T0011772,A00316,C0254,2025-08-19,Transfer Out,3067.49,EFT,28670.68
T0011846,A00318,C0255,2025-08-01,Transfer Out,4001.59,POS,135499.36
T0003120,A00086,C0071,2025-08-18,Withdrawal,1896.98,POS,32961.7
T0013077,A00352,C0282,2026-04-05,Transfer Out,-6548.85,USSD,-27033.73
T0001667,A00048,C0041,2025-07-11,Purchase,7829.53,USSD,54236.39
T0012356,A00333,C0266,2025-11-06,Salary Credit,21616.99,Branch,81654.57
T0001840,A00052,C0044,2025-10-22,Withdrawal,2630.38,Branch,128973.65
T0010775,A00290,C0234,2025-10-19,Withdrawal,5640.35,POS,2952.14
T0013136,A00354,C0283,2026-03-08,Purchase,3992.91,ATM,43899.84
T0010773,A00290,C0234,2025-11-08,Salary Credit,,USSD,3892.02
T0004275,A00117,C0097,2026-06-20,Transfer Out,6927.91,ATM,122883.35
T0010320,A00277,C0225,2026-05-24,Transfer In,6664.18,App,97964.9
T0006817,A00181,C0149,2025-11-21,Withdrawal,4317.64,App,9687.8
T0014026,A00375,C0299,2025-12-14,Purchase,5231.06,App,50224.18
T0000897,A00028,C0026,2026-04-01,Transfer In,7255.15,POS,48856.81
T0000539,A00017,C0016,2026-05-13,Transfer Out,443.62,App,35778.66
T0012924,A00348,C0279,2026-03-19,Purchase,4503.88,USSD,94702.72
T0010123,A00272,C0221,2025-08-24,Airtime,4248.92,EFT,39930.86
T0003444,A00096,C0081,2025-09-14,Transfer In,22632.94,ATM,137442.56
T0004396,A00119,C0098,2025-09-06,Transfer Out,5472.68,EFT,217167.07
T0008386,A00222,C0181,2025-07-02,Salary Credit,4178.53,ATM,50892.09
T0012891,A00348,C0279,2026-02-06,Airtime,1559.96,EFT,84957.54
T0006900,A00183,C0151,2025-12-29,Airtime,6744.93,App,31430.62
T0003266,A00091,C0076,2026-04-22,Purchase,3053.52,App,46299.12
T0011115,A00299,C0240,2026-05-09,Withdrawal,4615.36,App,1975.09
T0008724,A00230,C0187,2025-11-17,Bill Payment,7508.12,App,58707.95
T0012433,A00335,C0268,2026-01-10,Salary Credit,23942.94,EFT,33314.07
T0009044,A00239,C0194,2026-03-15,Transfer Out,3777.97,POS,57736.88
T0001760,A00051,C0043,2025-11-27,Purchase,4856.87,App,80580.59
T0011513,A00310,C0249,2025-11-06,Withdrawal,4702.94,USSD,1858.04
T0012163,A00328,C0263,2025-12-04,Salary Credit,16977.91,ATM,116345.88
T0010122,A00272,C0221,2026-03-04,Purchase,6108.44,POS,44179.78
T0005024,A00134,C0111,2026-05-05,Transfer In,10098.96,App,49055.04
T0013135,A00354,C0283,2025-07-29,Bill Payment,7305.21,App,47892.75
T0009204,A00243,C0198,2025-12-26,Purchase,4688.02,POS,168480.03
T0002641,A00072,C0058,2025-08-19,Salary Credit,15201.44,App,49810.65
T0000653,A00019,C0017,2025-09-10,Deposit,18951.24,EFT,83563.79
T0006172,A00165,C0137,2026-06-23,Deposit,271.95,Branch,25132.62
T0003639,A00101,C0084,2026-04-03,Airtime,1563.27,App,21926.62
T0013111,A00353,C0283,2026-01-03,Bill Payment,5506.0,EFT,51801.91
T0013116,A00354,C0283,2026-04-26,Bill Payment,7434.93,Branch,49646.98
T0005828,A00154,C0128,2026-05-02,Withdrawal,7653.28,USSD,113006.49
T0005906,A00157,C0131,2025-07-03,Airtime,2761.17,EFT,38248.51
T0001479,A00043,C0037,2025-11-16,Salary Credit,16577.12,USSD,124679.77
T0005624,A00149,C0123,2026-03-22,Withdrawal,904.7,POS,73010.99
T0003204,A00088,C0073,2025-12-06,Purchase,1004.78,ATM,122089.05
T0013413,A00361,C0289,2025-07-11,Deposit,18056.7,USSD,74720.02
T0013970,A00374,C0298,2025-08-01,Bill Payment,4568.37,Branch,121850.74
T0008205,A00216,C0177,2026-06-24,Transfer In,3128.83,EFT,65537.58
T0004936,A00131,C0108,2025-11-13,Purchase,4419.86,EFT,96186.28
T0010147,A00273,C0222,2025-11-02,Salary Credit,1121.26,App,26715.77
T0007977,A00209,C0172,2026-04-02,Salary Credit,16040.11,Branch,106997.29
T0007980,A00209,C0172,2025-12-25,Salary Credit,4008.88,USSD,122906.04
T0007712,A00201,C0165,2026-01-03,Airtime,3930.26,EFT,81932.11
T0006988,A00185,C0152,2026-04-03,Salary Credit,7759.39,EFT,24281.0
T0001004,A00032,C0029,2025-07-14,Transfer In,12079.82,ATM,20683.1
T0006987,A00185,C0152,2026-01-08,Bill Payment,3444.08,Branch,16521.61
T0008104,A00213,C0174,2025-08-04,Transfer Out,3586.36,EFT,15926.29
T0013743,A00369,C0295,2026-05-14,Deposit,10828.16,Branch,93438.21
T0014036,A00375,C0299,2026-03-26,Airtime,430.32,ATM,59913.97
T0005454,A00145,C0120,2026-03-04,Deposit,22558.91,USSD,96754.32
T0002167,A00060,C0050,2026-03-07,Salary Credit,16614.88,Branch,51674.3
T0011852,A00319,C0255,2025-10-16,Purchase,354.4,App,28269.93
T0001591,A00046,C0039,2025-09-21,Purchase,2404.06,USSD,78691.62
T0005480,A00146,C0121,2026-05-08,Salary Credit,-16765.8,ATM,95235.36
T0013613,A00365,C0292,2026-01-10,Purchase,1584.47,EFT,18014.89
T0010258,A00275,C0224,2025-12-16,Transfer Out,2344.65,POS,53273.1
T0006329,A00169,C0140,2025-09-04,Airtime,1636.74,EFT,52673.89
T0001319,A00040,C0035,2026-01-12,Bill Payment,6471.41,App,64686.65
T0007894,A00207,C0170,2026-05-07,Bill Payment,3598.51,ATM,158025.71
T0007295,A00192,C0157,2025-12-11,Salary Credit,22234.67,USSD,45871.67
T0002031,A00057,C0047,2026-02-23,Purchase,5473.15,POS,65960.68
T0005266,A00140,C0116,2025-08-14,Withdrawal,5651.92,POS,28856.96
T0009747,A00261,C0213,2026-06-07,Transfer Out,6177.54,EFT,39587.3
T0004102,A00113,C0093,2025-09-12,Salary Credit,12197.75,EFT,31664.72
T0008074,A00212,C0173,2026-06-18,Purchase,2437.6,App,42365.39
T0012202,A00329,C0264,2025-12-17,Bill Payment,5522.62,Branch,31267.45
T0006220,A00166,C0138,2025-11-17,Bill Payment,3493.93,Branch,101376.1
T0012314,A00331,C0265,2026-03-09,Bill Payment,5613.76,POS,57022.33
T0003405,A00095,C0080,2026-01-14,Purchase,3482.04,App,72568.33
T0008439,A00223,C0182,2026-02-19,Deposit,23608.66,Branch,20979.96
T0011342,A00305,C0244,2025-10-17,Transfer In,13647.93,Branch,80529.89
T0008145,A00215,C0176,2025-11-16,Transfer In,13553.78,USSD,69100.02
T0013791,A00370,C0296,2025-09-20,Airtime,2063.84,ATM,104667.06
T0009269,A00245,C0200,2026-05-10,Deposit,16173.59,EFT,185338.18
T0010623,A00285,C0230,2025-07-08,Bill Payment,4080.46,POS,65377.38
T0010114,A00272,C0221,2025-12-21,Airtime,7141.46,USSD,4744.46
T0003147,A00086,C0071,2025-07-22,Bill Payment,1116.93,EFT,86656.32
T0000632,A00019,C0017,2026-05-10,Airtime,4333.81,App,70110.56
T0012098,A00326,C0261,2026-04-29,Purchase,1173.81,ATM,89593.78
T0002021,A00057,C0047,2026-05-16,Purchase,5001.64,EFT,84911.56
T0001446,A00042,C0036,2026-02-19,Transfer Out,2441.21,USSD,60513.66
T0006023,A00160,C0133,2026-06-28,Deposit,7129.6,POS,67657.61
T0011370,A00305,C0244,2025-07-08,Withdrawal,268.51,Branch,128102.77
T0012716,A00343,C0275,2025-10-09,Purchase,1856.31,ATM,86832.19
T0011987,A00323,C0258,2026-01-23,Airtime,5510.19,EFT,25253.77
T0009458,A00251,C0204,2026-05-17,Airtime,161.75,POS,52998.73
T0008327,A00220,C0180,2025-11-12,Transfer Out,5878.29,Branch,-22873.64
T0009307,A00247,C0201,2026-06-06,Transfer In,14424.52,USSD,24726.32
T0011768,A00316,C0254,2025-10-18,Deposit,14888.7,EFT,17976.6
T0001555,A00046,C0039,2026-01-10,Transfer In,8767.33,USSD,23808.77
T0009739,A00260,C0212,2026-06-09,Bill Payment,637.65,USSD,185463.99
T0008374,A00221,C0181,2026-02-06,Deposit,5706.11,USSD,110537.48
T0012100,A00326,C0261,2025-07-22,Transfer In,16242.74,App,112237.17
T0003831,A00105,C0087,2025-12-18,Deposit,747.32,POS,44168.37
T0007466,A00196,C0161,2025-08-23,Withdrawal,6505.41,App,193834.01
T0001990,A00056,C0047,2026-03-15,Airtime,6252.41,POS,52426.99
T0006342,A00169,C0140,2026-04-29,Bill Payment,7452.36,EFT,44851.87
T0004162,A00115,C0095,2025-10-13,Transfer In,11644.9,App,36516.85
T0012699,A00343,C0275,2026-03-28,Airtime,3103.2,EFT,49993.53
T0008807,A00232,C0188,2026-05-18,Withdrawal,4672.44,App,36103.68
T0000588,A00018,C0016,2026-05-04,Deposit,6193.36,POS,77175.9
T0004531,A00123,C0102,2026-02-08,Bill Payment,776.17,USSD,70578.33
T0003024,A00084,C0069,2026-01-30,Withdrawal,3923.04,USSD,51513.08
T0013076,A00352,C0282,2025-10-23,Transfer Out,7636.59,ATM,-20484.88
T0008972,A00237,C0192,2025-08-12,Bill Payment,6953.08,ATM,-1004.03
T0007351,A00193,C0158,2025-12-13,Purchase,3912.61,ATM,106851.11
T0010266,A00275,C0224,2026-06-21,Deposit,20929.34,ATM,69435.15
T0006699,A00178,C0147,2025-12-01,Salary Credit,9298.84,App,105083.27
T0004350,A00119,C0098,2026-05-17,Purchase,7310.62,EFT,94501.35
T0007747,A00203,C0166,2026-06-07,Transfer Out,3707.73,USSD,35682.27
T0008288,A00218,C0179,2025-09-23,Bill Payment,6932.28,EFT,54815.84
T0006654,A00177,C0146,2026-04-18,Salary Credit,19947.31,USSD,211334.38
T0010409,A00279,C0226,2025-12-24,Withdrawal,7677.54,USSD,83108.28
T0010392,A00279,C0226,2026-06-27,Bill Payment,7096.86,POS,33050.29
T0008812,A00232,C0188,2026-03-04,Withdrawal,6442.25,ATM,43520.42
T0010898,A00294,C0237,2025-12-05,Withdrawal,5908.96,EFT,129085.64
T0009572,A00256,C0208,2025-08-31,Airtime,2143.19,USSD,7061.29
T0007267,A00191,C0156,2026-03-13,Salary Credit,14412.06,POS,17565.96
T0012563,A00339,C0271,2026-05-10,Transfer Out,6470.37,Branch,435.9
T0009281,A00246,C0200,2025-09-18,Purchase,-2312.2,ATM,9193.08
T0002484,A00068,C0056,2026-04-02,Withdrawal,3393.16,Branch,268066.75
T0006802,A00180,C0149,2025-12-04,Purchase,853.7,App,100550.96
T0013537,A00364,C0291,2025-12-11,Bill Payment,3801.67,Branch,73698.64
T0006362,A00170,C0141,2025-09-10,Purchase,6841.36,ATM,60348.06
T0012034,A00325,C0260,2025-08-17,Salary Credit,17503.04,EFT,18260.2
T0013366,A00359,C0288,2026-03-07,Purchase,4936.42,EFT,170820.45
T0003496,A00097,C0081,2025-08-19,Purchase,5837.13,Branch,84238.14
T0007294,A00192,C0157,2025-08-12,Purchase,2277.29,USSD,23637.0
T0001232,A00037,C0032,2025-10-19,Salary Credit,17448.88,POS,174528.34
T0000932,A00029,C0027,2026-05-20,Airtime,7038.15,EFT,84978.96
T0008106,A00213,C0174,2026-05-07,Purchase,2318.4,USSD,23586.42
T0009067,A00240,C0195,2026-01-20,Airtime,5457.72,EFT,33158.71
T0002872,A00080,C0066,2025-09-28,Transfer In,2798.04,ATM,23477.36
T0007300,A00192,C0157,2025-09-11,Deposit,10007.02,Branch,61203.75
T0004208,A00116,C0096,2025-10-27,Bill Payment,326.75,EFT,79193.81
T0009819,A00262,C0214,2026-04-05,Purchase,5520.92,EFT,57741.07
T0000011,A00001,C0001,2026-05-13,Purchase,6513.63,Branch,34681.16
T0006526,A00174,C0144,2026-05-17,Salary Credit,14618.47,POS,135949.79
T0007070,A00186,C0153,2025-10-22,Salary Credit,22982.07,App,180810.81
T0002108,A00059,C0049,2026-06-24,Airtime,7658.46,EFT,74255.35
T0002669,A00072,C0058,2026-02-16,Transfer Out,2416.25,App,62306.47
T0000012,A00001,C0001,2026-05-11,Withdrawal,5383.44,ATM,29297.72
T0004920,A00131,C0108,2025-07-17,Airtime,209.76,Branch,47986.83
T0000772,A00023,C0021,2025-10-31,Withdrawal,147.12,ATM,108867.14
T0000315,A00010,C0010,2026-02-08,Withdrawal,5980.19,EFT,100916.67
T0001419,A00042,C0036,2026-06-24,Purchase,1525.58,USSD,21933.15
T0008417,A00222,C0181,2025-12-06,Transfer In,19392.09,EFT,177290.69
T0006979,A00184,C0151,2026-03-13,Deposit,-10712.14,Branch,66488.13
T0000880,A00027,C0025,2026-02-21,Deposit,918.21,Branch,127691.58
T0013696,A00368,C0294,2025-07-15,Bill Payment,151.0,POS,32338.37
T0005870,A00156,C0130,2025-09-18,Bill Payment,4189.17,ATM,33262.7
T0000678,A00020,C0018,2025-11-26,Purchase,301.9,USSD,74231.91
T0012324,A00332,C0266,2026-01-03,Airtime,4651.96,App,94008.57
T0000142,A00005,C0005,2025-08-15,Airtime,3584.11,ATM,2839.45
T0001952,A00055,C0046,2025-10-15,Airtime,5603.24,USSD,41373.36
T0003256,A00090,C0075,2026-04-14,Transfer In,10804.42,Branch,115783.51
T0005913,A00157,C0131,2025-12-10,Purchase,7792.63,App,57013.64
T0008370,A00221,C0181,2025-10-11,Transfer Out,7138.43,App,77917.28
T0003439,A00096,C0081,2025-08-17,Transfer Out,2560.32,USSD,104822.94
T0003127,A00086,C0071,2026-01-08,Salary Credit,23319.42,App,93232.15
T0005435,A00145,C0120,2025-12-31,Withdrawal,1057.53,ATM,30557.44
T0009741,A00260,C0212,2025-09-15,Bill Payment,5302.73,Branch,176362.08
T0010342,A00278,C0225,2026-04-19,Transfer Out,-1185.88,ATM,31300.89
T0012388,A00333,C0266,2026-04-10,Deposit,1928.7,POS,92295.76
T0007355,A00193,C0158,2025-08-05,Airtime,2881.42,USSD,111087.86
T0011545,A00311,C0250,2025-07-02,Transfer Out,7935.29,Branch,-10281.24
T0003503,A00097,C0081,2026-03-31,Salary Credit,16253.83,ATM,144802.71
T0010590,A00284,C0230,2025-09-04,Withdrawal,1978.2,USSD,44874.88
T0003119,A00086,C0071,2026-06-04,Deposit,15807.53,Branch,34858.68
T0003627,A00100,C0083,2026-01-22,Transfer Out,7566.94,Branch,-2493.28
T0011210,A00301,C0242,2026-06-05,Airtime,6872.53,EFT,70093.19
T0010063,A00269,C0219,2026-05-02,Salary Credit,,App,109120.4
T0013595,A00365,C0292,2026-03-30,Transfer Out,6873.45,POS,28421.55
T0001470,A00043,C0037,2026-04-05,Withdrawal,189.24,POS,137123.0
T0012052,A00325,C0260,2025-09-24,Purchase,2000.93,ATM,41030.92
T0004882,A00130,C0107,2025-12-10,Withdrawal,1101.92,EFT,209967.13
T0005131,A00136,C0112,2025-11-25,Transfer In,18992.65,POS,97178.86
T0002944,A00082,C0067,2026-04-05,Bill Payment,3591.68,POS,72053.6
T0001892,A00054,C0045,2025-07-07,Purchase,4169.11,ATM,60880.3
T0007943,A00208,C0171,2025-10-21,Bill Payment,881.88,POS,52862.4
T0006648,A00177,C0146,2025-08-23,Airtime,3425.88,USSD,195989.78
T0003883,A00107,C0089,2026-01-24,Bill Payment,3544.1,App,41761.88
T0003194,A00088,C0073,2025-07-31,Deposit,19036.27,App,56481.15
T0013446,A00361,C0289,2026-01-10,Airtime,433.19,App,181086.49
T0001797,A00051,C0043,2026-05-07,Airtime,2693.19,USSD,85740.17
T0013839,A00371,C0296,2026-02-17,Withdrawal,5348.91,App,36984.24
T0010045,A00269,C0219,2025-09-22,Transfer Out,942.37,App,75384.86
T0014086,A00376,C0300,2026-05-25,Withdrawal,4183.8,Branch,154454.01
T0008376,A00221,C0181,2026-03-12,Deposit,9656.94,USSD,137946.54
T0001533,A00045,C0038,2025-09-20,Bill Payment,6833.56,EFT,13842.04
T0008459,A00223,C0182,2026-02-12,Salary Credit,7428.13,ATM,161604.93
T0012808,A00346,C0278,2025-12-06,Airtime,3647.48,Branch,18570.28
T0009371,A00249,C0202,2025-10-29,Bill Payment,331.03,POS,45150.86
T0010021,A00268,C0219,2025-09-28,Withdrawal,757.46,App,16298.07
T0003403,A00095,C0080,2025-10-24,Bill Payment,2763.44,POS,79690.22
T0011201,A00301,C0242,2025-09-14,Bill Payment,2615.43,App,25894.47
T0001256,A00038,C0033,2025-11-25,Deposit,5802.35,Branch,146191.53
T0005158,A00137,C0113,2025-11-01,Transfer Out,5784.36,POS,35581.29
T0008296,A00219,C0180,2026-04-25,Transfer In,9313.79,USSD,47877.91
T0004653,A00125,C0104,2025-09-18,Transfer In,9012.1,POS,59831.5
T0002143,A00060,C0050,2026-01-31,Purchase,1413.61,ATM,7833.49
T0007764,A00203,C0166,2025-07-23,Withdrawal,-205.47,USSD,104598.38
T0005700,A00151,C0125,2025-08-03,Bill Payment,6783.98,App,208005.22
T0001627,A00047,C0040,2025-12-16,Bill Payment,2173.9,ATM,63428.0
T0003618,A00100,C0083,2025-09-16,Withdrawal,7599.06,App,-10612.34
T0007709,A00201,C0165,2025-10-24,Deposit,11846.92,Branch,83305.17
T0001977,A00056,C0047,2026-05-02,Bill Payment,4282.24,USSD,83182.16
T0000434,A00013,C0013,2026-05-07,Transfer In,14463.66,POS,63646.0
T0004361,A00119,C0098,2025-07-08,Deposit,6203.25,POS,179109.52
T0003287,A00091,C0076,2026-01-08,Deposit,12088.61,Branch,96513.7
T0002814,A00078,C0064,2026-03-25,Transfer Out,3272.98,ATM,66223.1
T0000795,A00024,C0022,2025-12-15,Salary Credit,14874.6,POS,145492.17
T0008991,A00238,C0193,2026-01-30,Airtime,643.08,POS,40238.34
T0012742,A00344,C0276,2025-09-09,Deposit,23202.28,Branch,80562.21
T0007657,A00200,C0164,2025-07-03,Airtime,1889.81,Branch,176218.53
T0010585,A00284,C0230,2025-11-20,Salary Credit,8119.82,POS,33512.11
T0012653,A00342,C0274,2025-07-09,Transfer Out,4586.11,POS,80469.64
T0003045,A00084,C0069,2025-07-30,Transfer In,22800.2,EFT,98649.51
T0008406,A00222,C0181,2025-10-06,Bill Payment,2393.89,Branch,85178.44
T0004419,A00120,C0099,2025-12-18,Transfer Out,4891.98,EFT,34355.36
T0004077,A00112,C0093,2026-01-12,Transfer In,24044.9,ATM,79483.41
T0005351,A00143,C0118,2025-10-25,Airtime,6197.95,Branch,13269.07
T0009636,A00257,C0209,2026-01-07,Withdrawal,7332.54,USSD,6476.05
T0005945,A00158,C0131,2026-06-02,Bill Payment,2695.6,App,12181.81
T0010216,A00274,C0223,2026-03-01,Withdrawal,2225.04,ATM,66955.64
T0012296,A00331,C0265,2025-09-07,Withdrawal,3148.72,POS,24234.54
T0012480,A00337,C0269,2026-02-17,Deposit,17370.22,EFT,91684.08
T0001961,A00056,C0047,2026-06-21,Bill Payment,5853.02,ATM,31187.17
T0011530,A00310,C0249,2026-04-11,Withdrawal,2935.42,App,58767.76
T0004114,A00113,C0093,2026-03-02,Bill Payment,7156.48,EFT,90278.39
T0003552,A00098,C0082,2025-11-13,Bill Payment,1679.14,Branch,165466.75
T0005803,A00154,C0128,2025-11-10,Transfer In,8587.98,POS,55048.9
T0006998,A00185,C0152,2026-04-07,Transfer In,14460.58,EFT,46069.62
T0013945,A00373,C0298,2026-03-19,Airtime,4962.72,USSD,119600.33
T0003091,A00085,C0070,2025-09-28,Withdrawal,-5638.44,POS,111968.91
T0014112,A00377,C0300,2026-03-01,Bill Payment,2917.38,EFT,26921.41
T0010999,A00296,C0238,2026-05-29,Deposit,12634.04,Branch,144396.45
T0010410,A00279,C0226,2026-02-08,Withdrawal,7290.18,ATM,75818.1
T0003588,A00099,C0083,2026-06-08,Withdrawal,3646.23,EFT,46429.91
T0001561,A00046,C0039,2026-01-12,Transfer Out,6763.83,EFT,12581.23
T0006247,A00167,C0138,2025-12-08,Airtime,5998.68,App,27124.63
T0010648,A00286,C0231,2026-05-31,Withdrawal,2549.39,Branch,16442.39
T0003559,A00098,C0082,2025-12-02,Transfer In,21052.66,ATM,177507.1
T0013800,A00370,C0296,2026-05-16,Withdrawal,4547.03,ATM,162941.85
T0008241,A00217,C0178,2026-06-08,Salary Credit,9820.37,USSD,133475.36
T0005122,A00136,C0112,2025-12-13,Deposit,16178.25,EFT,44785.95
T0014087,A00376,C0300,2026-01-30,Purchase,1915.65,POS,152538.36
T0012441,A00336,C0268,2026-02-23,Salary Credit,18213.74,Branch,26607.62
T0000447,A00013,C0013,2025-09-03,Purchase,4223.4,App,80615.92
T0012849,A00347,C0279,2026-06-18,Purchase,3831.11,POS,126865.73
T0013976,A00374,C0298,2026-02-05,Salary Credit,6129.13,Branch,123981.18
T0001658,A00048,C0041,2025-08-09,Purchase,5440.04,POS,58003.93
T0000381,A00012,C0012,2026-05-30,Transfer Out,2105.2,POS,90598.07
T0008996,A00238,C0193,2025-11-16,Purchase,4385.46,Branch,44546.15
T0013409,A00361,C0289,2025-08-22,Deposit,7197.99,App,35689.83
T0003054,A00085,C0070,2025-10-18,Deposit,7410.94,EFT,23522.8
T0004514,A00122,C0101,2025-08-02,Salary Credit,7670.73,Branch,145845.44
T0011839,A00318,C0255,2025-07-26,Salary Credit,17676.97,App,72572.39
T0000175,A00006,C0006,2026-03-06,Salary Credit,1032.9,ATM,51431.47
T0008431,A00223,C0182,2026-03-16,Withdrawal,7004.44,POS,12566.27
T0008216,A00216,C0177,2025-12-06,Bill Payment,2731.26,POS,55568.01
T0008679,A00229,C0186,2026-04-30,Transfer In,15169.8,App,32287.9
T0012184,A00329,C0264,2025-12-07,Withdrawal,1425.79,EFT,27383.05
T0013870,A00372,C0297,2025-09-12,Transfer Out,2681.72,USSD,21626.1
T0007156,A00189,C0155,2026-03-24,Deposit,21540.08,USSD,59527.34
T0005303,A00141,C0117,2026-03-22,Airtime,5310.45,EFT,37545.14
T0010986,A00296,C0238,2025-08-19,Deposit,18972.36,ATM,130398.85
T0012767,A00345,C0277,2025-08-04,Bill Payment,2669.36,ATM,21801.97
T0013174,A00355,C0284,2026-02-21,Transfer In,4999.96,POS,92560.49
T0013342,A00359,C0288,2025-11-12,Bill Payment,572.57,POS,34726.49
T0013809,A00371,C0296,2025-09-08,Salary Credit,-15132.3,App,32103.33
T0009815,A00262,C0214,2025-08-09,Withdrawal,7152.72,ATM,63125.08
T0012246,A00330,C0264,2025-11-23,Salary Credit,5232.95,POS,88571.11
T0010909,A00294,C0237,2026-04-08,Transfer In,10455.73,USSD,154159.3
T0003610,A00100,C0083,2025-10-20,Deposit,3875.71,USSD,5756.43
T0012187,A00329,C0264,2026-04-25,Salary Credit,11262.53,Branch,29053.16
T0002211,A00061,C0050,2025-08-16,Bill Payment,2517.14,ATM,72342.77
T0009352,A00248,C0202,2025-07-21,Transfer Out,5486.76,App,78933.97
T0002594,A00071,C0057,2025-09-11,Deposit,22522.54,Branch,71220.97
T0012016,A00324,C0259,2025-11-28,Salary Credit,15454.14,USSD,48688.45
T0011247,A00301,C0242,2025-09-13,Withdrawal,3379.61,POS,127406.0
T0008941,A00235,C0190,2025-10-25,Airtime,3322.96,POS,153810.33
T0010837,A00292,C0235,2025-08-11,Bill Payment,3546.39,USSD,84569.39
T0003695,A00102,C0084,2025-07-10,Withdrawal,4255.94,USSD,58865.82
T0004765,A00128,C0106,2026-06-09,Purchase,6792.64,POS,35734.44
T0010487,A00281,C0228,2025-10-24,Salary Credit,3883.92,POS,38674.44
T0000590,A00018,C0016,2025-12-26,Deposit,-3719.82,POS,82213.8
T0007044,A00186,C0153,2026-05-05,Transfer In,24636.74,POS,45149.96
T0005190,A00137,C0113,2026-04-02,Airtime,5108.81,EFT,39724.26
T0012269,A00331,C0265,2026-03-18,Bill Payment,4281.06,POS,-14869.87
T0010868,A00293,C0236,2026-02-24,Salary Credit,22922.68,EFT,53300.73
T0009085,A00240,C0195,2026-05-26,Withdrawal,4975.46,USSD,192298.03
T0007713,A00201,C0165,2025-08-30,Deposit,17226.95,ATM,99159.06
T0009529,A00254,C0206,2026-03-23,Airtime,3692.83,EFT,19640.55
T0001021,A00032,C0029,2025-10-15,Transfer Out,5531.77,EFT,79141.9
T0005118,A00136,C0112,2025-08-09,Bill Payment,7550.59,EFT,28147.16
T0005320,A00142,C0117,2025-09-16,Transfer In,21531.52,Branch,21286.33
T0012220,A00329,C0264,2026-04-12,Transfer In,5641.72,USSD,58479.11
T0004444,A00121,C0100,2026-04-30,Withdrawal,7910.89,POS,117196.72
T0006856,A00182,C0150,2025-11-16,Transfer In,18248.05,EFT,59909.43
T0010910,A00294,C0237,2025-11-12,Transfer In,9022.36,App,163181.66
T0008190,A00216,C0177,2025-07-07,Deposit,22247.55,Branch,13849.78
T0009006,A00238,C0193,2026-04-06,Transfer In,20874.1,POS,87451.6
T0006393,A00171,C0141,2025-11-11,Deposit,2267.07,POS,69021.61
T0002044,A00058,C0048,2026-04-02,Withdrawal,5732.04,POS,28246.11
T0004974,A00132,C0109,2026-02-12,Transfer In,17017.0,EFT,176955.21
T0011822,A00318,C0255,2026-01-18,Transfer In,11290.55,USSD,23083.4
T0008546,A00226,C0184,2025-10-07,Transfer In,1859.86,POS,59305.38
T0002302,A00064,C0053,2025-09-25,Airtime,2975.57,App,19485.0
T0007426,A00195,C0160,2026-01-19,Salary Credit,10772.4,ATM,144573.03
T0007255,A00191,C0156,2026-05-24,Purchase,920.3,POS,12488.57
T0006417,A00171,C0141,2025-11-10,Transfer Out,7780.13,Branch,64126.8
T0012012,A00324,C0259,2026-03-27,Salary Credit,11000.85,USSD,25402.73
T0000187,A00007,C0007,2026-05-22,Withdrawal,5455.77,EFT,14665.02
T0005083,A00135,C0112,2025-12-06,Salary Credit,8853.67,POS,17405.11
T0007469,A00196,C0161,2026-04-13,Purchase,6110.65,App,203719.18
T0004299,A00118,C0097,2026-01-06,Salary Credit,17433.23,App,34794.43
T0003137,A00086,C0071,2026-04-09,Transfer In,4508.03,USSD,80718.19
T0007037,A00186,C0153,2026-06-13,Airtime,6851.37,ATM,28103.77
T0011978,A00323,C0258,2026-03-20,Purchase,6144.81,Branch,2516.42
T0010287,A00276,C0224,2026-01-15,Transfer In,13325.95,POS,1443.9
T0001931,A00054,C0045,2025-08-31,Deposit,11140.11,Branch,140164.27
T0000457,A00014,C0014,2026-01-08,Transfer In,10352.22,EFT,62302.64
T0006093,A00163,C0135,2026-03-25,Bill Payment,6402.9,Branch,-5649.19
T0005423,A00144,C0119,2025-11-26,Airtime,3358.25,POS,157981.25
T0001083,A00034,C0030,2025-08-31,Purchase,7699.77,ATM,104277.79
T0004853,A00130,C0107,2025-10-20,Bill Payment,4794.22,ATM,58123.51
T0013088,A00352,C0282,2025-11-21,Airtime,2934.78,App,-34221.13
T0012142,A00328,C0263,2025-08-18,Transfer Out,5081.61,App,47572.46
T0002304,A00064,C0053,2026-01-15,Withdrawal,6858.88,App,12873.07
T0000071,A00003,C0003,2025-07-30,Transfer In,2246.7,EFT,55701.18
T0007422,A00195,C0160,2026-03-29,Salary Credit,13419.21,EFT,84251.57
T0007857,A00206,C0169,2025-12-11,Purchase,2724.8,EFT,42896.66
T0000221,A00008,C0008,2026-06-12,Deposit,15704.5,USSD,68910.52
T0007413,A00195,C0160,2025-11-09,Airtime,3674.99,EFT,67076.63
T0000028,A00001,C0001,2025-09-23,Purchase,6283.1,App,109069.53
T0005511,A00146,C0121,2025-11-14,Purchase,7348.88,ATM,212676.0
T0003514,A00098,C0082,2025-12-06,Withdrawal,3369.92,Branch,51803.45
T0006756,A00179,C0148,2025-10-21,Withdrawal,6443.4,POS,77178.25
T0005702,A00152,C0126,2026-04-19,Transfer In,16498.87,ATM,64184.81
T0011189,A00300,C0241,2025-10-03,Airtime,5391.81,POS,90891.0
T0005061,A00135,C0112,2025-11-10,Withdrawal,6602.02,POS,9756.01
T0000674,A00020,C0018,2025-08-15,Transfer In,11864.04,USSD,70876.65
T0010359,A00278,C0225,2025-12-07,Deposit,-24312.2,ATM,107659.85
T0012391,A00334,C0267,2026-02-05,Airtime,3590.48,USSD,22398.56
T0008232,A00217,C0178,2026-06-09,Bill Payment,3889.8,Branch,95734.01
T0013580,A00364,C0291,2025-08-11,Withdrawal,7761.89,POS,138275.33
T0010808,A00291,C0234,2025-10-04,Bill Payment,1475.72,Branch,67444.78
T0006061,A00162,C0134,2025-10-19,Deposit,19997.13,POS,80438.29
T0006799,A00180,C0149,2026-05-07,Salary Credit,21560.79,ATM,102636.83
T0006555,A00175,C0145,2025-11-02,Purchase,2144.99,ATM,72617.77
T0004076,A00112,C0093,2025-12-02,Salary Credit,12366.69,USSD,55438.51
T0004281,A00118,C0097,2026-06-13,Deposit,11953.61,Branch,33620.18
T0000509,A00015,C0014,2025-07-01,Deposit,24575.62,POS,131788.78
T0004050,A00111,C0092,2025-11-23,Transfer In,15632.16,ATM,49251.13
T0014017,A00375,C0299,2026-04-16,Deposit,5571.31,EFT,42469.41
T0012625,A00342,C0274,2025-09-02,Salary Credit,4404.87,EFT,38636.94
T0004739,A00127,C0105,2025-10-16,Purchase,349.13,Branch,38319.41
T0001622,A00047,C0040,2026-05-25,Withdrawal,6747.74,App,43180.75
T0012028,A00324,C0259,2026-02-26,Deposit,24633.91,USSD,72710.6
T0002703,A00074,C0060,2025-08-08,Salary Credit,7778.79,App,42855.81
T0010371,A00278,C0225,2026-06-17,Deposit,16594.69,Branch,155705.85
T0013272,A00357,C0286,2025-10-28,Airtime,4889.28,ATM,161550.9
T0004449,A00121,C0100,2026-03-16,Transfer Out,4412.94,ATM,143671.47
T0009990,A00267,C0218,2026-03-26,Purchase,3988.7,App,41334.36
T0006628,A00177,C0146,2026-05-30,Withdrawal,3915.25,EFT,64297.31
T0006195,A00166,C0138,2026-02-27,Withdrawal,6969.24,POS,77739.23
T0000477,A00014,C0014,2026-04-26,Withdrawal,3178.55,App,147208.48
T0009216,A00244,C0199,2025-10-08,Bill Payment,431.78,POS,39595.48
T0008828,A00232,C0188,2026-02-20,Transfer In,19126.11,ATM,36789.25
T0009373,A00249,C0202,2025-08-20,Transfer Out,-6185.29,POS,58540.85
T0013988,A00374,C0298,2025-08-11,Transfer Out,2133.11,POS,148311.35
T0004909,A00131,C0108,2025-10-21,Transfer Out,2655.84,EFT,41246.31
T0001705,A00049,C0042,2026-01-24,Salary Credit,24569.14,POS,99122.27
T0002110,A00059,C0049,2025-12-18,Transfer In,16973.95,Branch,88645.59
T0001035,A00033,C0030,2026-02-10,Bill Payment,,EFT,25851.88
T0008882,A00234,C0190,2025-07-16,Transfer Out,1726.69,USSD,71857.98
T0010408,A00279,C0226,2026-04-09,Bill Payment,4185.59,ATM,90785.82
T0005776,A00153,C0127,2026-04-15,Bill Payment,3554.78,POS,71478.83
T0012681,A00343,C0275,2025-10-03,Transfer Out,1599.03,EFT,34715.02
T0012027,A00324,C0259,2026-04-05,Purchase,55.68,USSD,48076.69
T0012082,A00326,C0261,2026-06-21,Transfer In,23474.25,EFT,106206.22
T0007642,A00200,C0164,2025-12-14,Deposit,10319.83,Branch,138017.36
T0006371,A00170,C0141,2025-11-07,Transfer Out,1660.56,USSD,89206.72
T0003688,A00102,C0084,2025-09-15,Salary Credit,19728.74,App,24224.19
T0011698,A00314,C0252,2026-01-16,Deposit,9419.65,App,34342.08
T0003328,A00092,C0077,2025-07-17,Salary Credit,7134.74,EFT,86411.02
T0005639,A00150,C0124,2026-02-04,Salary Credit,8829.76,USSD,65535.7
T0007862,A00206,C0169,2026-04-02,Transfer In,3258.14,POS,58130.35
T0008297,A00219,C0180,2025-08-10,Deposit,22068.26,POS,69946.17
T0009271,A00246,C0200,2025-09-22,Transfer In,4314.08,Branch,25022.91
T0005376,A00143,C0118,2026-05-06,Airtime,40.62,EFT,-21203.07
T0006810,A00180,C0149,2026-03-09,Bill Payment,3819.45,Branch,129443.06
T0011737,A00315,C0253,2025-12-20,Deposit,4687.67,EFT,75804.16
T0012554,A00339,C0271,2026-05-12,Bill Payment,5551.94,POS,-949.52
T0000560,A00018,C0016,2025-07-14,Transfer Out,4852.72,POS,25462.76
T0001535,A00045,C0038,2026-02-24,Withdrawal,704.86,EFT,10332.66
T0013248,A00357,C0286,2025-10-10,Transfer In,17286.06,Branch,88838.89
T0004104,A00113,C0093,2025-07-29,Salary Credit,24392.85,EFT,55152.61
T0013302,A00358,C0287,2025-09-27,Transfer In,11824.41,ATM,86933.73
T0011397,A00306,C0245,2026-01-05,Airtime,7924.77,App,38899.75
T0013871,A00372,C0297,2025-12-29,Bill Payment,71.08,App,21555.02
T0004595,A00124,C0103,2025-11-12,Withdrawal,7947.94,USSD,149610.56
T0006771,A00180,C0149,2026-04-09,Transfer Out,5923.99,ATM,33223.45
T0003784,A00104,C0086,2026-04-05,Bill Payment,7974.21,EFT,33284.65
T0006723,A00179,C0148,2026-05-08,Transfer Out,4040.14,Branch,-28306.43
T0006340,A00169,C0140,2025-11-12,Transfer In,194.44,App,54537.59
T0005394,A00144,C0119,2026-04-08,Salary Credit,9234.28,App,24720.75
T0008610,A00227,C0185,2026-05-25,Withdrawal,5132.89,EFT,123492.13
T0002162,A00060,C0050,2025-09-12,Deposit,20900.94,EFT,29282.1
T0009936,A00265,C0217,2026-05-03,Airtime,-6762.94,USSD,65596.21
T0006060,A00162,C0134,2025-07-25,Bill Payment,1599.25,Branch,60441.16
T0013548,A00364,C0291,2025-09-11,Transfer Out,893.3,POS,77406.95
T0012153,A00328,C0263,2025-07-18,Transfer Out,4192.91,POS,110178.28
T0009825,A00263,C0215,2026-05-02,Transfer In,2758.78,ATM,10090.91
T0012672,A00342,C0274,2026-01-20,Withdrawal,7013.79,USSD,155394.17
T0002441,A00068,C0056,2026-03-09,Salary Credit,14064.66,USSD,148055.4
T0010769,A00290,C0234,2026-04-11,Transfer Out,6969.16,USSD,2422.4
T0006835,A00181,C0149,2025-09-27,Transfer Out,3232.21,Branch,85036.16
T0002437,A00068,C0056,2026-02-23,Deposit,16230.97,Branch,89027.02
T0005977,A00159,C0132,2025-09-03,Salary Credit,5593.6,ATM,55093.76
T0006083,A00163,C0135,2026-01-09,Withdrawal,732.82,EFT,19226.87
T0007008,A00185,C0152,2025-09-11,Purchase,59.48,USSD,68019.39
T0007252,A00190,C0156,2025-08-11,Bill Payment,371.92,App,108755.17
T0008880,A00234,C0190,2026-02-10,Bill Payment,1682.42,Branch,52717.19
T0009106,A00241,C0196,2025-09-10,Salary Credit,11971.74,App,39445.62
T0007614,A00199,C0163,2026-06-10,Withdrawal,5003.67,USSD,215083.35
T0009430,A00250,C0203,2026-01-19,Transfer Out,2513.19,App,266495.97
T0001230,A00037,C0032,2025-08-09,Deposit,16966.84,Branch,139190.59
T0006856,A00182,C0150,2025-11-16,Transfer In,18248.05,EFT,59909.43
T0012096,A00326,C0261,2025-08-22,Airtime,7427.87,POS,91836.9
T0006834,A00181,C0149,2025-12-06,Salary Credit,19019.38,App,88268.37
T0005138,A00136,C0112,2025-10-19,Bill Payment,2633.83,ATM,76632.91
T0006310,A00169,C0140,2026-01-02,Deposit,8553.03,USSD,12350.59
T0009516,A00253,C0205,2025-11-08,Purchase,3911.37,EFT,99000.15
T0003635,A00100,C0083,2025-11-20,Withdrawal,5220.47,ATM,-4942.62
T0004918,A00131,C0108,2026-01-26,Transfer In,16456.49,Branch,56171.19
T0000866,A00027,C0025,2026-04-29,Withdrawal,5936.63,ATM,45846.06
T0000438,A00013,C0013,2026-05-20,Bill Payment,6794.23,ATM,45805.22
T0005484,A00146,C0121,2026-05-28,Transfer In,18873.38,POS,129560.66
T0002851,A00079,C0065,2025-07-24,Withdrawal,949.77,App,44777.62
T0007908,A00207,C0170,2026-05-24,Salary Credit,12086.63,Branch,241505.72
T0001992,A00056,C0047,2026-01-13,Withdrawal,1220.09,USSD,44918.65
T0002406,A00067,C0055,2025-07-06,Transfer Out,2102.68,App,129937.39
T0004179,A00115,C0095,2025-08-28,Salary Credit,1454.54,ATM,63282.04
T0002313,A00064,C0053,2025-12-28,Transfer In,23552.84,EFT,92478.91
T0008245,A00217,C0178,2026-02-16,Purchase,3773.96,ATM,145954.47
T0003314,A00092,C0077,2026-04-16,Purchase,,App,114340.7
T0002630,A00072,C0058,2025-09-23,Airtime,1290.35,EFT,40271.46
T0000740,A00023,C0021,2026-01-09,Purchase,144.73,App,42294.82
T0002331,A00065,C0054,2025-09-20,Purchase,1322.79,POS,-1311.59
T0000341,A00011,C0011,2025-09-10,Transfer In,6654.54,App,38399.65
T0010974,A00296,C0238,2025-10-02,Salary Credit,23708.93,EFT,84004.05
T0012176,A00329,C0264,2025-09-13,Bill Payment,2534.51,App,-15910.08
T0012532,A00338,C0270,2025-09-27,Transfer In,3788.78,App,3013.46
T0004262,A00117,C0097,2025-07-10,Transfer In,15144.75,POS,82504.06
T0012067,A00325,C0260,2025-08-06,Deposit,6520.56,EFT,68784.03
T0001886,A00053,C0045,2026-03-25,Transfer In,1567.43,EFT,102005.47
T0000250,A00009,C0009,2026-06-13,Salary Credit,4613.39,Branch,5850.05
T0006130,A00164,C0136,2025-08-11,Withdrawal,7994.88,ATM,79734.82
T0007014,A00185,C0152,2025-11-09,Transfer In,1484.68,USSD,86163.29
T0007740,A00202,C0165,2025-09-05,Purchase,2124.15,EFT,127067.7
T0010695,A00287,C0231,2025-12-19,Deposit,2765.58,EFT,77653.38
T0002805,A00078,C0064,2026-05-17,Salary Credit,1420.61,EFT,50809.67
T0010971,A00296,C0238,2026-05-11,Withdrawal,6156.36,ATM,44217.71
T0005570,A00148,C0122,2026-02-15,Purchase,5065.54,Branch,86579.4
T0012452,A00336,C0268,2026-02-04,Transfer Out,5209.64,Branch,51101.42
T0006359,A00170,C0141,2026-02-21,Salary Credit,18104.12,App,61389.12
T0007697,A00201,C0165,2025-11-10,Purchase,4055.65,USSD,72369.33
T0002274,A00063,C0052,2026-03-18,Purchase,4079.79,App,97641.1
T0013475,A00362,C0289,2026-04-26,Purchase,4209.8,ATM,84275.02
T0006476,A00173,C0143,2025-10-01,Salary Credit,5291.16,App,59520.14
T0012398,A00334,C0267,2026-03-28,Transfer Out,4705.77,App,22838.63
T0008470,A00223,C0182,2026-02-02,Bill Payment,1509.99,EFT,147556.18
T0005373,A00143,C0118,2025-11-27,Salary Credit,22707.65,POS,-35273.92
T0007018,A00185,C0152,2025-12-23,Salary Credit,8062.59,Branch,91093.25
T0013898,A00372,C0297,2026-05-09,Bill Payment,2897.37,POS,122963.3
T0008719,A00230,C0187,2025-07-19,Transfer Out,2928.4,POS,72589.03
T0010312,A00277,C0225,2025-08-24,Purchase,7156.42,POS,38730.1
T0007052,A00186,C0153,2026-03-21,Deposit,21388.72,POS,106415.05
T0005981,A00159,C0132,2026-03-24,Transfer In,24529.49,EFT,64028.93
T0013008,A00350,C0281,2025-09-30,Purchase,7486.53,Branch,103104.61
T0005078,A00135,C0112,2025-11-16,Purchase,5361.83,ATM,3958.57
T0010125,A00272,C0221,2025-10-22,Purchase,6431.61,App,30501.65
T0004839,A00129,C0106,2025-11-23,Bill Payment,3786.51,Branch,168984.88
T0013673,A00366,C0293,2025-07-29,Purchase,5110.88,EFT,114553.94
T0002780,A00077,C0063,2025-09-08,Deposit,12997.07,ATM,86441.22
T0001676,A00048,C0041,2025-09-14,Salary Credit,17054.98,Branch,61488.39
T0011946,A00322,C0257,2025-07-31,Airtime,1721.93,USSD,37543.37
T0000599,A00018,C0016,2025-11-25,Bill Payment,4878.58,POS,60715.59
T0005600,A00149,C0123,2026-05-07,Bill Payment,1270.96,EFT,106435.41
T0005990,A00159,C0132,2026-06-03,Bill Payment,7131.52,POS,70865.05
T0005804,A00154,C0128,2025-10-16,Airtime,7639.34,POS,47409.56
T0012822,A00347,C0279,2026-01-22,Airtime,7189.17,ATM,1920.5
T0001188,A00037,C0032,2025-11-18,Transfer In,17670.5,USSD,79797.9
T0000863,A00027,C0025,2025-08-05,Salary Credit,23483.14,App,35918.87
T0012139,A00328,C0263,2026-03-31,Withdrawal,7043.2,ATM,12147.63
T0004423,A00120,C0099,2025-08-04,Bill Payment,5907.76,USSD,31387.93
T0013543,A00364,C0291,2025-12-17,Bill Payment,820.41,Branch,78048.14
T0009145,A00242,C0197,2025-12-18,Transfer In,11456.01,EFT,11144.23
T0011485,A00309,C0248,2026-05-15,Purchase,7259.44,USSD,69557.73
T0004621,A00124,C0103,2026-04-11,Withdrawal,2328.84,POS,170241.0
T0005179,A00137,C0113,2025-11-02,Transfer In,13838.91,Branch,14579.68
T0012579,A00340,C0272,2026-02-02,Purchase,7236.54,ATM,-3008.17
T0004254,A00117,C0097,2025-09-24,Airtime,646.09,ATM,56384.59
T0008014,A00210,C0172,2026-02-15,Purchase,523.63,ATM,43491.38
T0013278,A00357,C0286,2025-09-16,Withdrawal,5033.96,ATM,139209.68
T0013686,A00367,C0293,2025-10-28,Transfer Out,125.36,USSD,17761.07
T0000467,A00014,C0014,2026-01-07,Salary Credit,-17453.68,App,110748.72
T0006837,A00181,C0149,2025-08-18,Deposit,23818.85,POS,122336.64
T0012289,A00331,C0265,2026-06-21,Transfer Out,3184.28,POS,5986.2
T0009860,A00263,C0215,2025-08-01,Salary Credit,17626.56,Branch,55076.45
T0010902,A00294,C0237,2025-10-01,Purchase,6388.92,App,112647.13
T0000269,A00010,C0010,2026-04-07,Airtime,5622.73,ATM,24790.16
T0013799,A00370,C0296,2025-09-01,Salary Credit,20688.44,Branch,167488.88
T0000576,A00018,C0016,2026-04-06,Purchase,3156.67,App,44419.67
T0008634,A00228,C0185,2026-05-27,Withdrawal,4887.97,Branch,-24520.63
T0006907,A00183,C0151,2026-06-29,Deposit,19184.49,App,41247.42
T0008783,A00232,C0188,2025-11-04,Purchase,7511.87,USSD,-4789.56
T0000415,A00013,C0013,2025-07-22,Salary Credit,9342.79,POS,62314.57
T0004056,A00111,C0092,2026-05-11,Purchase,7612.0,ATM,37513.7
T0012211,A00329,C0264,2025-08-13,Airtime,7955.8,ATM,86649.78
T0001111,A00034,C0030,2026-06-10,Purchase,3317.04,USSD,169686.05
T0001564,A00046,C0039,2025-08-23,Salary Credit,18773.6,POS,24996.82
T0009879,A00264,C0216,2025-09-29,Deposit,17736.51,Branch,110347.62
T0003440,A00096,C0081,2025-11-21,Purchase,3474.91,EFT,101348.03
T0011939,A00322,C0257,2025-10-31,Salary Credit,22672.52,Branch,52039.05
T0003888,A00107,C0089,2026-03-29,Airtime,4016.36,Branch,35272.5
T0005098,A00135,C0112,2026-01-06,Withdrawal,7513.79,EFT,36572.01
T0006138,A00164,C0136,2025-07-16,Purchase,6044.51,POS,96206.72
T0010608,A00284,C0230,2026-01-26,Transfer In,15734.94,USSD,100189.16
T0006967,A00184,C0151,2026-06-08,Purchase,3767.59,Branch,18276.79
T0004122,A00114,C0094,2025-12-24,Bill Payment,6251.62,POS,6326.11
T0012629,A00342,C0274,2025-11-25,Airtime,3814.73,App,51597.66
T0013285,A00357,C0286,2025-12-28,Transfer In,22721.57,USSD,147628.31
T0006216,A00166,C0138,2026-01-02,Transfer Out,749.1,App,100973.24
T0013146,A00354,C0283,2026-05-27,Salary Credit,12869.5,POS,86756.43
T0001485,A00044,C0037,2026-05-05,Airtime,1123.01,ATM,-1750.25
T0007979,A00209,C0172,2026-05-09,Transfer In,19705.4,EFT,118897.16
T0009882,A00264,C0216,2026-03-03,Transfer Out,2520.2,Branch,115005.54
T0003845,A00106,C0088,2026-02-01,Airtime,2540.13,ATM,1331.42
T0003187,A00087,C0072,2026-01-20,Airtime,4837.13,App,232.23
T0009998,A00267,C0218,2025-08-27,Withdrawal,5046.45,USSD,50676.33
T0008351,A00220,C0180,2025-11-21,Deposit,22393.15,App,102129.31
T0008096,A00212,C0173,2025-07-18,Withdrawal,5325.53,Branch,63105.76
T0003418,A00096,C0081,2025-11-14,Airtime,6911.27,EFT,40358.27
T0002018,A00057,C0047,2026-06-04,Withdrawal,5058.44,Branch,74810.69
T0000758,A00023,C0021,2026-03-06,Deposit,22273.17,POS,73039.86
T0005731,A00153,C0127,2026-04-13,Purchase,4099.99,ATM,34573.14
T0000984,A00031,C0029,2025-12-06,Purchase,2885.17,Branch,109867.67
T0014127,A00377,C0300,2025-12-10,Withdrawal,5433.24,Branch,31693.02
T0000799,A00025,C0023,2025-09-21,Transfer Out,1474.6,USSD,57455.13
T0007364,A00193,C0158,2026-04-30,Purchase,670.56,USSD,108738.78
T0011166,A00300,C0241,2026-03-09,Withdrawal,1708.4,EFT,21903.04
T0006739,A00179,C0148,2025-07-07,Purchase,1197.46,USSD,-54008.13
T0006992,A00185,C0152,2025-10-21,Purchase,998.93,App,19955.78
T0010617,A00285,C0230,2026-04-15,Transfer In,2255.2,Branch,44065.52
T0012062,A00325,C0260,2026-06-05,Transfer In,17820.04,USSD,48993.07
T0007477,A00196,C0161,2025-12-06,Airtime,1846.46,ATM,230279.11
T0012451,A00336,C0268,2026-03-20,Transfer Out,4476.04,App,56311.06
T0008130,A00214,C0175,2025-09-04,Purchase,698.84,App,67336.82
T0003947,A00108,C0090,2026-03-28,Salary Credit,,ATM,27789.11
T0001429,A00042,C0036,2025-12-19,Transfer Out,910.0,USSD,38743.65
T0013899,A00372,C0297,2026-01-12,Withdrawal,2404.51,USSD,120558.79
T0003189,A00087,C0072,2025-09-16,Transfer Out,1464.73,EFT,-2531.41
T0001887,A00053,C0045,2025-12-07,Airtime,6677.9,USSD,95327.57
T0006283,A00168,C0139,2025-07-22,Withdrawal,5540.5,App,38546.37
T0003191,A00087,C0072,2025-09-07,Airtime,4913.92,App,9934.02
T0001812,A00052,C0044,2026-06-11,Purchase,4852.25,Branch,6469.08
T0009268,A00245,C0200,2026-06-13,Bill Payment,2789.14,POS,169164.59
T0000403,A00012,C0012,2026-04-02,Transfer Out,5559.65,POS,138855.19
T0010239,A00275,C0224,2025-12-07,Airtime,4256.06,App,20468.12
T0011831,A00318,C0255,2026-04-19,Purchase,7231.73,POS,16161.22
T0002386,A00067,C0055,2025-07-31,Airtime,7692.29,Branch,9283.18
T0013824,A00371,C0296,2025-07-12,Transfer Out,4464.46,USSD,55783.72
T0006443,A00172,C0142,2025-07-12,Bill Payment,715.82,Branch,20024.97
T0004393,A00119,C0098,2025-12-28,Withdrawal,7929.76,EFT,226883.14
T0005005,A00133,C0110,2025-12-24,Airtime,3128.09,ATM,66808.37
T0014012,A00375,C0299,2026-04-07,Transfer Out,1945.61,Branch,55686.86
T0005272,A00140,C0116,2026-02-04,Transfer In,,App,29633.17
T0001293,A00039,C0034,2025-10-07,Transfer Out,7863.92,EFT,26599.85
T0000773,A00023,C0021,2026-06-26,Salary Credit,21462.26,App,130329.4
T0007744,A00203,C0166,2025-12-06,Bill Payment,7962.34,EFT,26214.59
T0011541,A00311,C0250,2025-12-27,Withdrawal,1720.69,USSD,12383.41
T0005943,A00157,C0131,2026-01-01,Bill Payment,4443.99,USSD,96836.08
T0013523,A00363,C0290,2025-09-04,Purchase,3158.56,Branch,142713.12
T0006562,A00175,C0145,2026-01-07,Salary Credit,12610.15,App,111380.92
T0009951,A00265,C0217,2026-03-17,Purchase,-4046.16,Branch,79157.07
T0010028,A00268,C0219,2026-01-10,Airtime,235.93,POS,52175.78
T0009629,A00257,C0209,2026-01-18,Purchase,1418.22,USSD,-4733.45
T0013862,A00372,C0297,2026-02-12,Transfer In,790.41,ATM,16551.51
T0000456,A00014,C0014,2026-02-06,Transfer Out,4784.09,POS,51950.42
T0009767,A00261,C0213,2025-10-12,Bill Payment,,EFT,67619.84
T0004745,A00127,C0105,2026-05-11,Salary Credit,24437.95,EFT,66522.54
T0008164,A00215,C0176,2025-11-08,Deposit,5836.11,App,101905.2
T0010042,A00269,C0219,2026-03-13,Airtime,2099.85,ATM,72171.9
T0009723,A00260,C0212,2026-03-11,Deposit,22561.86,USSD,116673.33
T0009818,A00262,C0214,2025-09-24,Airtime,2435.49,EFT,63261.99
T0010388,A00279,C0226,2026-04-24,Purchase,1351.58,EFT,53463.65
T0007555,A00198,C0162,2026-05-07,Bill Payment,1346.63,Branch,116192.26
T0005545,A00147,C0121,2025-12-24,Deposit,8797.48,USSD,82527.82
T0007662,A00200,C0164,2025-12-18,Salary Credit,5686.35,EFT,179131.01
T0002028,A00057,C0047,2026-06-17,Airtime,4028.39,ATM,55701.24
T0013376,A00360,C0288,2025-10-21,Purchase,6738.77,App,38437.26
T0007034,A00186,C0153,2026-03-06,Salary Credit,4861.86,USSD,12254.35
T0002243,A00062,C0051,2026-05-04,Purchase,-6689.2,EFT,92360.98
T0003650,A00101,C0084,2026-04-09,Transfer Out,7721.76,App,98900.91
T0000088,A00003,C0003,2025-11-27,Transfer Out,5921.82,Branch,90541.88
T0003400,A00095,C0080,2025-08-13,Bill Payment,2909.17,POS,67718.71
T0012793,A00345,C0277,2026-02-18,Deposit,6908.08,POS,64973.43
T0004810,A00129,C0106,2026-02-25,Transfer In,,POS,29953.75
T0005525,A00147,C0121,2026-02-07,Salary Credit,23764.08,Branch,17409.19
T0004485,A00122,C0101,2026-01-18,Transfer In,17795.69,App,61960.78
T0007629,A00200,C0164,2026-05-02,Salary Credit,17272.37,EFT,48335.55
T0012617,A00341,C0273,2025-08-23,Withdrawal,5531.46,EFT,68487.8
T0001699,A00049,C0042,2026-06-11,Deposit,17569.16,POS,71323.43
T0010027,A00268,C0219,2025-08-21,Withdrawal,1933.78,POS,52411.71
T0012907,A00348,C0279,2025-11-12,Transfer Out,5559.3,ATM,63634.46
T0011567,A00311,C0250,2025-11-16,Purchase,6466.84,Branch,42032.15
T0003154,A00086,C0071,2025-12-12,Withdrawal,3216.85,USSD,95429.96
T0003908,A00108,C0090,2025-12-27,Bill Payment,682.93,POS,10237.85
T0005327,A00142,C0117,2025-08-22,Transfer Out,3215.57,EFT,41880.1
T0004388,A00119,C0098,2025-07-26,Deposit,14390.86,App,251776.45
T0001348,A00040,C0035,2025-08-31,Withdrawal,679.44,USSD,97302.1
T0001732,A00049,C0042,2025-08-19,Transfer In,927.66,App,182897.95
T0004760,A00128,C0106,2026-05-09,Purchase,766.99,USSD,10252.45
T0007577,A00199,C0163,2025-09-08,Transfer In,9904.58,Branch,80972.43
T0010271,A00275,C0224,2025-09-01,Transfer Out,7191.61,USSD,86809.32
T0010309,A00276,C0224,2025-12-14,Salary Credit,7607.91,EFT,57955.06
T0009967,A00266,C0217,2025-12-02,Salary Credit,6310.76,App,22534.58
T0012801,A00346,C0278,2026-01-26,Airtime,3274.9,EFT,35179.06
T0013504,A00363,C0290,2026-01-14,Transfer Out,2188.07,POS,116255.79
T0008645,A00228,C0185,2025-08-22,Transfer In,15601.85,Branch,5984.49
T0013987,A00374,C0298,2025-07-15,Transfer In,2826.16,POS,150444.46
T0009648,A00258,C0210,2025-10-20,Deposit,22104.4,App,23647.76
T0007357,A00193,C0158,2026-02-01,Bill Payment,4486.23,Branch,99911.54
T0012936,A00349,C0280,2026-01-22,Transfer In,16221.42,App,39393.86
T0012271,A00331,C0265,2025-07-27,Deposit,19254.64,Branch,3155.69
T0009255,A00245,C0200,2025-10-24,Deposit,206.27,POS,100821.33
T0004790,A00128,C0106,2025-08-22,Bill Payment,7181.71,POS,58241.6
T0007282,A00191,C0156,2026-04-29,Airtime,323.78,EFT,81754.25
T0011271,A00302,C0242,2025-11-10,Transfer In,6020.04,ATM,60718.02
T0006484,A00173,C0143,2026-02-14,Transfer In,14714.13,USSD,74199.38
T0012044,A00325,C0260,2025-09-07,Bill Payment,2157.67,USSD,43554.29
T0004876,A00130,C0107,2026-05-24,Purchase,3689.92,POS,193657.6
T0011183,A00300,C0241,2026-03-08,Transfer In,11833.7,POS,53074.56
T0013721,A00369,C0295,2026-04-26,Transfer Out,3403.62,App,8230.18
T0012733,A00344,C0276,2025-09-26,Salary Credit,24324.8,POS,41394.24
T0008438,A00223,C0182,2026-04-06,Airtime,7082.55,POS,-2628.7
T0001583,A00046,C0039,2025-10-31,Transfer In,7493.37,ATM,51438.43
T0007316,A00192,C0157,2026-05-11,Airtime,6451.26,ATM,113684.67
T0000993,A00031,C0029,2025-07-24,Withdrawal,4095.0,EFT,86015.14
T0003529,A00098,C0082,2025-11-03,Transfer In,20861.21,Branch,90710.07
T0003851,A00106,C0088,2026-06-25,Transfer Out,5865.4,EFT,12152.58
T0001464,A00043,C0037,2025-07-07,Withdrawal,-3035.44,App,99018.54
T0009426,A00250,C0203,2026-03-15,Purchase,6779.66,App,261160.37
T0006850,A00182,C0150,2025-11-23,Salary Credit,656.05,App,33148.69
T0013983,A00374,C0298,2025-07-05,Salary Credit,21713.07,EFT,138914.95
T0011429,A00306,C0245,2026-06-15,Deposit,443.37,POS,21405.56
T0011100,A00298,C0240,2025-12-05,Bill Payment,2675.54,Branch,33087.5
T0000151,A00005,C0005,2026-06-26,Deposit,10839.95,POS,56960.1
T0002729,A00075,C0061,2025-09-14,Withdrawal,6953.03,EFT,47130.83
T0002095,A00059,C0049,2025-09-10,Salary Credit,,USSD,26833.35
T0005846,A00155,C0129,2025-10-15,Transfer Out,-2488.52,EFT,71743.0
T0001912,A00054,C0045,2025-10-19,Withdrawal,7437.79,ATM,65328.11
T0004720,A00127,C0105,2026-06-30,Bill Payment,2733.05,USSD,28851.06
T0004888,A00130,C0107,2025-12-16,Salary Credit,13830.76,App,213101.11
T0008669,A00229,C0186,2025-12-18,Transfer In,12696.35,POS,9222.16
T0008325,A00220,C0180,2025-12-29,Salary Credit,1146.76,EFT,-10190.13
T0006926,A00183,C0151,2026-02-25,Salary Credit,21264.78,App,109857.22
T0001570,A00046,C0039,2025-11-23,Transfer Out,7039.27,EFT,61178.49
T0006119,A00164,C0136,2025-12-02,Transfer Out,737.1,Branch,71204.9
T0011011,A00296,C0238,2025-08-12,Purchase,3794.39,USSD,210243.18
T0006358,A00170,C0141,2026-03-26,Transfer In,19959.14,Branch,43285.0
T0010107,A00271,C0221,2026-05-15,Salary Credit,22822.04,App,32407.53
T0006766,A00180,C0149,2026-03-11,Salary Credit,9436.41,POS,54839.1
T0010939,A00295,C0237,2025-08-17,Purchase,5449.19,ATM,74339.76
T0003924,A00108,C0090,2025-09-02,Withdrawal,5371.23,ATM,-18200.32
T0004820,A00129,C0106,2026-02-26,Withdrawal,6063.98,USSD,104779.78
T0004646,A00125,C0104,2026-03-20,Salary Credit,19472.93,App,70882.26
T0004289,A00118,C0097,2026-01-13,Withdrawal,5924.11,ATM,8175.3
T0005501,A00146,C0121,2025-07-26,Transfer Out,95.68,USSD,212371.3
T0008030,A00210,C0172,2026-03-14,Deposit,7140.55,App,83890.08
T0009784,A00261,C0213,2025-12-09,Airtime,1920.14,App,31353.24
T0006652,A00177,C0146,2025-07-19,Airtime,6925.26,App,194609.19
T0013441,A00361,C0289,2025-12-16,Transfer In,20265.87,App,190133.14
T0011365,A00305,C0244,2025-09-17,Bill Payment,6593.89,Branch,137762.06
T0000380,A00012,C0012,2026-06-18,Airtime,3282.58,EFT,92703.27
T0008574,A00227,C0185,2026-01-08,Bill Payment,3448.48,POS,41496.81
T0013268,A00357,C0286,2025-10-12,Salary Credit,5172.6,EFT,162582.8
T0000774,A00023,C0021,2026-02-18,Salary Credit,19318.69,EFT,149648.09
T0007791,A00203,C0166,2025-10-14,Airtime,5839.77,POS,170578.21
T0006025,A00160,C0133,2025-09-17,Airtime,,POS,64116.13
T0000058,A00002,C0002,2025-11-04,Transfer Out,5164.07,POS,49559.17
T0002518,A00069,C0056,2025-07-22,Airtime,-6249.44,USSD,169079.46
T0008609,A00227,C0185,2025-10-02,Transfer Out,6023.66,POS,128625.02
T0002829,A00078,C0064,2026-01-19,Transfer In,20186.95,App,146716.63
T0013956,A00374,C0298,2026-05-11,Bill Payment,3973.92,POS,65160.3
T0006521,A00174,C0144,2026-03-05,Bill Payment,3329.79,POS,85003.67
T0005110,A00135,C0112,2025-10-17,Transfer Out,7887.92,POS,12119.62
T0003152,A00086,C0071,2026-01-25,Withdrawal,1876.54,EFT,100155.72
T0005671,A00151,C0125,2026-01-04,Airtime,4482.54,ATM,96814.38
T0013950,A00374,C0298,2026-01-03,Transfer In,727.65,App,14898.07
T0007387,A00194,C0159,2026-02-05,Airtime,4054.49,ATM,95644.27
T0010422,A00279,C0226,2026-03-14,Transfer In,5508.48,USSD,104406.22
T0008981,A00237,C0192,2026-05-05,Purchase,5648.78,POS,-4122.59
T0013709,A00368,C0294,2026-01-12,Withdrawal,6298.18,Branch,24974.91
T0003570,A00099,C0083,2025-08-10,Purchase,7283.68,POS,16313.77
T0010208,A00274,C0223,2025-07-20,Withdrawal,515.72,Branch,54157.09
T0002652,A00072,C0058,2025-08-03,Deposit,881.35,Branch,61308.27
T0000234,A00008,C0008,2026-05-13,Withdrawal,2276.0,EFT,49994.3
T0001302,A00039,C0034,2026-05-09,Deposit,24385.1,App,77623.5
T0005310,A00141,C0117,2026-05-10,Deposit,12223.23,USSD,63746.38
T0007012,A00185,C0152,2025-09-10,Transfer Out,3330.79,ATM,78459.34
T0011254,A00301,C0242,2025-07-30,Salary Credit,10997.79,ATM,188988.08
T0013528,A00363,C0290,2025-12-14,Salary Credit,13750.1,ATM,190373.31
T0009414,A00250,C0203,2026-06-20,Deposit,7049.01,Branch,151191.25
T0007051,A00186,C0153,2026-05-04,Transfer In,18463.78,ATM,85026.33
T0001580,A00046,C0039,2025-07-14,Bill Payment,112.07,ATM,32629.84
T0011830,A00318,C0255,2025-10-02,Withdrawal,472.09,USSD,23392.95
T0000048,A00002,C0002,2025-10-28,Bill Payment,5250.77,App,65907.57
T0001848,A00052,C0044,2026-05-09,Transfer In,17778.76,USSD,153365.54
T0011854,A00319,C0255,2025-09-14,Purchase,5238.13,USSD,15681.74
T0000279,A00010,C0010,2026-06-20,Transfer In,6912.54,Branch,9970.98
T0010901,A00294,C0237,2025-12-10,Withdrawal,3047.53,App,119036.05
T0011929,A00321,C0256,2025-07-20,Purchase,6440.51,App,116736.16
T0012290,A00331,C0265,2025-09-13,Transfer Out,5576.08,USSD,410.12
T0008659,A00229,C0186,2026-05-24,Airtime,6954.09,USSD,7190.57
T0002457,A00068,C0056,2026-02-08,Salary Credit,19819.9,USSD,254335.58
T0004603,A00124,C0103,2026-03-01,Bill Payment,6669.18,ATM,134394.41
T0012270,A00331,C0265,2025-10-02,Purchase,1229.08,USSD,-16098.95
T0004175,A00115,C0095,2025-11-16,Transfer In,16977.24,USSD,61303.03
T0013930,A00373,C0298,2026-01-27,Airtime,6999.23,App,45906.6
T0013018,A00350,C0281,2026-01-23,Bill Payment,2545.8,USSD,82233.71
T0009270,A00245,C0200,2026-04-29,Salary Credit,21647.12,USSD,206985.3
T0007471,A00196,C0161,2025-12-31,Purchase,1921.05,ATM,209855.91
T0001852,A00053,C0045,2026-04-05,Salary Credit,7455.89,Branch,33353.65
T0012876,A00348,C0279,2025-12-11,Purchase,3258.12,POS,44387.39
T0011754,A00316,C0254,2025-09-18,Transfer In,2309.65,POS,16617.01
T0000913,A00029,C0027,2025-09-20,Transfer Out,1108.72,Branch,28350.66
T0010931,A00295,C0237,2026-03-18,Transfer Out,1933.87,Branch,28497.92
T0004793,A00128,C0106,2026-02-02,Withdrawal,699.8,EFT,65549.41
T0001540,A00045,C0038,2026-01-11,Deposit,23417.85,EFT,58368.87
T0013213,A00356,C0285,2026-04-24,Transfer Out,1882.58,Branch,78700.67
T0005344,A00142,C0117,2025-10-27,Airtime,6565.78,POS,79502.86
T0001957,A00056,C0047,2026-06-25,Withdrawal,5043.19,App,23069.12
T0012209,A00329,C0264,2026-01-08,Deposit,14508.72,USSD,80083.86
T0008820,A00232,C0188,2025-07-10,Deposit,13681.39,POS,28120.95
T0001366,A00040,C0035,2025-11-20,Purchase,5838.25,POS,88800.48
T0012824,A00347,C0279,2025-09-27,Deposit,,POS,20441.05
T0004445,A00121,C0100,2026-04-03,Deposit,21090.52,EFT,138287.24
T0010209,A00274,C0223,2025-11-28,Transfer In,476.75,EFT,54633.84
T0006369,A00170,C0141,2026-01-22,Bill Payment,5287.86,Branch,98775.81
T0004825,A00129,C0106,2025-11-14,Deposit,534.89,ATM,86590.99
T0005633,A00150,C0124,2025-07-28,Salary Credit,-18168.53,ATM,44914.36
T0010950,A00295,C0237,2025-12-10,Bill Payment,7090.58,Branch,76839.84
T0003899,A00107,C0089,2025-08-15,Purchase,1620.02,POS,40724.96
T0007016,A00185,C0152,2025-08-25,Withdrawal,6411.75,USSD,85872.72
T0006714,A00179,C0148,2026-02-09,Transfer Out,5322.37,USSD,-12041.78
T0010565,A00283,C0229,2025-10-02,Purchase,1669.7,EFT,70878.27
T0013725,A00369,C0295,2025-10-24,Withdrawal,652.93,Branch,19355.52
T0004354,A00119,C0098,2026-04-12,Airtime,437.83,App,146260.28
T0003773,A00103,C0085,2025-12-01,Transfer In,17894.38,App,105860.35
T0010823,A00292,C0235,2025-07-24,Airtime,4892.47,EFT,25337.33
T0008742,A00231,C0188,2025-07-04,Bill Payment,5958.15,App,27653.13
T0011878,A00319,C0255,2025-08-30,Airtime,7101.99,POS,88747.68
T0006730,A00179,C0148,2026-03-20,Bill Payment,3237.9,POS,-51979.91
T0008497,A00225,C0183,2026-01-08,Airtime,1554.12,POS,55055.04
T0007815,A00205,C0168,2025-08-02,Transfer In,10920.52,POS,97144.46
T0012736,A00344,C0276,2026-03-02,Transfer Out,6019.24,Branch,31528.73
T0003417,A00096,C0081,2026-06-08,Salary Credit,10201.13,USSD,47269.54
T0010113,A00271,C0221,2026-03-26,Bill Payment,-6705.18,POS,40222.87
T0004098,A00113,C0093,2025-07-26,Withdrawal,4607.87,ATM,17603.33
T0013638,A00366,C0293,2026-06-24,Bill Payment,933.96,USSD,55803.92
T0000094,A00003,C0003,2026-03-09,Deposit,24316.72,Branch,155897.67
T0001171,A00036,C0032,2026-05-12,Transfer In,21375.44,ATM,74728.7
T0013416,A00361,C0289,2025-11-11,Salary Credit,8248.95,EFT,77493.31
T0011202,A00301,C0242,2026-03-01,Transfer In,5896.13,EFT,31790.6
T0006529,A00174,C0144,2026-03-17,Airtime,-5176.91,App,149948.3
T0004904,A00130,C0107,2026-05-22,Transfer Out,7953.26,Branch,249305.15
T0002369,A00066,C0054,2025-11-06,Airtime,5888.84,USSD,21216.76
T0013995,A00374,C0298,2026-06-08,Salary Credit,12755.36,ATM,177218.95
T0005908,A00157,C0131,2026-01-17,Withdrawal,2214.76,App,56052.22
T0000289,A00010,C0010,2025-09-21,Transfer Out,5473.45,App,-28088.09
T0010674,A00287,C0231,2025-12-20,Bill Payment,4611.56,Branch,45056.91
T0004143,A00114,C0094,2026-02-05,Deposit,8502.78,USSD,20926.73
T0005395,A00144,C0119,2025-09-11,Transfer In,5054.77,POS,29775.52
T0004641,A00125,C0104,2025-09-18,Bill Payment,3245.57,Branch,48624.66
T0007688,A00201,C0165,2026-05-08,Deposit,8309.54,POS,41520.15
T0010475,A00280,C0227,2026-05-15,Purchase,7237.69,App,93514.77
T0008157,A00215,C0176,2025-08-21,Airtime,7076.33,ATM,67325.2
T0000536,A00017,C0016,2025-10-13,Transfer Out,4399.42,ATM,28123.92
T0000877,A00027,C0025,2026-03-12,Salary Credit,12669.39,POS,106566.04
T0003642,A00101,C0084,2026-06-29,Deposit,23389.41,ATM,62422.97
T0009948,A00265,C0217,2025-11-12,Bill Payment,7660.27,Branch,46206.5
T0011387,A00306,C0245,2025-11-22,Deposit,7773.0,EFT,63237.91
T0007322,A00192,C0157,2025-07-12,Purchase,,ATM,129113.36
T0013484,A00363,C0290,2025-07-17,Transfer Out,1485.29,POS,39579.27
T0010783,A00291,C0234,2025-10-10,Deposit,5440.47,EFT,26667.94
T0013362,A00359,C0288,2026-02-28,Bill Payment,6616.41,Branch,154714.08
T0006458,A00173,C0143,2026-04-02,Transfer Out,3542.11,POS,34514.6
T0008701,A00229,C0186,2025-08-03,Salary Credit,7053.91,App,120908.22
T0010764,A00290,C0234,2026-01-20,Purchase,,Branch,-4075.55
T0008223,A00217,C0178,2026-04-15,Withdrawal,6842.92,EFT,72931.74
T0010554,A00282,C0228,2025-10-17,Bill Payment,4401.38,EFT,3824.77
T0007702,A00201,C0165,2026-02-07,Airtime,3349.68,EFT,73718.74
T0002743,A00076,C0062,2025-11-22,Transfer Out,6481.49,USSD,-4680.43
T0009432,A00250,C0203,2026-06-27,Bill Payment,5745.82,USSD,280373.66
T0008212,A00216,C0177,2026-06-15,Transfer Out,6144.04,POS,70478.82
T0008348,A00220,C0180,2025-10-14,Deposit,23771.94,ATM,67605.58
T0010669,A00287,C0231,2026-02-28,Deposit,13331.46,USSD,36300.3
T0010235,A00275,C0224,2025-07-17,Purchase,5241.75,ATM,34436.66
T0005452,A00145,C0120,2026-04-05,Bill Payment,238.76,ATM,75562.3
T0009224,A00244,C0199,2026-01-29,Airtime,1317.26,USSD,76448.19
T0003406,A00095,C0080,2025-11-29,Purchase,2060.7,USSD,70507.63
T0003560,A00098,C0082,2026-04-01,Airtime,7579.05,POS,169928.05
T0011114,A00299,C0240,2025-10-29,Transfer Out,6055.63,USSD,6590.45
T0002843,A00079,C0065,2026-03-27,Transfer Out,888.67,ATM,16691.71
T0005580,A00148,C0122,2026-01-22,Transfer In,24923.12,App,193660.83
T0006460,A00173,C0143,2026-02-22,Transfer In,10878.2,USSD,51169.95
T0005602,A00149,C0123,2025-07-20,Purchase,1811.15,App,104159.88
T0013807,A00370,C0296,2026-06-21,Salary Credit,3757.81,USSD,175951.77
T0003731,A00103,C0085,2026-03-31,Purchase,6500.44,Branch,9452.22
T0001645,A00047,C0040,2026-03-15,Bill Payment,4073.26,Branch,106353.05
T0008310,A00219,C0180,2025-08-13,Transfer Out,2011.42,App,56471.52
T0002901,A00081,C0066,2025-09-10,Bill Payment,6108.47,ATM,41358.93
T0000621,A00019,C0017,2025-10-06,Airtime,7390.62,POS,56140.5
T0002612,A00071,C0057,2026-02-04,Transfer Out,7923.6,App,89750.09
T0013895,A00372,C0297,2026-05-13,Purchase,3371.13,ATM,137175.57
T0008729,A00230,C0187,2026-05-23,Transfer In,8515.4,EFT,70878.92
T0005291,A00141,C0117,2025-12-30,Airtime,5786.79,USSD,20875.6
T0011186,A00300,C0241,2025-11-15,Transfer In,17496.36,USSD,85407.42
T0011759,A00316,C0254,2025-07-03,Airtime,5425.35,POS,27486.44
T0001400,A00041,C0036,2025-07-30,Airtime,67.01,Branch,112387.66
T0009241,A00245,C0200,2026-01-11,Deposit,19551.26,EFT,38965.2
T0006574,A00175,C0145,2025-12-11,Deposit,13631.23,ATM,155211.65
T0000395,A00012,C0012,2025-10-31,Deposit,24393.58,Branch,133238.01
T0007386,A00194,C0159,2025-07-07,Transfer In,20886.63,USSD,99698.76
T0004710,A00126,C0104,2026-06-28,Airtime,3453.69,ATM,114748.72
T0007870,A00206,C0169,2026-01-05,Salary Credit,7912.84,POS,72735.57
T0003330,A00092,C0077,2026-05-01,Deposit,23275.68,POS,127320.89
T0001450,A00043,C0037,2026-03-31,Withdrawal,31.17,POS,54780.76
T0012832,A00347,C0279,2025-11-04,Withdrawal,797.32,Branch,55444.5
T0007047,A00186,C0153,2025-07-08,Transfer In,1435.99,Branch,61933.4
T0013372,A00359,C0288,2025-09-25,Bill Payment,2537.02,App,152831.9
T0011174,A00300,C0241,2025-07-03,Salary Credit,-11892.81,ATM,33110.62
T0002142,A00060,C0050,2026-06-04,Transfer Out,2986.2,ATM,9247.1
T0008075,A00212,C0173,2025-09-01,Transfer Out,7030.7,Branch,35334.69
T0009260,A00245,C0200,2026-03-27,Purchase,4461.22,POS,110460.93
T0000565,A00018,C0016,2025-11-16,Bill Payment,1795.98,ATM,33803.6
T0010508,A00281,C0228,2026-03-04,Salary Credit,15562.77,Branch,54052.19
T0010539,A00282,C0228,2026-06-05,Purchase,2329.36,ATM,6571.6
T0009274,A00246,C0200,2026-02-26,Withdrawal,5917.13,ATM,13789.24
T0002920,A00081,C0066,2026-04-28,Purchase,836.66,POS,121304.66
T0001798,A00051,C0043,2026-01-08,Salary Credit,23567.74,App,109307.91
T0000873,A00027,C0025,2025-07-16,Withdrawal,5907.63,EFT,52189.0
T0009876,A00264,C0216,2025-08-15,Transfer In,,POS,86496.11
T0005182,A00137,C0113,2025-08-22,Deposit,23257.57,USSD,41259.97
T0010267,A00275,C0224,2026-05-14,Salary Credit,2055.5,POS,71490.65
T0001541,A00045,C0038,2026-02-28,Transfer In,1446.53,USSD,59815.4
T0004082,A00112,C0093,2026-04-04,Purchase,7781.83,EFT,58017.58
T0002770,A00076,C0062,2026-02-28,Bill Payment,80.83,POS,74179.38
T0001103,A00034,C0030,2026-05-03,Transfer Out,6719.11,Branch,135613.85
T0001599,A00046,C0039,2026-03-20,Bill Payment,7380.34,ATM,85450.6
T0000506,A00015,C0014,2025-12-14,Airtime,3310.5,USSD,100784.84
T0002945,A00082,C0067,2026-06-02,Purchase,229.22,Branch,71824.38
T0008841,A00233,C0189,2026-01-25,Deposit,16326.42,Branch,73010.19
T0003495,A00097,C0081,2026-06-07,Deposit,1870.9,EFT,90075.27
T0000501,A00015,C0014,2025-10-06,Transfer In,13202.18,USSD,73539.84
T0013866,A00372,C0297,2026-02-09,Transfer Out,3857.0,USSD,4337.42
T0005698,A00151,C0125,2025-11-12,Withdrawal,5528.42,ATM,206799.28
T0001768,A00051,C0043,2025-09-11,Deposit,24449.95,USSD,74615.5
T0008511,A00225,C0183,2025-08-08,Deposit,901.57,POS,37656.86
T0010983,A00296,C0238,2025-11-20,Purchase,5719.99,App,79248.98
T0007463,A00196,C0161,2025-10-13,Salary Credit,17670.53,EFT,211777.96
T0013683,A00367,C0293,2025-12-20,Airtime,3574.78,App,12741.4
T0011161,A00299,C0240,2025-09-07,Deposit,21515.52,App,172851.67
T0014060,A00376,C0300,2026-06-26,Deposit,14694.67,App,71382.54
T0011090,A00298,C0240,2026-03-22,Deposit,3831.25,App,24809.81
T0004549,A00123,C0102,2025-11-05,Transfer In,21235.23,ATM,98058.34
T0008524,A00226,C0184,2026-06-01,Transfer Out,6857.92,USSD,20016.62
T0010345,A00278,C0225,2025-07-21,Salary Credit,24942.56,App,53633.91
T0004919,A00131,C0108,2025-11-02,Bill Payment,7974.6,POS,48196.59
T0010412,A00279,C0226,2026-05-05,Transfer In,12050.07,ATM,96250.44
T0009273,A00246,C0200,2026-04-20,Withdrawal,6941.88,POS,19706.37
T0013079,A00352,C0282,2025-10-09,Transfer In,3035.24,ATM,-28817.34
T0009686,A00259,C0211,2025-10-21,Transfer Out,6592.56,POS,50232.24
T0011920,A00321,C0256,2026-03-11,Airtime,1067.56,POS,57364.86
T0008715,A00230,C0187,2025-09-29,Deposit,21279.24,POS,63819.93
T0004266,A00117,C0097,2026-04-10,Bill Payment,5482.25,USSD,86082.74
T0005219,A00138,C0114,2025-12-30,Bill Payment,1380.58,POS,59158.23
T0000671,A00020,C0018,2025-07-18,Deposit,14246.92,App,38695.53
T0001049,A00033,C0030,2025-12-19,Bill Payment,5806.29,ATM,60153.95
T0012397,A00334,C0267,2025-11-01,Airtime,305.84,POS,27544.4
T0004241,A00117,C0097,2025-10-24,Withdrawal,5260.05,POS,10411.52
T0005782,A00153,C0127,2025-08-25,Airtime,5281.19,ATM,49642.25
T0007956,A00209,C0172,2026-04-12,Deposit,6431.83,EFT,33921.35
T0009539,A00254,C0206,2025-10-16,Withdrawal,6350.94,Branch,20981.59
T0007314,A00192,C0157,2026-01-10,Transfer Out,2869.5,POS,113806.1
T0001110,A00034,C0030,2025-09-07,Deposit,,App,173003.09
T0005954,A00158,C0131,2026-01-19,Bill Payment,639.04,Branch,65823.82
T0011448,A00307,C0246,2026-06-14,Salary Credit,20073.27,ATM,124577.75
T0003645,A00101,C0084,2025-09-22,Salary Credit,18931.53,ATM,87400.26
T0003250,A00090,C0075,2026-06-18,Deposit,10954.2,USSD,84556.79
T0013790,A00370,C0296,2026-03-27,Transfer Out,7406.2,EFT,106730.9
T0008185,A00216,C0177,2025-07-19,Deposit,1881.7,USSD,-726.87
T0007797,A00204,C0167,2025-12-18,Bill Payment,5590.33,POS,28537.57
T0004642,A00125,C0104,2026-01-24,Airtime,226.6,App,48398.06
T0012223,A00329,C0264,2026-02-06,Salary Credit,13726.54,Branch,68880.92
T0009243,A00245,C0200,2026-01-29,Deposit,4618.3,USSD,41378.62
T0012225,A00330,C0264,2025-12-27,Bill Payment,4506.89,EFT,23426.99
T0005463,A00145,C0120,2025-07-22,Purchase,4226.03,USSD,81464.94
T0010748,A00289,C0233,2026-01-26,Purchase,2198.6,USSD,21985.11
T0006500,A00174,C0144,2025-10-16,Airtime,6890.32,App,25184.1
T0003402,A00095,C0080,2026-01-17,Transfer In,17152.96,ATM,82453.66
T0006486,A00173,C0143,2025-12-15,Transfer In,13204.04,App,80751.82
T0001501,A00044,C0037,2026-06-14,Salary Credit,13898.48,POS,101162.99
T0003546,A00098,C0082,2025-08-10,Transfer In,23615.11,Branch,163195.58
T0006148,A00164,C0136,2025-09-23,Deposit,12517.89,USSD,164994.13
T0004303,A00118,C0097,2025-11-17,Purchase,369.88,POS,49675.08
T0011184,A00300,C0241,2026-06-10,Deposit,18895.5,POS,71970.06
T0005748,A00153,C0127,2026-02-19,Airtime,6458.89,EFT,45167.37
T0011603,A00312,C0250,2026-04-01,Withdrawal,,ATM,69080.15
T0003624,A00100,C0083,2026-06-10,Deposit,1160.25,POS,173.77
T0010865,A00293,C0236,2026-06-28,Bill Payment,-5625.22,USSD,9647.37
T0002708,A00074,C0060,2026-04-04,Withdrawal,6496.39,POS,21833.91
T0003531,A00098,C0082,2026-01-26,Transfer Out,157.07,USSD,97751.71
T0000563,A00018,C0016,2026-05-29,Airtime,1488.13,EFT,37161.79
T0006785,A00180,C0149,2026-02-12,Airtime,7021.06,App,73806.51
T0013694,A00368,C0294,2025-07-10,Salary Credit,17306.35,POS,16109.14
T0010594,A00284,C0230,2026-02-18,Transfer Out,4519.91,USSD,46399.75
T0006107,A00164,C0136,2026-06-22,Salary Credit,21079.98,Branch,31568.37
T0012723,A00343,C0275,2026-01-28,Transfer Out,2590.76,POS,94603.34
T0000327,A00011,C0011,2026-04-02,Withdrawal,2451.44,USSD,14194.9
T0010062,A00269,C0219,2025-10-05,Transfer Out,4519.43,App,105842.71
T0012664,A00342,C0274,2025-07-23,Airtime,,ATM,184139.82
T0009257,A00245,C0200,2025-10-09,Transfer Out,431.0,Branch,96593.63
T0007538,A00198,C0162,2025-11-20,Withdrawal,7715.94,USSD,52037.7
T0004835,A00129,C0106,2025-12-26,Transfer In,16768.67,Branch,131124.89
T0013606,A00365,C0292,2026-06-11,Purchase,5603.12,USSD,31876.34
T0014077,A00376,C0300,2026-05-25,Airtime,594.49,App,155573.13
T0011699,A00314,C0252,2025-08-19,Bill Payment,5007.4,EFT,29334.68
T0008714,A00230,C0187,2026-04-05,Deposit,1971.52,App,42540.69
T0007661,A00200,C0164,2026-04-10,Withdrawal,1933.29,App,173444.66
T0003629,A00100,C0083,2025-10-01,Withdrawal,4891.91,EFT,-13184.47
T0001963,A00056,C0047,2025-12-01,Deposit,24272.07,POS,50643.72
T0008866,A00233,C0189,2026-04-25,Deposit,10723.42,Branch,115514.75
T0001254,A00038,C0033,2026-05-03,Salary Credit,18507.47,Branch,127319.45
T0009082,A00240,C0195,2025-11-05,Salary Credit,-18516.01,Branch,155294.61
T0013628,A00366,C0293,2026-05-22,Transfer Out,7625.18,App,30759.41
T0000665,A00020,C0018,2026-03-07,Bill Payment,7800.3,ATM,15454.57
T0004530,A00123,C0102,2025-07-08,Airtime,2297.61,USSD,71354.5
T0007349,A00193,C0158,2025-11-30,Deposit,18688.53,ATM,113858.74
T0005431,A00145,C0120,2026-02-19,Salary Credit,14943.97,USSD,40284.04
T0010583,A00284,C0230,2026-05-27,Airtime,7391.88,POS,26654.05
T0012530,A00338,C0270,2026-04-03,Withdrawal,1328.31,USSD,2310.63
T0009658,A00258,C0210,2025-10-17,Airtime,143.03,EFT,55241.34
T0000141,A00005,C0005,2025-08-09,Transfer In,8735.57,USSD,6423.56
T0000575,A00018,C0016,2026-03-14,Withdrawal,1454.58,USSD,47576.34
T0011135,A00299,C0240,2026-03-30,Purchase,638.61,Branch,104928.18
T0005741,A00153,C0127,2025-07-10,Airtime,-7082.31,App,64052.73
T0011038,A00297,C0239,2026-02-09,Withdrawal,3994.88,Branch,42404.22
T0008433,A00223,C0182,2026-04-05,Transfer Out,3031.91,App,3713.6
T0000748,A00023,C0021,2026-01-02,Transfer In,11658.98,ATM,20962.45
T0007223,A00190,C0156,2025-10-02,Transfer In,4954.46,Branch,64760.79
T0013498,A00363,C0290,2026-02-04,Salary Credit,12084.22,ATM,124359.76
T0012116,A00326,C0261,2026-05-19,Airtime,5020.7,POS,134354.3
T0001519,A00045,C0038,2025-09-11,Purchase,7947.46,USSD,12542.13
T0007344,A00193,C0158,2025-12-23,Deposit,18598.3,USSD,43141.02
T0014078,A00376,C0300,2026-04-26,Withdrawal,7089.13,POS,148484.0
T0002175,A00060,C0050,2026-06-21,Purchase,3008.29,ATM,58049.59
T0002169,A00060,C0050,2025-07-14,Purchase,774.78,App,50375.84
T0005918,A00157,C0131,2025-11-02,Airtime,6617.49,POS,33038.71
T0008943,A00235,C0190,2026-05-28,Airtime,4288.83,App,144107.3
T0004250,A00117,C0097,2026-02-13,Bill Payment,6930.69,Branch,46736.68
T0008933,A00235,C0190,2026-05-16,Transfer Out,4887.04,Branch,159036.74
T0003970,A00109,C0091,2026-02-03,Withdrawal,6516.1,ATM,-1416.33
T0002137,A00060,C0050,2026-02-08,Transfer Out,1850.28,USSD,14716.04
T0012641,A00342,C0274,2025-10-22,Transfer Out,6297.87,USSD,36091.68
T0008401,A00222,C0181,2026-01-04,Bill Payment,1605.58,EFT,67608.83
T0003412,A00096,C0081,2025-08-13,Bill Payment,2124.08,Branch,42217.98
T0010173,A00273,C0222,2026-03-08,Deposit,12525.05,App,84557.35
T0003682,A00102,C0084,2025-07-10,Purchase,2179.07,Branch,-9165.68
T0012873,A00348,C0279,2025-11-16,Withdrawal,5701.0,Branch,55980.83
T0012130,A00327,C0262,2025-09-08,Airtime,1887.89,USSD,60779.55
T0013788,A00370,C0296,2026-04-17,Transfer Out,2219.23,App,118556.61
T0013784,A00370,C0296,2026-06-26,Salary Credit,7814.44,EFT,108165.73
T0012897,A00348,C0279,2026-05-05,Withdrawal,1060.85,USSD,79298.13
T0002330,A00065,C0054,2025-12-21,Purchase,2332.13,POS,11.2
T0005934,A00157,C0131,2026-02-26,Airtime,2359.69,Branch,122117.08
T0002936,A00081,C0066,2026-04-12,Transfer Out,1897.05,POS,169477.11
T0005322,A00142,C0117,2025-12-24,Salary Credit,18696.25,EFT,60848.93
T0002823,A00078,C0064,2026-03-16,Deposit,19323.72,Branch,117714.31
T0000605,A00018,C0016,2025-10-17,Deposit,16051.4,Branch,67589.54
T0003848,A00106,C0088,2025-12-24,Airtime,4683.08,EFT,20264.43
T0010493,A00281,C0228,2025-08-21,Withdrawal,6510.99,ATM,17560.38
T0012101,A00326,C0261,2026-03-12,Purchase,4962.95,EFT,107274.22
T0008698,A00229,C0186,2026-06-23,Transfer In,1261.76,EFT,106506.61
T0011670,A00313,C0251,2026-05-05,Transfer In,3746.05,USSD,89752.29
T0001719,A00049,C0042,2025-11-20,Transfer Out,7389.35,USSD,178932.04
T0010485,A00280,C0227,2026-04-02,Transfer In,20669.39,USSD,143112.95
T0001371,A00041,C0036,2026-05-06,Purchase,3369.1,EFT,13913.21
T0006196,A00166,C0138,2026-06-13,Bill Payment,1987.97,Branch,75751.26
T0010671,A00287,C0231,2026-02-21,Purchase,6153.78,App,49253.77
T0008448,A00223,C0182,2025-12-19,Transfer In,11026.5,USSD,83811.41
T0007906,A00207,C0170,2026-01-07,Airtime,4521.69,ATM,230240.95
T0008053,A00211,C0173,2026-05-16,Salary Credit,17383.05,Branch,102553.19
T0001726,A00049,C0042,2026-02-01,Withdrawal,514.17,App,158324.1
T0006755,A00179,C0148,2026-06-29,Transfer In,14565.16,ATM,83621.65
T0002119,A00059,C0049,2025-09-16,Airtime,602.75,Branch,101604.14
T0013827,A00371,C0296,2025-10-13,Bill Payment,680.9,ATM,74555.61
T0007804,A00204,C0167,2025-08-25,Withdrawal,1651.76,ATM,72532.8
T0013561,A00364,C0291,2025-08-09,Withdrawal,6922.63,Branch,158595.62
T0011133,A00299,C0240,2025-07-15,Transfer Out,846.17,USSD,111620.01
T0010945,A00295,C0237,2026-05-30,Purchase,6736.36,USSD,91054.08
T0011715,A00314,C0252,2026-04-24,Salary Credit,4907.99,ATM,58540.56
T0004715,A00127,C0105,2026-05-30,Salary Credit,11690.28,App,11420.51
T0011092,A00298,C0240,2026-01-14,Withdrawal,6946.99,EFT,17584.62
T0006846,A00182,C0150,2026-04-16,Salary Credit,16465.99,USSD,25009.46
T0010086,A00270,C0220,2025-09-29,Withdrawal,1408.81,POS,55832.61
T0000545,A00017,C0016,2025-07-12,Deposit,6260.06,Branch,69752.14
T0002257,A00062,C0051,2025-07-16,Deposit,23388.8,App,114034.48
T0010227,A00274,C0223,2025-12-24,Transfer Out,230.52,Branch,101566.9
T0013425,A00361,C0289,2026-05-28,Bill Payment,956.68,App,58046.6
T0005242,A00139,C0115,2026-01-12,Deposit,23060.41,POS,46045.88
T0008978,A00237,C0192,2026-02-05,Withdrawal,1037.25,App,9528.13
T0010790,A00291,C0234,2025-07-29,Airtime,2971.67,Branch,27545.03
T0005711,A00152,C0126,2026-05-06,Deposit,8079.82,App,46452.68
T0012481,A00337,C0269,2026-02-06,Transfer Out,7448.91,App,84235.17
T0013965,A00374,C0298,2026-04-15,Purchase,4068.18,EFT,104937.67
T0010103,A00271,C0221,2026-01-01,Bill Payment,2100.58,Branch,-16220.21
T0000624,A00019,C0017,2026-03-25,Withdrawal,52.8,USSD,53266.82
T0011309,A00303,C0243,2025-09-23,Withdrawal,2065.37,App,65050.21
T0004624,A00124,C0103,2026-01-05,Salary Credit,9576.05,ATM,201513.33
T0002694,A00074,C0060,2025-07-22,Deposit,,Branch,50746.58
T0011455,A00308,C0247,2026-06-06,Bill Payment,3874.22,POS,56457.54
T0013336,A00358,C0287,2026-03-19,Airtime,1901.14,App,161380.29
T0002686,A00073,C0059,2025-11-20,Withdrawal,2862.95,ATM,61262.73
T0002323,A00064,C0053,2026-06-14,Purchase,5137.08,ATM,104594.41
T0001151,A00035,C0031,2025-09-14,Salary Credit,7785.99,Branch,139975.7
T0003973,A00109,C0091,2026-06-23,Transfer Out,3246.15,ATM,-11601.86
T0003135,A00086,C0071,2026-04-28,Airtime,1850.11,App,77127.85
T0004523,A00123,C0102,2025-11-25,Transfer Out,7002.54,ATM,55098.2
T0010803,A00291,C0234,2025-11-20,Withdrawal,5451.1,EFT,54812.42
T0007389,A00194,C0159,2026-06-06,Withdrawal,5687.16,ATM,85450.9
T0008009,A00209,C0172,2025-08-12,Transfer Out,6040.34,ATM,205547.11
T0007017,A00185,C0152,2025-07-11,Bill Payment,2842.06,Branch,83030.66
T0006450,A00172,C0142,2026-01-21,Withdrawal,6904.31,ATM,26701.02
T0002003,A00057,C0047,2025-09-14,Withdrawal,3067.67,App,42166.82
T0004225,A00116,C0096,2025-08-04,Transfer Out,5934.71,App,69666.93
T0000689,A00021,C0019,2025-07-28,Transfer Out,6048.76,ATM,16160.34
T0003399,A00095,C0080,2026-02-21,Deposit,9640.8,ATM,70627.88
T0008976,A00237,C0192,2026-01-25,Airtime,6614.55,USSD,16180.48
T0006453,A00172,C0142,2025-10-15,Transfer In,12505.91,EFT,43123.35
T0003566,A00099,C0083,2025-08-04,Withdrawal,5369.21,EFT,20853.31
T0009450,A00251,C0204,2026-03-07,Airtime,1273.42,EFT,24513.89
T0012722,A00343,C0275,2026-03-22,Withdrawal,6561.48,USSD,97194.1
T0000838,A00026,C0024,2026-03-31,Airtime,,POS,60950.52
T0012676,A00343,C0275,2026-01-26,Salary Credit,23763.49,App,35768.77
T0004881,A00130,C0107,2026-04-02,Deposit,11648.61,ATM,211069.05
T0009675,A00259,C0211,2025-12-21,Transfer Out,5695.86,ATM,42176.62
T0007179,A00189,C0155,2025-11-17,Transfer Out,6649.61,POS,110768.65
T0007412,A00195,C0160,2025-12-04,Transfer Out,4651.6,USSD,70751.62
T0009387,A00249,C0202,2025-11-06,Deposit,12632.59,USSD,70019.22
T0002072,A00058,C0048,2025-07-21,Transfer Out,4424.77,ATM,67655.51
T0007548,A00198,C0162,2025-09-01,Salary Credit,19122.59,POS,102317.14
T0009980,A00267,C0218,2025-07-25,Transfer In,11504.39,EFT,38298.78
T0009222,A00244,C0199,2026-02-21,Bill Payment,2470.88,POS,64227.74
T0006139,A00164,C0136,2026-04-26,Deposit,15401.17,EFT,111607.89
T0011089,A00298,C0240,2025-12-18,Purchase,5737.06,App,20978.56
T0004191,A00116,C0096,2026-05-22,Purchase,7954.24,USSD,31056.09
T0008437,A00223,C0182,2025-08-01,Transfer In,6683.65,POS,4453.85
T0001105,A00034,C0030,2025-09-21,Withdrawal,2419.09,App,147865.22
T0004533,A00123,C0102,2026-06-22,Salary Credit,24129.23,ATM,90681.21
T0005704,A00152,C0126,2026-02-18,Withdrawal,1414.94,ATM,55683.49
T0004314,A00118,C0097,2025-10-09,Airtime,6402.22,POS,24778.06
T0012394,A00334,C0267,2026-02-06,Transfer Out,7808.9,POS,8669.29
T0011546,A00311,C0250,2025-11-05,Airtime,747.67,App,-11028.91
T0002608,A00071,C0057,2025-12-17,Salary Credit,18313.1,ATM,98620.31
T0013705,A00368,C0294,2026-01-26,Deposit,2143.37,App,39333.6
T0011631,A00312,C0250,2026-01-15,Airtime,2187.18,App,140592.68
T0000112,A00004,C0004,2025-08-03,Transfer In,22572.15,ATM,66861.32
T0013113,A00353,C0283,2025-12-31,Airtime,4079.85,App,47593.25
T0000338,A00011,C0011,2026-01-01,Purchase,5443.05,EFT,27883.94
T0001761,A00051,C0043,2026-06-02,Withdrawal,629.5,ATM,79951.09
T0007222,A00190,C0156,2026-01-22,Purchase,6401.69,EFT,59806.33
T0006599,A00176,C0146,2025-07-04,Airtime,7229.29,USSD,50181.15
T0009156,A00242,C0197,2025-12-04,Purchase,5633.84,POS,46513.89
T0001558,A00046,C0039,2026-01-28,Bill Payment,2826.8,EFT,24700.8
T0006003,A00159,C0132,2026-02-22,Transfer Out,2840.56,POS,108344.97
T0013713,A00369,C0295,2025-11-18,Deposit,16069.98,EFT,45702.7
T0002180,A00060,C0050,2025-08-08,Transfer Out,5672.56,ATM,58288.61
T0013406,A00361,C0289,2025-08-13,Salary Credit,24545.46,EFT,18264.46
T0001755,A00051,C0043,2026-01-05,Airtime,1565.29,App,48343.16
T0002200,A00061,C0050,2026-04-24,Bill Payment,6525.96,App,84782.66
T0011944,A00322,C0257,2026-02-09,Purchase,593.4,ATM,45186.38
T0005453,A00145,C0120,2026-04-29,Purchase,1366.89,App,74195.41
T0008067,A00212,C0173,2025-08-23,Purchase,3626.44,App,24724.17
T0004675,A00126,C0104,2025-07-01,Bill Payment,4829.89,USSD,64615.89
T0013816,A00371,C0296,2025-12-07,Transfer In,3084.86,POS,53404.26
T0006064,A00162,C0134,2026-02-25,Airtime,,POS,88949.23
T0007634,A00200,C0164,2025-12-29,Deposit,19922.76,EFT,128352.35
T0002715,A00074,C0060,2026-04-18,Withdrawal,,ATM,15783.68
T0009934,A00265,C0217,2026-01-03,Airtime,4502.5,Branch,75553.29
T0006826,A00181,C0149,2025-09-10,Deposit,18498.15,App,10878.97
T0013611,A00365,C0292,2025-12-15,Transfer In,4194.4,EFT,24755.91
T0000899,A00028,C0026,2026-04-23,Withdrawal,4743.08,POS,59765.58
T0009219,A00244,C0199,2026-05-06,Transfer In,24235.24,EFT,54397.8
T0007191,A00189,C0155,2026-04-17,Bill Payment,7300.63,ATM,130101.73
T0013463,A00362,C0289,2025-12-29,Airtime,5517.51,Branch,86578.08
T0004331,A00118,C0097,2025-08-21,Purchase,1328.26,EFT,39777.7
T0007258,A00191,C0156,2026-01-19,Bill Payment,4950.73,EFT,2420.97
T0009094,A00241,C0196,2025-07-30,Airtime,7534.34,ATM,4672.41
T0004271,A00117,C0097,2025-10-06,Salary Credit,7569.53,POS,90728.41
T0012066,A00325,C0260,2026-01-29,Withdrawal,4424.97,EFT,62263.47
T0008720,A00230,C0187,2026-04-09,Deposit,10904.23,ATM,83493.26
T0013217,A00356,C0285,2025-10-21,Transfer In,16524.54,POS,135865.41
T0010959,A00295,C0237,2026-05-29,Airtime,4638.91,USSD,93648.06
T0004729,A00127,C0105,2025-09-09,Bill Payment,6553.51,Branch,14194.2
T0009460,A00251,C0204,2025-11-07,Bill Payment,7841.12,POS,43592.37
T0006836,A00181,C0149,2026-06-08,Salary Credit,,Branch,98517.79
T0009895,A00265,C0217,2025-10-05,Purchase,7693.43,EFT,-2312.32
T0009647,A00258,C0210,2026-01-02,Bill Payment,1114.74,App,1543.36
T0001953,A00055,C0046,2025-11-15,Withdrawal,4115.91,ATM,37257.45
T0002113,A00059,C0049,2026-03-20,Airtime,149.29,App,112061.64
T0003247,A00090,C0075,2025-12-09,Withdrawal,298.26,App,84443.79
T0009753,A00261,C0213,2026-05-05,Purchase,5458.93,POS,28143.65
T0011805,A00317,C0254,2025-10-30,Transfer Out,-4564.5,POS,8492.76
T0004344,A00119,C0098,2025-07-05,Salary Credit,8351.85,App,65998.19
T0006402,A00171,C0141,2026-02-10,Purchase,7168.52,POS,78332.68
T0006070,A00163,C0135,2026-04-04,Transfer In,13740.32,EFT,38485.61
T0004556,A00123,C0102,2025-10-18,Purchase,1961.19,Branch,103786.13
T0011015,A00296,C0238,2026-03-16,Bill Payment,4937.58,POS,217096.76
T0002088,A00058,C0048,2026-02-27,Withdrawal,5484.28,ATM,58623.72
T0008582,A00227,C0185,2025-12-20,Deposit,10887.19,App,69789.44
T0010356,A00278,C0225,2025-10-10,Transfer In,17130.49,USSD,72279.84
T0011070,A00297,C0239,2025-09-08,Withdrawal,,Branch,49598.68
T0013054,A00351,C0281,2026-06-27,Salary Credit,4842.61,ATM,-50390.25
T0013109,A00353,C0283,2025-09-15,Airtime,6042.06,Branch,62568.57
T0001053,A00033,C0030,2026-02-02,Withdrawal,5861.25,Branch,44559.98
T0005306,A00141,C0117,2026-05-10,Transfer Out,5196.16,USSD,30098.63
T0003072,A00085,C0070,2026-02-04,Deposit,10367.29,Branch,76488.23
T0002234,A00062,C0051,2026-03-02,Purchase,528.94,USSD,75791.06
T0003732,A00103,C0085,2025-09-28,Salary Credit,13628.3,Branch,23080.52
T0005819,A00154,C0128,2025-12-08,Airtime,6474.72,EFT,127887.78
T0004385,A00119,C0098,2026-03-21,Bill Payment,5499.85,POS,211345.38
T0003366,A00094,C0079,2025-08-20,Purchase,558.85,POS,6051.87
T0012775,A00345,C0277,2025-11-10,Deposit,20066.0,USSD,42169.77
T0003934,A00108,C0090,2025-07-03,Transfer In,12467.11,USSD,-15516.23
T0009946,A00265,C0217,2026-04-26,Deposit,7894.08,Branch,53697.6
T0013486,A00363,C0290,2026-02-17,Transfer In,10665.22,EFT,55698.57
T0009284,A00246,C0200,2025-09-26,Purchase,2132.76,App,4186.2
T0003367,A00094,C0079,2025-09-02,Salary Credit,18097.46,POS,24149.33
T0010742,A00288,C0232,2026-01-27,Transfer In,-22331.3,Branch,93572.38
T0006027,A00160,C0133,2025-12-02,Transfer In,6623.45,Branch,63100.18
T0010489,A00281,C0228,2026-04-17,Bill Payment,,App,40413.98
T0001602,A00046,C0039,2026-02-07,Salary Credit,10651.06,Branch,82049.02
T0002530,A00069,C0056,2026-04-16,Transfer In,8777.98,Branch,177451.12
T0001467,A00043,C0037,2026-04-04,Airtime,6824.71,ATM,115415.86
T0002911,A00081,C0066,2026-03-20,Airtime,1076.2,POS,61875.33
T0005684,A00151,C0125,2026-01-29,Withdrawal,6771.78,POS,127276.65
T0001180,A00037,C0032,2025-09-19,Airtime,2051.14,App,49022.34
T0005458,A00145,C0120,2026-06-24,Withdrawal,2027.75,Branch,75322.33
T0008632,A00228,C0185,2026-05-08,Bill Payment,1441.02,Branch,-14555.99
T0012594,A00340,C0272,2026-03-07,Deposit,19200.08,EFT,29216.35
T0009670,A00258,C0210,2026-03-27,Airtime,7182.2,App,74637.58
T0012312,A00331,C0265,2026-01-21,Bill Payment,7412.15,Branch,68189.62
T0000346,A00011,C0011,2025-11-26,Purchase,3728.32,EFT,42471.71
T0000780,A00024,C0022,2026-02-24,Deposit,9202.72,POS,45826.57
T0011127,A00299,C0240,2025-08-18,Salary Credit,3602.06,ATM,48067.96
T0004798,A00128,C0106,2026-04-28,Airtime,3387.42,ATM,76451.96
T0006095,A00163,C0135,2026-02-13,Transfer In,9825.41,POS,-1353.7
T0003499,A00097,C0081,2026-01-24,Deposit,14203.23,ATM,109060.75
T0010730,A00288,C0232,2026-01-16,Salary Credit,23560.44,ATM,76442.25
T0007795,A00204,C0167,2026-05-09,Transfer In,16440.89,ATM,35552.82
T0009477,A00252,C0204,2025-12-11,Salary Credit,19906.14,USSD,65489.99
T0000314,A00010,C0010,2025-10-18,Bill Payment,6688.61,USSD,106896.86
T0003594,A00099,C0083,2025-09-22,Deposit,9081.84,ATM,69780.82
T0009187,A00243,C0198,2026-06-18,Salary Credit,22448.74,POS,58029.94
T0006577,A00175,C0145,2026-06-09,Deposit,19507.44,ATM,163349.16
T0012885,A00348,C0279,2026-05-26,Transfer In,290.38,App,53652.3
T0009465,A00252,C0204,2026-02-24,Withdrawal,4951.39,USSD,14775.35
T0006368,A00170,C0141,2026-01-01,Bill Payment,4567.96,App,104063.67
T0009988,A00267,C0218,2026-01-29,Withdrawal,6568.59,USSD,50115.35
T0012658,A00342,C0274,2026-04-22,Deposit,1005.52,POS,119031.96
T0009306,A00247,C0201,2025-11-06,Airtime,3115.21,POS,10301.8
T0003523,A00098,C0082,2025-10-14,Bill Payment,2411.68,Branch,79502.78
T0000718,A00022,C0020,2026-05-20,Withdrawal,2935.54,Branch,25745.27
T0004292,A00118,C0097,2026-01-18,Transfer In,1134.1,EFT,25506.82
T0008655,A00228,C0185,2025-09-26,Transfer Out,352.5,POS,38121.48
T0000333,A00011,C0011,2025-12-17,Airtime,1043.16,App,35920.08
T0008702,A00229,C0186,2026-06-20,Transfer In,2709.44,EFT,123617.66
T0006619,A00177,C0146,2025-09-14,Withdrawal,,USSD,82932.23
T0002554,A00070,C0057,2025-10-21,Transfer Out,876.95,Branch,41107.3
T0009434,A00250,C0203,2026-02-13,Purchase,,Branch,271388.16
T0007897,A00207,C0170,2025-12-18,Transfer In,11299.91,POS,187487.19
T0007393,A00194,C0159,2025-11-04,Purchase,3324.88,POS,71127.89
T0005611,A00149,C0123,2025-11-22,Transfer Out,,ATM,93226.14
T0007668,A00200,C0164,2025-09-03,Transfer In,8657.45,POS,196427.99
T0006980,A00184,C0151,2026-01-10,Withdrawal,6655.89,ATM,59832.24
T0013032,A00350,C0281,2026-01-12,Transfer Out,7816.27,App,79395.1
T0002728,A00075,C0061,2025-07-08,Bill Payment,873.49,ATM,54083.86
T0000888,A00027,C0025,2025-08-19,Bill Payment,2774.24,Branch,166236.56
T0009828,A00263,C0215,2025-11-26,Bill Payment,672.24,App,2304.36
T0008956,A00236,C0191,2025-11-15,Transfer In,20446.43,USSD,47265.41
T0006932,A00183,C0151,2025-07-15,Salary Credit,2226.25,App,177850.26
T0007803,A00204,C0167,2026-05-28,Deposit,21790.27,POS,74184.56
T0009109,A00241,C0196,2025-11-09,Withdrawal,4990.55,USSD,22413.04
T0011164,A00300,C0241,2025-09-29,Withdrawal,51.22,POS,25191.77
T0007834,A00206,C0169,2026-04-11,Bill Payment,3902.13,Branch,31507.15
T0006114,A00164,C0136,2026-03-21,Salary Credit,17988.95,USSD,57233.22
T0001681,A00048,C0041,2026-03-15,Purchase,7630.41,ATM,66137.5
T0013273,A00357,C0286,2025-08-17,Airtime,3822.55,EFT,157728.35
T0003953,A00108,C0090,2026-02-15,Bill Payment,4486.07,App,75524.85
T0009358,A00248,C0202,2025-11-14,Purchase,7452.03,USSD,71223.85
T0009601,A00256,C0208,2026-05-21,Airtime,3882.87,POS,99648.57
T0011025,A00297,C0239,2025-09-27,Deposit,10459.6,POS,101.88
T0008587,A00227,C0185,2025-12-12,Transfer In,19423.13,ATM,93289.01
T0005389,A00144,C0119,2026-04-23,Bill Payment,,Branch,15000.28
T0001563,A00046,C0039,2025-08-14,Withdrawal,,EFT,6223.22
T0008299,A00219,C0180,2025-10-21,Salary Credit,1532.67,USSD,68301.42
T0013902,A00372,C0297,2025-09-26,Purchase,5718.68,EFT,126844.98
T0007531,A00198,C0162,2025-09-16,Purchase,7162.61,App,61603.83
T0010940,A00295,C0237,2025-12-30,Airtime,7537.62,POS,66802.14
T0000592,A00018,C0016,2026-01-30,Purchase,1307.46,USSD,78244.07
T0000411,A00013,C0013,2026-03-13,Transfer In,5948.05,Branch,38674.53
T0004755,A00127,C0105,2025-08-26,Transfer Out,3507.95,Branch,39860.11
T0003464,A00096,C0081,2026-02-26,Bill Payment,751.27,EFT,232804.06
T0004440,A00121,C0100,2025-12-09,Transfer Out,6985.91,USSD,98481.51
T0004680,A00126,C0104,2025-12-10,Purchase,3564.39,ATM,51088.35
T0011924,A00321,C0256,2025-12-19,Withdrawal,4273.67,USSD,66655.2
T0012932,A00349,C0280,2025-10-04,Salary Credit,829.1,App,19943.84
T0008936,A00235,C0190,2026-03-03,Bill Payment,528.68,Branch,163135.86
T0008940,A00235,C0190,2025-10-31,Salary Credit,13698.84,App,157133.29
T0007671,A00200,C0164,2025-12-08,Bill Payment,219.15,ATM,186173.87
T0011752,A00315,C0253,2025-12-09,Airtime,1996.08,EFT,187023.75
T0007082,A00186,C0153,2026-02-14,Airtime,5355.86,POS,199094.21
T0004817,A00129,C0106,2025-09-11,Transfer Out,1143.68,Branch,67387.13
T0013344,A00359,C0288,2026-06-07,Transfer Out,6218.84,App,31388.5
T0001940,A00055,C0046,2026-04-17,Withdrawal,4538.19,App,25033.95
T0009542,A00254,C0206,2026-01-01,Transfer In,6152.53,USSD,38424.48
T0010488,A00281,C0228,2025-07-22,Transfer In,8207.6,USSD,46882.04
T0001711,A00049,C0042,2025-08-24,Salary Credit,10480.72,App,133673.4
T0003697,A00102,C0084,2026-01-07,Withdrawal,399.89,Branch,61379.59
T0007593,A00199,C0163,2025-08-13,Transfer Out,4962.82,USSD,94708.15
T0013698,A00368,C0294,2025-07-16,Purchase,5574.68,ATM,23998.64
T0000063,A00003,C0003,2025-08-06,Deposit,24673.38,ATM,30372.85
T0007181,A00189,C0155,2026-03-12,Purchase,3546.09,POS,104587.73
T0005948,A00158,C0131,2025-07-28,Transfer In,20941.22,ATM,51694.34
T0011972,A00322,C0257,2025-10-06,Transfer Out,5050.27,Branch,128764.48
T0006051,A00161,C0133,2026-03-12,Withdrawal,760.72,USSD,32499.89
T0002034,A00057,C0047,2026-05-03,Bill Payment,7565.0,ATM,54151.63
T0007756,A00203,C0166,2025-10-24,Airtime,4954.83,USSD,96390.33
T0009262,A00245,C0200,2026-04-13,Deposit,1190.51,Branch,119148.93
T0006045,A00161,C0133,2025-11-17,Transfer Out,4747.62,EFT,23812.15
T0001709,A00049,C0042,2026-03-01,Salary Credit,7321.9,POS,128540.92
T0009479,A00252,C0204,2025-10-15,Transfer In,24936.12,ATM,106768.64
T0011303,A00303,C0243,2025-09-08,Salary Credit,19335.72,ATM,60741.22
T0006040,A00161,C0133,2026-05-17,Bill Payment,3922.67,USSD,13147.24
T0006328,A00169,C0140,2026-05-17,Purchase,2530.25,ATM,54310.63
T0003490,A00097,C0081,2025-11-15,Withdrawal,638.4,USSD,87546.36
T0009590,A00256,C0208,2025-12-17,Airtime,2863.09,USSD,73377.72
T0008118,A00213,C0174,2026-05-31,Salary Credit,4796.86,USSD,61069.11
T0008139,A00214,C0175,2025-11-05,Salary Credit,397.24,Branch,68730.41
T0007553,A00198,C0162,2026-03-18,Airtime,1126.76,EFT,114445.95
T0004313,A00118,C0097,2025-09-17,Bill Payment,7216.35,ATM,31180.28
T0005865,A00156,C0130,2025-11-06,Salary Credit,12420.97,Branch,17133.77
T0002349,A00066,C0054,2026-01-11,Bill Payment,307.15,USSD,16773.83
T0013582,A00364,C0291,2026-04-18,Transfer In,3745.07,ATM,155218.33
T0013138,A00354,C0283,2025-08-08,Transfer Out,3687.11,Branch,50609.24
T0012496,A00338,C0270,2026-01-14,Bill Payment,1125.63,EFT,6725.77
T0007446,A00196,C0161,2026-04-20,Transfer In,20525.0,App,94656.02
T0002091,A00058,C0048,2026-02-28,Bill Payment,6242.44,Branch,44888.85
T0005469,A00145,C0120,2025-09-06,Salary Credit,8056.5,App,113828.92
T0013311,A00358,C0287,2025-08-11,Deposit,5133.09,USSD,105005.8
T0002862,A00080,C0066,2026-01-08,Withdrawal,446.13,EFT,9444.19
T0012075,A00326,C0261,2026-04-22,Salary Credit,16070.54,POS,74211.46
T0004472,A00122,C0101,2026-05-30,Withdrawal,6025.29,USSD,-1447.88
T0006053,A00162,C0134,2025-10-05,Bill Payment,6880.51,EFT,28079.97
T0000672,A00020,C0018,2026-04-24,Salary Credit,24047.27,USSD,62742.8
T0011976,A00323,C0258,2026-05-13,Bill Payment,3324.37,USSD,13779.27
T0003511,A00098,C0082,2026-06-30,Deposit,129.65,POS,60032.61
T0006459,A00173,C0143,2025-10-09,Deposit,5777.15,Branch,40291.75
T0013903,A00372,C0297,2025-07-07,Transfer Out,2150.85,App,124694.13
T0010446,A00280,C0227,2026-01-31,Salary Credit,19123.21,USSD,66527.25
T0001847,A00052,C0044,2026-03-22,Transfer In,179.62,POS,135586.78
T0008758,A00231,C0188,2026-04-25,Airtime,2453.98,Branch,22010.27
T0011445,A00307,C0246,2026-06-14,Purchase,663.88,USSD,84733.2
T0003196,A00088,C0073,2026-06-30,Salary Credit,24791.76,App,96034.28
T0002426,A00067,C0055,2025-07-13,Bill Payment,4409.25,POS,166774.09
T0007818,A00205,C0168,2026-05-27,Airtime,523.73,EFT,89510.4
T0010962,A00296,C0238,2025-12-24,Bill Payment,1165.5,App,28322.38
T0008418,A00222,C0181,2026-01-11,Bill Payment,4130.48,EFT,173160.21
T0007305,A00192,C0157,2026-06-30,Withdrawal,3858.09,EFT,77397.74
T0002887,A00080,C0066,2025-08-31,Transfer Out,6749.6,EFT,88507.97
T0006314,A00169,C0140,2025-09-03,Withdrawal,72.9,ATM,24896.84
T0003939,A00108,C0090,2025-11-01,Withdrawal,6006.7,App,-9637.38
T0012387,A00333,C0266,2025-10-05,Bill Payment,,USSD,90367.06
T0010521,A00282,C0228,2025-08-25,Bill Payment,791.62,ATM,8363.79
T0003277,A00091,C0076,2025-12-11,Bill Payment,6240.43,POS,26502.45
T0001139,A00035,C0031,2025-12-08,Withdrawal,6265.52,EFT,142984.64
T0003067,A00085,C0070,2025-10-17,Deposit,6558.0,USSD,40401.6
T0008553,A00226,C0184,2026-02-23,Deposit,19234.4,USSD,46115.4
T0009971,A00266,C0217,2026-01-16,Withdrawal,4955.24,USSD,2830.61
T0009183,A00243,C0198,2025-11-28,Transfer Out,6282.08,App,-1660.87
T0004336,A00118,C0097,2026-02-21,Bill Payment,4946.15,ATM,41468.71
T0012948,A00349,C0280,2025-09-24,Transfer In,20673.81,POS,15516.03
T0002926,A00081,C0066,2026-05-22,Bill Payment,3234.2,App,150425.53
T0002865,A00080,C0066,2025-07-09,Salary Credit,24798.16,ATM,42993.6
T0001683,A00048,C0041,2025-07-17,Salary Credit,23330.08,USSD,84777.49
T0004375,A00119,C0098,2025-07-09,Deposit,17525.1,EFT,244647.9
T0000296,A00010,C0010,2026-01-05,Transfer In,19426.05,Branch,29225.78
T0012922,A00348,C0279,2026-05-31,Withdrawal,1522.18,POS,105785.63
T0004529,A00123,C0102,2025-10-18,Withdrawal,1089.42,Branch,73652.11
T0004812,A00129,C0106,2026-02-19,Transfer In,13933.69,ATM,36797.15
T0006949,A00183,C0151,2025-12-13,Deposit,17081.28,EFT,225759.77
T0005104,A00135,C0112,2026-03-25,Airtime,4878.05,EFT,19875.5
T0005588,A00148,C0122,2025-07-07,Withdrawal,1165.75,ATM,224986.57
T0002182,A00061,C0050,2025-09-21,Transfer In,9841.83,EFT,38750.96
T0007507,A00197,C0161,2026-04-03,Purchase,2560.01,ATM,57982.84
T0012086,A00326,C0261,2025-09-25,Airtime,695.01,App,101323.81
T0009298,A00247,C0201,2025-09-18,Withdrawal,2249.32,ATM,51332.42
T0003295,A00091,C0076,2026-04-14,Airtime,5599.03,USSD,68086.36
T0011753,A00316,C0254,2026-03-12,Transfer In,12340.89,Branch,14307.36
T0005857,A00155,C0129,2025-09-24,Purchase,515.87,ATM,154949.05
T0005542,A00147,C0121,2025-08-10,Purchase,2983.26,App,80305.58
T0004860,A00130,C0107,2026-06-27,Transfer In,15870.59,App,112479.24
T0005114,A00136,C0112,2026-04-26,Deposit,2216.59,EFT,39100.91
T0004984,A00133,C0110,2025-10-14,Transfer Out,3276.53,USSD,12874.49
T0000963,A00030,C0028,2025-11-12,Transfer Out,4145.44,ATM,80404.16
T0004921,A00131,C0108,2025-12-11,Deposit,9093.34,POS,57080.17
T0003795,A00104,C0086,2026-04-21,Bill Payment,4609.56,EFT,72343.75
T0008555,A00226,C0184,2026-05-29,Bill Payment,1562.38,App,42719.13
T0008616,A00227,C0185,2025-07-14,Transfer Out,7223.58,Branch,165505.13
T0013646,A00366,C0293,2026-06-05,Bill Payment,4103.48,ATM,35512.72
T0012627,A00342,C0274,2026-04-18,Salary Credit,1023.32,Branch,56566.5
T0007981,A00209,C0172,2026-01-23,Bill Payment,4046.98,POS,118859.06
T0005143,A00136,C0112,2026-03-02,Deposit,11267.48,App,103128.39
T0001503,A00044,C0037,2025-11-17,Withdrawal,4181.58,ATM,91300.77
T0009202,A00243,C0198,2025-09-28,Airtime,2831.76,Branch,167125.2
T0002355,A00066,C0054,2025-11-02,Withdrawal,1433.32,POS,37429.41
T0012597,A00340,C0272,2025-07-23,Purchase,4972.66,ATM,37921.66
T0013168,A00355,C0284,2026-05-30,Deposit,24042.19,POS,63761.99
T0006871,A00182,C0150,2025-09-04,Airtime,499.01,POS,51048.4
T0002256,A00062,C0051,2026-06-27,Purchase,4068.48,EFT,90645.68
T0000865,A00027,C0025,2026-06-03,Withdrawal,971.36,USSD,51782.69
T0013497,A00363,C0290,2025-11-25,Transfer Out,4846.06,ATM,112275.54
T0004089,A00112,C0093,2026-01-24,Purchase,6060.33,EFT,44876.48
T0011801,A00317,C0254,2025-11-16,Purchase,5969.94,ATM,24464.3
T0003770,A00103,C0085,2025-09-07,Airtime,2809.5,EFT,71043.75
T0005947,A00158,C0131,2025-09-05,Salary Credit,15928.07,ATM,30753.12
T0010628,A00285,C0230,2026-02-21,Transfer Out,3122.44,USSD,57291.59
T0002321,A00064,C0053,2026-06-03,Bill Payment,7498.23,EFT,100020.82
T0000841,A00026,C0024,2026-04-13,Withdrawal,3350.42,App,55313.63
T0002054,A00058,C0048,2026-03-25,Transfer Out,227.01,POS,66677.63
T0012534,A00338,C0270,2025-09-27,Airtime,5766.29,Branch,13696.36
T0002361,A00066,C0054,2026-06-17,Transfer In,5334.45,EFT,20927.6
T0012595,A00340,C0272,2026-03-01,Deposit,21554.69,ATM,50771.04
T0000170,A00006,C0006,2025-08-14,Bill Payment,4459.79,Branch,42805.66
T0002924,A00081,C0066,2026-04-05,Airtime,3279.23,POS,141288.36
T0014007,A00375,C0299,2025-07-18,Transfer In,12641.18,Branch,62694.33
T0001496,A00044,C0037,2025-11-03,Withdrawal,119.57,EFT,91601.05
T0003747,A00103,C0085,2025-09-26,Transfer Out,3131.1,POS,32531.88
T0008589,A00227,C0185,2026-05-22,Bill Payment,1208.48,POS,115858.92
T0012923,A00348,C0279,2025-08-12,Bill Payment,-6579.03,App,99206.6
T0006080,A00163,C0135,2026-04-05,Withdrawal,5659.73,USSD,23665.72
T0011399,A00306,C0245,2026-04-07,Purchase,2529.77,Branch,32916.37
T0006581,A00175,C0145,2025-12-26,Salary Credit,22514.49,Branch,178899.74
T0000643,A00019,C0017,2025-12-26,Purchase,4073.44,USSD,61614.19
T0008810,A00232,C0188,2025-11-05,Deposit,1777.83,POS,42710.33
T0007567,A00199,C0163,2026-03-21,Airtime,6500.86,App,58305.5
T0000941,A00030,C0028,2025-11-11,Purchase,5505.99,Branch,36098.0
T0009557,A00255,C0207,2026-05-12,Purchase,6055.65,ATM,48268.66
T0009151,A00242,C0197,2025-08-27,Airtime,2167.53,USSD,31128.81
T0003776,A00103,C0085,2026-05-03,Bill Payment,4555.43,ATM,104773.48
T0012173,A00329,C0264,2025-10-03,Airtime,6920.4,POS,-17065.72
T0008798,A00232,C0188,2026-04-15,Bill Payment,1456.85,ATM,35302.94
T0002394,A00067,C0055,2026-03-01,Transfer Out,4448.87,Branch,52119.86
T0011661,A00313,C0251,2026-06-20,Deposit,6978.63,ATM,91628.98
T0006702,A00178,C0147,2025-11-23,Bill Payment,,ATM,88005.17
T0013257,A00357,C0286,2025-08-17,Withdrawal,4536.7,USSD,126884.14
T0014088,A00376,C0300,2026-06-11,Transfer In,2835.79,POS,155374.15
T0013671,A00366,C0293,2026-05-27,Transfer In,24241.24,EFT,120918.31
T0001574,A00046,C0039,2025-11-01,Bill Payment,1557.43,App,61049.61
T0006067,A00162,C0134,2025-11-18,Airtime,2544.59,ATM,79756.9
T0008844,A00233,C0189,2025-09-20,Bill Payment,7308.56,POS,92519.66
T0013265,A00357,C0286,2025-10-25,Bill Payment,3283.8,Branch,146391.64
T0011886,A00319,C0255,2026-03-25,Transfer Out,2378.57,USSD,131054.43
T0005660,A00151,C0125,2026-05-13,Purchase,3090.12,Branch,71189.96
T0009852,A00263,C0215,2026-01-26,Transfer In,12854.94,EFT,30337.76
T0013921,A00373,C0298,2026-03-19,Deposit,20174.42,App,70652.66
T0011439,A00307,C0246,2025-11-16,Purchase,7926.5,USSD,60080.71
T0003761,A00103,C0085,2025-07-06,Deposit,18473.42,USSD,51479.38
T0005796,A00154,C0128,2026-04-27,Transfer Out,4931.5,USSD,50649.54
T0000067,A00003,C0003,2026-05-18,Bill Payment,3400.13,USSD,62484.21
T0007731,A00202,C0165,2026-02-06,Bill Payment,7731.33,USSD,97561.29
T0001387,A00041,C0036,2026-01-25,Airtime,6765.06,App,62463.26
T0010135,A00272,C0221,2025-12-15,Deposit,9751.37,ATM,52488.38
T0000487,A00014,C0014,2025-11-12,Airtime,3643.55,POS,157126.91
T0012019,A00324,C0259,2026-06-25,Deposit,13661.16,ATM,54542.05
T0005468,A00145,C0120,2025-08-04,Deposit,21724.25,EFT,105772.42
T0006978,A00184,C0151,2026-05-12,Salary Credit,21657.0,App,55775.99
T0005677,A00151,C0125,2026-05-18,Airtime,,ATM,128675.57
T0009562,A00255,C0207,2025-10-19,Purchase,5791.9,ATM,67382.56
T0007306,A00192,C0157,2025-07-25,Transfer In,5138.08,USSD,82535.82
T0000319,A00010,C0010,2025-07-09,Bill Payment,5392.92,USSD,89574.84
T0006762,A00180,C0149,2025-10-29,Withdrawal,6568.54,USSD,31880.83
T0010065,A00269,C0219,2026-05-17,Deposit,21661.08,App,135494.05
T0002052,A00058,C0048,2025-11-29,Salary Credit,8333.46,Branch,71668.18
T0011080,A00298,C0240,2025-08-27,Salary Credit,18886.5,POS,37893.74
T0008496,A00225,C0183,2025-08-10,Withdrawal,,POS,56609.16
T0011671,A00313,C0251,2026-01-25,Salary Credit,7872.17,ATM,97624.46
T0001128,A00035,C0031,2025-11-18,Withdrawal,5447.78,Branch,81962.95
T0001167,A00036,C0032,2026-06-04,Purchase,7530.47,POS,48774.54
T0004457,A00121,C0100,2025-07-04,Bill Payment,3116.43,POS,161261.79
T0010433,A00279,C0226,2026-06-21,Airtime,4206.87,App,87094.89
T0009764,A00261,C0213,2026-01-12,Deposit,-13598.15,POS,79485.87
T0003989,A00109,C0091,2026-03-04,Deposit,5491.17,Branch,6605.7
T0009267,A00245,C0200,2025-08-22,Salary Credit,,EFT,171953.73
T0001403,A00041,C0036,2025-08-13,Purchase,3297.54,App,108938.26
T0013926,A00373,C0298,2025-08-24,Withdrawal,1038.42,Branch,57048.51
T0010822,A00292,C0235,2026-02-16,Salary Credit,1028.17,POS,30229.8
T0004214,A00116,C0096,2026-02-18,Bill Payment,1431.83,EFT,63339.91
T0003213,A00089,C0074,2026-03-08,Purchase,265.03,POS,7472.31
T0003602,A00099,C0083,2025-10-06,Salary Credit,12471.2,ATM,81228.15
T0011621,A00312,C0250,2025-10-22,Salary Credit,8776.06,EFT,132810.65
T0012519,A00338,C0270,2026-06-19,Purchase,3622.34,App,23233.12
T0008533,A00226,C0184,2026-01-24,Purchase,7454.77,ATM,41912.55
T0009794,A00262,C0214,2025-08-30,Withdrawal,4307.96,Branch,34049.36
T0008356,A00220,C0180,2026-01-29,Withdrawal,5949.05,POS,116587.7
T0007869,A00206,C0169,2026-01-25,Airtime,1909.23,ATM,64822.73
T0006161,A00165,C0137,2025-07-17,Salary Credit,18861.8,App,22262.25
T0004582,A00124,C0103,2026-06-10,Withdrawal,830.02,POS,64035.69
T0002673,A00073,C0059,2026-04-01,Bill Payment,150.42,USSD,59554.2
T0010078,A00270,C0220,2025-08-24,Deposit,1410.76,App,37997.52
T0001415,A00041,C0036,2025-07-05,Bill Payment,3851.94,App,113329.24
T0011116,A00299,C0240,2026-01-02,Deposit,23252.49,EFT,25227.58
T0000659,A00020,C0018,2025-07-01,Airtime,895.39,App,37311.85
T0010806,A00291,C0234,2025-08-23,Deposit,17345.42,POS,73486.53
T0013533,A00364,C0291,2026-06-01,Salary Credit,7021.55,App,73187.36
T0007483,A00196,C0161,2025-08-08,Airtime,3690.38,EFT,267590.1
T0011471,A00309,C0248,2025-12-03,Transfer Out,2098.17,POS,39820.04
T0009679,A00259,C0211,2026-03-28,Transfer Out,5064.42,App,39405.77
T0007092,A00187,C0154,2025-11-29,Bill Payment,5884.08,EFT,30536.6
T0006879,A00182,C0150,2025-09-06,Airtime,1463.06,EFT,98869.23
T0005202,A00138,C0114,2026-02-27,Transfer In,7450.28,Branch,95206.39
T0001249,A00038,C0033,2026-02-15,Bill Payment,4097.99,POS,82571.91
T0001250,A00038,C0033,2026-04-27,Deposit,5891.89,App,88463.8
T0013383,A00360,C0288,2025-12-18,Purchase,7265.14,Branch,68196.78
T0011799,A00317,C0254,2026-04-23,Airtime,6607.37,App,32678.26
T0008128,A00214,C0175,2026-03-08,Transfer In,11562.27,ATM,71425.42
T0011158,A00299,C0240,2026-03-01,Purchase,2268.38,ATM,153892.56
T0005128,A00136,C0112,2026-04-02,Airtime,6972.92,EFT,91274.59
T0008739,A00230,C0187,2025-09-21,Deposit,2532.24,USSD,91840.54
T0006233,A00166,C0138,2025-12-31,Transfer Out,4236.55,ATM,191867.45
T0001086,A00034,C0030,2026-02-09,Purchase,3331.19,Branch,115492.01
T0012018,A00324,C0259,2026-05-30,Withdrawal,3115.96,ATM,40880.89
T0010704,A00288,C0232,2026-01-14,Bill Payment,,App,42042.46
T0007129,A00188,C0154,2025-11-17,Transfer Out,4840.49,App,100127.02
T0003982,A00109,C0091,2026-05-24,Deposit,19084.44,EFT,-17951.75
T0001424,A00042,C0036,2026-03-19,Bill Payment,5158.11,Branch,36863.79
T0008975,A00237,C0192,2026-05-30,Salary Credit,22204.84,USSD,22795.03
T0002259,A00062,C0051,2026-03-23,Purchase,7203.84,POS,105950.6
T0008689,A00229,C0186,2026-03-23,Bill Payment,6104.96,App,34195.63
T0005667,A00151,C0125,2026-06-03,Bill Payment,4436.2,Branch,92962.43
T0008344,A00220,C0180,2026-01-02,Salary Credit,10976.34,EFT,21120.82
T0011181,A00300,C0241,2025-08-26,Withdrawal,6238.45,POS,31037.55
T0000453,A00014,C0014,2025-12-05,Airtime,3309.39,App,35819.47
T0005100,A00135,C0112,2025-11-25,Purchase,2288.54,ATM,28424.87
T0005411,A00144,C0119,2025-10-23,Transfer Out,2610.29,USSD,143293.03
T0006896,A00183,C0151,2026-03-29,Transfer Out,7582.93,EFT,32018.81
T0008146,A00215,C0176,2025-11-20,Salary Credit,22208.64,POS,91308.66
T0006815,A00180,C0149,2026-04-27,Transfer Out,2566.3,EFT,176444.8
T0005736,A00153,C0127,2026-05-12,Salary Credit,21139.35,ATM,73949.36
T0002855,A00080,C0066,2025-10-17,Withdrawal,7623.24,Branch,646.92
T0001185,A00037,C0032,2025-11-28,Withdrawal,6291.27,App,67037.28
T0009652,A00258,C0210,2026-06-12,Deposit,24116.65,USSD,57488.01
T0001731,A00049,C0042,2025-10-07,Withdrawal,4665.22,USSD,181970.29
T0009581,A00256,C0208,2025-10-19,Bill Payment,164.0,ATM,29174.64
T0000368,A00012,C0012,2025-10-02,Transfer Out,1358.42,EFT,51758.19
T0003082,A00085,C0070,2025-08-30,Withdrawal,-329.07,USSD,119993.45
T0003143,A00086,C0071,2026-04-14,Airtime,835.63,Branch,71411.52
T0001444,A00042,C0036,2026-01-16,Bill Payment,4865.6,App,48111.26
T0013369,A00359,C0288,2026-06-17,Deposit,4498.37,POS,164823.66
T0008452,A00223,C0182,2025-08-31,Salary Credit,16749.51,ATM,102420.69
T0001036,A00033,C0030,2025-12-22,Transfer Out,4050.08,Branch,21801.8
T0006774,A00180,C0149,2025-11-28,Withdrawal,4663.04,USSD,42478.62
T0009495,A00253,C0205,2026-06-03,Deposit,19510.93,ATM,48648.72
T0003282,A00091,C0076,2025-11-20,Salary Credit,24797.8,POS,102678.25
T0013485,A00363,C0290,2025-08-12,Deposit,5454.08,POS,45033.35
T0007723,A00202,C0165,2025-12-21,Salary Credit,20892.19,App,81939.89
T0003709,A00102,C0084,2026-03-31,Transfer In,7882.24,App,65400.38
T0011017,A00296,C0238,2026-04-11,Purchase,4414.2,App,209447.19
T0001754,A00050,C0042,2026-02-06,Bill Payment,4405.37,App,62387.9
T0001828,A00052,C0044,2025-09-12,Deposit,20368.28,USSD,99550.58
T0008545,A00226,C0184,2026-03-10,Withdrawal,2901.72,ATM,57445.52
T0000218,A00008,C0008,2025-09-05,Bill Payment,5075.23,EFT,58226.3
T0013657,A00366,C0293,2026-01-06,Airtime,98.23,ATM,70727.37
T0001522,A00045,C0038,2026-01-15,Transfer In,5299.63,App,13911.57
T0010379,A00279,C0226,2025-07-01,Salary Credit,,ATM,12742.62
T0000373,A00012,C0012,2025-08-17,Salary Credit,16518.88,POS,96642.73
T0000693,A00021,C0019,2026-01-12,Airtime,7694.87,App,-943.94
T0012892,A00348,C0279,2025-08-27,Transfer Out,2865.88,POS,82091.66
T0005319,A00142,C0117,2026-05-29,Airtime,3751.39,Branch,-245.19
T0009762,A00261,C0213,2026-03-19,Transfer In,9869.9,Branch,72705.88
T0013997,A00374,C0298,2026-04-19,Withdrawal,7249.27,App,167371.08
T0013070,A00352,C0282,2026-03-23,Withdrawal,,App,-3409.96
T0005354,A00143,C0118,2026-02-27,Transfer Out,5666.19,ATM,-3117.68
T0012169,A00329,C0264,2026-06-25,Bill Payment,4948.74,ATM,-12.22
T0009475,A00252,C0204,2026-03-18,Bill Payment,3588.96,Branch,26129.05
T0007811,A00204,C0167,2025-12-14,Transfer Out,5636.35,EFT,102533.64
T0002543,A00069,C0056,2026-05-18,Salary Credit,14922.27,EFT,260794.22
T0009705,A00259,C0211,2025-08-07,Deposit,10517.88,EFT,104051.21
T0001408,A00041,C0036,2025-10-10,Withdrawal,1532.75,EFT,114816.56
T0005531,A00147,C0121,2025-10-22,Transfer In,590.38,Branch,57235.69
T0013089,A00353,C0283,2026-03-27,Transfer In,1901.71,EFT,24105.23
T0011141,A00299,C0240,2025-09-20,Bill Payment,1615.61,POS,146173.16
T0005692,A00151,C0125,2026-03-10,Salary Credit,23722.32,EFT,194247.41
T0001085,A00034,C0030,2026-01-22,Deposit,12337.68,Branch,118823.2
T0005207,A00138,C0114,2026-06-30,Withdrawal,7151.75,USSD,97253.56
T0009214,A00244,C0199,2025-08-14,Withdrawal,4168.02,USSD,43570.32
T0006545,A00175,C0145,2025-12-15,Withdrawal,5471.13,EFT,60546.71
T0006970,A00184,C0151,2026-04-09,Airtime,3673.52,POS,12206.91
T0013003,A00350,C0281,2025-08-06,Deposit,2792.34,EFT,128723.23
T0013946,A00373,C0298,2025-07-04,Airtime,978.39,App,118621.94
T0007416,A00195,C0160,2025-07-18,Withdrawal,5585.57,USSD,52951.64
T0003047,A00084,C0069,2025-08-28,Purchase,3194.6,USSD,112655.57
T0009199,A00243,C0198,2026-01-01,Deposit,18145.47,EFT,153902.88
T0011668,A00313,C0251,2026-06-20,Bill Payment,6734.86,Branch,89970.44
T0002750,A00076,C0062,2025-11-03,Airtime,385.51,EFT,-10049.92
T0011681,A00313,C0251,2026-02-07,Transfer In,1653.65,EFT,128364.62
T0010948,A00295,C0237,2026-01-08,Bill Payment,6407.31,ATM,80580.54
T0011324,A00304,C0244,2026-02-12,Purchase,,EFT,-24212.79
T0001081,A00034,C0030,2025-08-13,Transfer In,23883.69,App,93188.65
T0004465,A00122,C0101,2026-02-12,Transfer In,18519.4,USSD,28991.21
T0014126,A00377,C0300,2025-12-29,Withdrawal,3980.08,USSD,37126.26
T0003803,A00104,C0086,2025-07-18,Transfer In,7696.17,POS,131704.05
T0009645,A00258,C0210,2025-11-12,Purchase,281.36,EFT,10558.65
T0003193,A00088,C0073,2026-03-15,Transfer Out,4276.6,EFT,37444.88
T0001051,A00033,C0030,2026-03-24,Airtime,6061.23,App,52367.12
T0000009,A00001,C0001,2026-06-09,Salary Credit,13240.1,POS,45899.09
T0000937,A00029,C0027,2026-05-25,Purchase,5048.65,ATM,56351.71
T0007185,A00189,C0155,2025-08-02,Transfer In,6464.91,ATM,146428.24
T0011867,A00319,C0255,2025-09-12,Airtime,387.61,EFT,28114.71
T0004366,A00119,C0098,2026-06-13,Salary Credit,18739.18,USSD,206687.4
T0008755,A00231,C0188,2025-11-29,Airtime,1758.71,Branch,32350.66
T0012266,A00331,C0265,2025-07-22,Deposit,10844.99,EFT,-3554.87
T0004754,A00127,C0105,2025-11-09,Transfer Out,6934.45,POS,43368.06
T0008282,A00218,C0179,2025-12-04,Transfer In,17305.25,POS,30248.73
T0007486,A00196,C0161,2025-10-16,Withdrawal,6878.66,EFT,301238.59
T0008243,A00217,C0178,2025-10-03,Deposit,17743.7,App,157345.5
T0008446,A00223,C0182,2025-07-13,Salary Credit,,USSD,59636.36
T0008857,A00233,C0189,2025-11-21,Bill Payment,3939.88,Branch,84606.65
T0000859,A00026,C0024,2025-09-02,Salary Credit,2846.87,Branch,197056.65
T0008064,A00212,C0173,2025-11-08,Deposit,22330.24,App,37082.66
T0000284,A00010,C0010,2026-05-29,Purchase,4041.07,Branch,-4209.47
T0002391,A00067,C0055,2026-01-08,Purchase,2969.15,App,24492.88
T0000162,A00005,C0005,2026-06-07,Withdrawal,703.94,POS,34553.81
T0010496,A00281,C0228,2025-10-21,Transfer In,285.16,POS,36547.03
T0009589,A00256,C0208,2026-03-11,Deposit,6691.74,USSD,76240.81
T0000351,A00011,C0011,2026-01-06,Transfer In,1165.93,Branch,67343.85
T0003741,A00103,C0085,2026-05-06,Transfer Out,7111.5,EFT,34078.01
T0012623,A00342,C0274,2025-12-30,Transfer Out,53.72,EFT,36529.47
T0006211,A00166,C0138,2026-02-04,Bill Payment,60.61,App,74619.63
T0007646,A00200,C0164,2026-02-10,Deposit,3681.53,ATM,140308.61
T0010047,A00269,C0219,2026-03-01,Purchase,1459.81,EFT,80873.91
T0013161,A00354,C0283,2026-03-21,Deposit,7930.61,Branch,147500.03
T0011954,A00322,C0257,2026-01-29,Transfer In,19046.76,POS,56863.69
T0007847,A00206,C0169,2025-09-22,Withdrawal,2172.06,EFT,49390.75
T0006203,A00166,C0138,2025-11-24,Bill Payment,2911.1,USSD,78841.63
T0004608,A00124,C0103,2026-04-23,Withdrawal,6177.84,Branch,137416.87
T0010717,A00288,C0232,2025-12-20,Salary Credit,13242.91,POS,31910.94
T0010464,A00280,C0227,2026-05-28,Withdrawal,529.5,App,102997.51
T0002360,A00066,C0054,2025-10-04,Withdrawal,5751.67,EFT,15593.15
T0013194,A00355,C0284,2026-06-13,Withdrawal,157.94,App,87895.62
T0013872,A00372,C0297,2026-06-02,Transfer Out,,POS,15184.6
T0003954,A00108,C0090,2025-10-02,Transfer Out,4385.3,USSD,71139.55
T0004372,A00119,C0098,2025-11-09,Bill Payment,829.41,USSD,236921.68
T0008722,A00230,C0187,2025-07-14,Withdrawal,7638.65,EFT,74009.66
T0007814,A00205,C0168,2025-10-08,Salary Credit,20402.73,ATM,86223.94
T0009040,A00239,C0194,2026-02-28,Withdrawal,324.33,EFT,54224.91
T0007424,A00195,C0160,2026-05-21,Transfer In,13809.46,App,114817.67
T0005714,A00152,C0126,2025-09-24,Salary Credit,13313.1,App,73435.98
T0004536,A00123,C0102,2025-08-23,Deposit,12198.54,POS,96408.24
T0009036,A00239,C0194,2026-01-13,Bill Payment,5696.51,App,55329.68
T0000149,A00005,C0005,2025-12-23,Purchase,7105.69,App,48837.0
T0002536,A00069,C0056,2025-11-04,Transfer In,14993.47,Branch,200443.19
T0001219,A00037,C0032,2025-11-18,Transfer Out,5339.92,USSD,86552.3
T0005578,A00148,C0122,2025-12-20,Salary Credit,22341.06,Branch,169120.27
T0008675,A00229,C0186,2026-06-02,Transfer In,19644.66,Branch,24889.74
T0000804,A00025,C0023,2025-09-01,Deposit,10173.6,ATM,92998.59
T0003524,A00098,C0082,2026-05-11,Transfer Out,7331.0,POS,72171.78
T0004068,A00112,C0093,2025-10-06,Purchase,5647.1,USSD,29743.26
T0012609,A00341,C0273,2025-12-01,Bill Payment,5250.78,ATM,86090.05
T0000430,A00013,C0013,2026-04-17,Deposit,10020.21,App,45552.75
T0013243,A00357,C0286,2026-05-09,Transfer Out,7193.63,App,53728.81
T0003665,A00102,C0084,2026-03-31,Bill Payment,6114.48,Branch,21453.46
T0004982,A00133,C0110,2026-03-15,Bill Payment,3631.66,ATM,9273.22
T0006214,A00166,C0138,2026-01-28,Transfer Out,2447.57,POS,85076.95
T0013033,A00350,C0281,2025-09-02,Purchase,1469.66,ATM,77925.44
T0010625,A00285,C0230,2026-04-18,Bill Payment,4564.64,ATM,72907.14
T0006082,A00163,C0135,2025-08-22,Transfer Out,-3105.95,ATM,19959.69
T0013911,A00373,C0298,2025-08-31,Purchase,6908.2,USSD,-4127.97
T0006847,A00182,C0150,2025-07-31,Transfer In,16013.27,ATM,41022.73
T0008846,A00233,C0189,2026-04-27,Withdrawal,3351.24,ATM,89118.09
T0003563,A00098,C0082,2026-05-16,Transfer In,,Branch,165263.77
T0004926,A00131,C0108,2026-05-22,Airtime,5342.3,App,64220.36
T0003155,A00086,C0071,2025-07-12,Purchase,2895.32,Branch,92534.64
T0013844,A00371,C0296,2026-03-07,Bill Payment,5884.88,POS,19590.6
T0001948,A00055,C0046,2025-11-13,Withdrawal,3929.29,Branch,32659.71
T0006697,A00178,C0147,2025-10-16,Transfer Out,6376.67,App,98397.54
T0004475,A00122,C0101,2026-05-05,Withdrawal,5954.36,EFT,-7390.51
T0008706,A00229,C0186,2026-06-26,Transfer In,21729.7,Branch,175592.32
T0008269,A00218,C0179,2025-11-12,Bill Payment,7320.45,App,-20091.61
T0013963,A00374,C0298,2026-05-17,Salary Credit,7180.92,EFT,116206.09
T0001946,A00055,C0046,2026-04-16,Airtime,3323.58,Branch,44423.64
T0006797,A00180,C0149,2025-08-02,Bill Payment,5082.57,EFT,76401.49
T0002483,A00068,C0056,2025-12-11,Airtime,267.7,EFT,271459.91
T0008488,A00224,C0183,2026-02-15,Deposit,15717.24,EFT,1332.85
T0009456,A00251,C0204,2026-04-22,Transfer In,13964.12,USSD,37424.44
T0001420,A00042,C0036,2026-05-21,Purchase,1850.49,App,20082.66
T0012660,A00342,C0274,2025-12-31,Deposit,24216.78,App,142500.66
T0005849,A00155,C0129,2026-06-17,Transfer In,14745.34,App,104431.26
T0008465,A00223,C0182,2026-05-12,Transfer Out,368.5,App,162843.4
T0003357,A00093,C0078,2026-05-12,Deposit,7111.59,EFT,-6908.72
T0010598,A00284,C0230,2026-06-18,Transfer In,23306.01,App,75329.1
T0011796,A00316,C0254,2026-05-24,Salary Credit,22537.25,ATM,103526.81
T0013932,A00373,C0298,2025-11-23,Transfer In,21996.36,POS,64607.06
T0009086,A00240,C0195,2026-06-07,Transfer In,3606.76,Branch,195904.79
T0007346,A00193,C0158,2026-02-22,Salary Credit,-22517.69,USSD,85615.39
T0004644,A00125,C0104,2025-11-18,Withdrawal,,EFT,58301.27
T0002187,A00061,C0050,2025-08-22,Salary Credit,5881.31,App,58071.2
T0004676,A00126,C0104,2025-07-26,Transfer Out,2887.1,POS,61728.79
T0008761,A00231,C0188,2026-05-09,Deposit,14180.77,Branch,33450.93
T0006427,A00171,C0141,2025-08-31,Transfer In,10236.34,USSD,131959.51
T0013766,A00370,C0296,2025-07-16,Withdrawal,1413.81,POS,48976.57
T0013400,A00360,C0288,2025-07-29,Airtime,1481.93,ATM,107535.89
T0001843,A00052,C0044,2025-10-06,Deposit,23734.65,ATM,139587.66
T0003789,A00104,C0086,2025-12-19,Transfer Out,3288.57,Branch,39565.48
T0011223,A00301,C0242,2025-07-10,Airtime,4850.37,App,103820.37
T0006075,A00163,C0135,2025-08-20,Bill Payment,1862.49,ATM,25550.11
T0008695,A00229,C0186,2026-02-06,Salary Credit,24840.15,ATM,65782.32
T0001578,A00046,C0039,2026-05-20,Bill Payment,6747.39,Branch,40332.54
T0013642,A00366,C0293,2026-02-18,Transfer Out,3296.5,Branch,44592.72
T0007197,A00189,C0155,2026-01-22,Salary Credit,11030.56,POS,143712.6
T0007042,A00186,C0153,2025-11-16,Bill Payment,5515.25,App,23924.9
T0010727,A00288,C0232,2026-04-22,Airtime,559.6,ATM,18700.5
T0003696,A00102,C0084,2025-07-18,Deposit,2913.66,EFT,61779.48
T0001204,A00037,C0032,2025-10-04,Transfer In,1830.33,Branch,96687.76
T0011874,A00319,C0255,2026-01-04,Withdrawal,483.21,Branch,69072.52
T0010019,A00268,C0219,2025-08-11,Airtime,6856.22,USSD,21488.75
T0005341,A00142,C0117,2025-10-10,Bill Payment,3904.72,USSD,79626.27
T0000246,A00009,C0009,2026-01-22,Bill Payment,7699.23,EFT,-5913.8
T0006347,A00169,C0140,2025-07-15,Withdrawal,220.7,ATM,55184.66
T0002343,A00066,C0054,2026-03-20,Transfer Out,7856.65,App,27493.22
T0007689,A00201,C0165,2025-07-22,Withdrawal,2156.81,Branch,39363.34
T0009544,A00254,C0206,2026-06-23,Bill Payment,3620.21,POS,34520.42
T0004054,A00111,C0092,2025-11-16,Withdrawal,1310.3,EFT,47643.89
T0008707,A00229,C0186,2026-03-27,Withdrawal,6985.64,POS,168606.68
T0005924,A00157,C0131,2026-04-06,Purchase,6584.63,EFT,63421.34
T0002204,A00061,C0050,2025-12-16,Withdrawal,2352.37,App,102721.25
T0007578,A00199,C0163,2026-02-26,Transfer Out,,App,80126.21
T0005382,A00144,C0119,2026-05-11,Bill Payment,3748.8,POS,4737.5
T0007839,A00206,C0169,2026-04-20,Bill Payment,7793.05,EFT,18975.09
T0011236,A00301,C0242,2025-08-13,Withdrawal,1340.01,EFT,105607.32
T0001972,A00056,C0047,2026-01-08,Deposit,11985.87,EFT,84498.1
T0006618,A00177,C0146,2025-10-28,Salary Credit,-23234.0,USSD,89226.82
T0012064,A00325,C0260,2026-03-19,Airtime,7530.42,Branch,51655.57
T0008421,A00223,C0182,2025-07-15,Airtime,1657.17,ATM,-3266.43
T0003427,A00096,C0081,2026-05-02,Purchase,2598.31,POS,61318.79
T0008158,A00215,C0176,2025-10-19,Deposit,,EFT,78536.78
T0003937,A00108,C0090,2026-05-15,Deposit,2096.53,App,-11146.25
T0013726,A00369,C0295,2026-03-05,Salary Credit,15784.78,App,35140.3
T0000581,A00018,C0016,2026-05-10,Purchase,3041.86,ATM,49213.24
T0001672,A00048,C0041,2025-11-13,Airtime,7106.2,EFT,57209.56
T0012666,A00342,C0274,2026-01-01,Airtime,7285.2,POS,170513.8
T0004369,A00119,C0098,2025-12-08,Deposit,21682.71,USSD,241066.77
T0012191,A00329,C0264,2026-02-27,Transfer In,3665.71,EFT,34039.41
T0004418,A00120,C0099,2025-10-28,Withdrawal,2843.12,ATM,39247.34
T0008070,A00212,C0173,2025-11-10,Deposit,863.25,USSD,36655.48
T0007142,A00188,C0154,2025-08-04,Transfer Out,6148.83,ATM,123642.84
T0001360,A00040,C0035,2026-04-05,Purchase,3395.95,App,95123.31
T0000491,A00014,C0014,2025-09-17,Transfer Out,2594.35,App,168701.38
T0012789,A00345,C0277,2026-01-13,Deposit,10757.0,USSD,61147.74
T0009061,A00240,C0195,2026-03-17,Purchase,736.06,ATM,15790.6
T0011582,A00311,C0250,2026-03-17,Salary Credit,7217.2,EFT,75422.62
T0006047,A00161,C0133,2025-12-24,Deposit,20676.77,Branch,37331.88
T0002647,A00072,C0058,2025-08-25,Salary Credit,3240.13,Branch,70841.82
T0012839,A00347,C0279,2025-08-19,Deposit,11036.88,USSD,99969.14
T0012291,A00331,C0265,2026-02-25,Transfer Out,7405.26,Branch,-6995.14
T0014108,A00376,C0300,2025-09-25,Transfer In,6210.13,Branch,227775.05
T0008407,A00222,C0181,2026-06-13,Transfer In,2192.55,USSD,87370.99
T0007748,A00203,C0166,2026-06-20,Transfer In,9275.8,POS,44958.07
T0005933,A00157,C0131,2026-05-14,Salary Credit,14783.04,EFT,124476.77
T0002531,A00069,C0056,2026-03-23,Bill Payment,2242.61,USSD,175208.51
T0007196,A00189,C0155,2025-11-18,Airtime,5595.63,USSD,132682.04
T0006202,A00166,C0138,2025-07-04,Transfer In,13952.65,USSD,81752.73
T0003447,A00096,C0081,2026-05-27,Deposit,23132.51,Branch,157545.43
T0010825,A00292,C0235,2025-08-04,Withdrawal,4140.36,POS,28050.7
T0006431,A00172,C0142,2026-06-27,Transfer Out,6710.68,App,26078.11
T0008605,A00227,C0185,2025-12-18,Airtime,147.32,ATM,147194.52
T0012762,A00344,C0276,2026-04-12,Bill Payment,1657.02,EFT,76157.99
T0006246,A00167,C0138,2026-06-04,Bill Payment,30.13,POS,33123.31
T0002550,A00070,C0057,2025-09-16,Deposit,13887.39,ATM,43979.12
T0005222,A00138,C0114,2025-08-14,Deposit,376.95,ATM,47914.82
T0003858,A00106,C0088,2026-01-23,Transfer In,9886.65,USSD,47693.1
T0002298,A00064,C0053,2025-10-03,Transfer In,8463.63,App,33666.31
T0007114,A00188,C0154,2026-03-16,Purchase,2499.42,EFT,69758.55
T0010646,A00286,C0231,2026-02-07,Deposit,10664.12,App,23413.2
T0001430,A00042,C0036,2026-04-09,Purchase,2663.07,Branch,36080.58
T0013104,A00353,C0283,2025-08-10,Airtime,3183.55,EFT,55461.14
T0003110,A00086,C0071,2025-08-22,Bill Payment,7266.44,ATM,14204.15
T0007099,A00188,C0154,2025-11-09,Purchase,724.44,ATM,19616.81
T0005613,A00149,C0123,2025-10-06,Withdrawal,1969.64,EFT,89233.02
T0005209,A00138,C0114,2025-12-11,Salary Credit,10228.75,EFT,102563.3
T0000446,A00013,C0013,2025-12-06,Transfer In,6260.17,USSD,84839.32
T0010506,A00281,C0228,2025-08-17,Airtime,2171.08,USSD,24932.06
T0009175,A00243,C0198,2026-05-23,Deposit,8951.77,App,26637.86
T0011741,A00315,C0253,2026-06-17,Salary Credit,18234.1,ATM,123999.54
T0000951,A00030,C0028,2025-10-05,Bill Payment,1459.35,App,93407.46
T0007644,A00200,C0164,2026-06-18,Transfer Out,1701.06,App,140332.68
T0008045,A00211,C0173,2025-08-14,Salary Credit,20014.39,ATM,70453.52
T0001432,A00042,C0036,2026-01-13,Withdrawal,7099.81,USSD,27059.52
T0009037,A00239,C0194,2026-04-08,Bill Payment,213.12,POS,55116.56
T0002239,A00062,C0051,2026-01-25,Purchase,6135.08,POS,86824.97
T0010802,A00291,C0234,2026-01-30,Airtime,3118.43,USSD,60263.52
T0003905,A00107,C0089,2025-10-21,Transfer Out,3074.9,App,15796.23
T0002773,A00077,C0063,2025-11-14,Airtime,7093.38,POS,33187.88
T0008690,A00229,C0186,2025-07-02,Salary Credit,2576.61,ATM,36772.24
T0009436,A00250,C0203,2025-10-01,Transfer Out,6814.38,USSD,268891.17
T0005092,A00135,C0112,2025-11-06,Withdrawal,6681.42,POS,11301.33
T0002723,A00074,C0060,2025-08-28,Bill Payment,4734.08,USSD,33378.92
T0002150,A00060,C0050,2026-01-31,Withdrawal,917.04,EFT,21073.76
T0008408,A00222,C0181,2025-12-09,Transfer Out,2995.2,App,84375.79
T0001604,A00046,C0039,2025-12-28,Airtime,7185.2,EFT,69997.6
T0012535,A00338,C0270,2026-01-02,Salary Credit,579.86,EFT,14276.22
T0006649,A00177,C0146,2026-05-04,Bill Payment,-2461.15,EFT,193528.63
T0013650,A00366,C0293,2025-08-01,Airtime,6482.32,ATM,49572.76
T0006182,A00165,C0137,2025-12-05,Transfer Out,5828.69,App,2501.15
T0006773,A00180,C0149,2025-10-05,Deposit,18588.15,Branch,47141.66
T0011936,A00322,C0257,2025-10-05,Transfer In,376.59,POS,36414.29
T0009814,A00262,C0214,2026-06-28,Transfer Out,7969.89,EFT,70277.8
T0006085,A00163,C0135,2026-01-11,Airtime,7279.94,EFT,9200.2
T0005245,A00139,C0115,2025-09-01,Transfer Out,6857.57,Branch,67198.36
T0003318,A00092,C0077,2026-02-22,Bill Payment,776.14,App,103077.02
T0010174,A00273,C0222,2025-07-23,Transfer Out,4904.87,USSD,79652.48
T0001333,A00040,C0035,2025-07-12,Bill Payment,2712.53,Branch,95170.24
T0004892,A00130,C0107,2025-07-23,Deposit,17988.14,Branch,225912.09
T0013288,A00357,C0286,2026-05-28,Withdrawal,6744.14,POS,146205.28
T0002900,A00081,C0066,2026-05-03,Transfer Out,3138.09,EFT,47467.4
T0012005,A00324,C0259,2025-09-15,Transfer Out,1972.61,App,32849.37
T0002899,A00081,C0066,2025-11-21,Transfer Out,154.21,EFT,50605.49
T0007812,A00205,C0168,2025-07-26,Purchase,4599.57,USSD,41304.04
T0009279,A00246,C0200,2025-11-16,Deposit,17922.73,Branch,12613.47
T0004310,A00118,C0097,2026-01-25,Bill Payment,116.33,EFT,44761.59
T0012408,A00334,C0267,2026-06-07,Deposit,17733.32,ATM,81546.24
T0013990,A00374,C0298,2025-09-09,Salary Credit,17892.12,Branch,163538.33
T0006457,A00173,C0143,2025-07-21,Salary Credit,991.73,ATM,38056.71
T0006547,A00175,C0145,2026-03-27,Salary Credit,16627.41,Branch,72291.24
T0006112,A00164,C0136,2025-10-28,Airtime,5399.78,USSD,18643.8
T0000779,A00024,C0022,2026-03-21,Airtime,7106.06,Branch,36623.85
T0002319,A00064,C0053,2026-04-04,Salary Credit,7577.97,POS,102453.75
T0000237,A00008,C0008,2025-10-15,Salary Credit,,USSD,75420.61
T0008992,A00238,C0193,2025-07-12,Bill Payment,887.02,USSD,39351.32
T0003981,A00109,C0091,2026-03-12,Withdrawal,2744.1,EFT,-37036.19
T0004273,A00117,C0097,2025-07-22,Salary Credit,24810.77,ATM,134615.15
T0006549,A00175,C0145,2025-12-19,Transfer In,2387.1,EFT,99249.02
T0010498,A00281,C0228,2025-11-05,Salary Credit,13396.88,App,41970.24
T0001750,A00050,C0042,2026-05-29,Airtime,3463.49,ATM,61759.54
T0003841,A00106,C0088,2025-07-08,Purchase,2751.72,POS,12422.52
T0001621,A00047,C0040,2025-07-25,Bill Payment,2401.58,EFT,49928.49
T0001488,A00044,C0037,2026-03-27,Transfer In,17607.02,App,21130.26
T0003174,A00087,C0072,2026-05-28,Purchase,818.07,Branch,11941.31
T0013478,A00363,C0290,2026-05-26,Bill Payment,368.16,App,46021.38
T0001500,A00044,C0037,2025-07-17,Purchase,,EFT,87264.51
T0001189,A00037,C0032,2026-04-05,Transfer Out,88.1,Branch,79709.8
T0013430,A00361,C0289,2026-02-27,Purchase,6557.01,App,80659.1
T0006612,A00177,C0146,2025-12-13,Transfer Out,-4364.1,Branch,38249.43
T0013371,A00359,C0288,2025-10-27,Withdrawal,2784.97,ATM,155368.92
T0011175,A00300,C0241,2026-03-04,Withdrawal,3935.94,App,29174.68
T0005708,A00152,C0126,2026-05-19,Bill Payment,6138.62,EFT,39754.7
T0003181,A00087,C0072,2025-12-09,Bill Payment,6924.12,EFT,-3362.6
T0008111,A00213,C0174,2025-09-01,Purchase,7681.01,EFT,32402.72
T0008551,A00226,C0184,2025-07-23,Purchase,3999.72,USSD,33985.68
T0007876,A00207,C0170,2025-07-25,Salary Credit,11445.85,POS,50190.76
T0008318,A00220,C0180,2025-07-05,Transfer Out,1369.75,Branch,11296.63
T0009390,A00249,C0202,2025-07-29,Purchase,5381.23,EFT,50958.39
T0012985,A00350,C0281,2026-04-03,Deposit,11110.72,ATM,10238.64
T0006432,A00172,C0142,2025-09-11,Bill Payment,2900.49,POS,23177.62
T0006974,A00184,C0151,2026-04-02,Transfer In,10240.88,USSD,35185.63
T0005970,A00159,C0132,2026-03-05,Salary Credit,14069.85,EFT,28538.77
T0013251,A00357,C0286,2025-12-09,Withdrawal,838.9,POS,90356.1
T0010970,A00296,C0238,2025-10-01,Transfer Out,6474.61,POS,50374.07
T0004253,A00117,C0097,2026-04-12,Airtime,736.83,USSD,57030.68
T0008797,A00232,C0188,2026-02-03,Airtime,4803.72,ATM,36759.79
T0002598,A00071,C0057,2026-01-14,Bill Payment,643.43,POS,61120.55
T0008902,A00234,C0190,2025-11-12,Bill Payment,6286.77,ATM,118696.55
T0003394,A00095,C0080,2025-09-20,Transfer In,3071.36,Branch,75259.37
T0003220,A00089,C0074,2026-05-21,Withdrawal,4127.32,EFT,5233.21
T0005144,A00136,C0112,2026-02-14,Transfer Out,2253.92,EFT,100874.47
T0000205,A00008,C0008,2026-06-09,Airtime,4068.37,USSD,69777.47
T0008896,A00234,C0190,2026-02-06,Bill Payment,6627.82,USSD,103532.23
T0005529,A00147,C0121,2026-03-20,Salary Credit,13992.6,EFT,35947.15
T0004000,A00110,C0091,2026-03-01,Deposit,10220.28,App,88139.29
T0012760,A00344,C0276,2026-01-08,Withdrawal,3156.02,App,82904.76
T0010127,A00272,C0221,2025-08-24,Deposit,21937.49,USSD,48715.14
T0005019,A00134,C0111,2026-03-30,Bill Payment,1673.53,Branch,20039.52
T0005043,A00134,C0111,2026-03-07,Withdrawal,727.67,ATM,52021.37
T0013864,A00372,C0297,2026-06-11,Transfer Out,1930.05,EFT,9345.96
T0013053,A00351,C0281,2026-05-19,Deposit,15442.26,ATM,-55232.86
T0005155,A00137,C0113,2025-10-15,Transfer In,1578.93,App,30247.82
T0011187,A00300,C0241,2026-06-18,Salary Credit,13570.37,USSD,98977.79
T0013633,A00366,C0293,2025-10-29,Transfer In,17482.14,ATM,37271.46
T0007353,A00193,C0158,2026-03-08,Airtime,7365.0,USSD,121229.29
T0005827,A00154,C0128,2025-09-20,Withdrawal,4417.08,USSD,120659.77
T0004987,A00133,C0110,2025-07-23,Withdrawal,7111.55,USSD,20493.29
T0005665,A00151,C0125,2026-04-13,Airtime,6769.46,Branch,76492.35
T0010967,A00296,C0238,2025-10-29,Airtime,3080.18,POS,27865.42
T0007823,A00205,C0168,2026-04-07,Purchase,4874.66,ATM,109485.13
T0005211,A00138,C0114,2026-04-12,Purchase,4789.13,EFT,95156.39
T0007826,A00205,C0168,2026-05-03,Bill Payment,2416.56,EFT,99705.07
T0000101,A00003,C0003,2025-10-12,Purchase,6243.9,ATM,165472.7
T0012182,A00329,C0264,2026-05-05,Transfer In,12374.84,ATM,35967.48
T0002725,A00074,C0060,2025-11-05,Purchase,5694.32,ATM,21165.32
T0003172,A00087,C0072,2026-06-15,Deposit,5754.02,POS,2170.28
T0004681,A00126,C0104,2026-01-31,Withdrawal,2404.75,App,48683.6
T0008800,A00232,C0188,2026-03-08,Deposit,4847.31,POS,44418.49
T0007619,A00199,C0163,2026-01-23,Salary Credit,642.78,EFT,228771.32
T0011921,A00321,C0256,2026-01-09,Withdrawal,6370.89,ATM,50993.97
T0011163,A00299,C0240,2025-07-03,Purchase,1384.95,ATM,171276.5
T0012311,A00331,C0265,2026-06-19,Transfer Out,2053.32,App,75601.77
T0007720,A00201,C0165,2026-06-18,Purchase,1128.07,ATM,102375.09
T0003122,A00086,C0071,2026-02-13,Deposit,18300.82,USSD,73793.25
T0000007,A00001,C0001,2025-11-20,Withdrawal,4627.24,POS,35280.35
T0010643,A00286,C0231,2025-10-05,Airtime,6943.84,Branch,11530.61
T0005628,A00150,C0124,2026-01-01,Bill Payment,30.88,App,29816.95
T0004958,A00132,C0109,2026-06-02,Transfer Out,5208.7,Branch,93391.62
T0001013,A00032,C0029,2026-02-02,Airtime,4434.98,USSD,46195.62
T0001611,A00047,C0040,2025-10-17,Transfer In,2662.71,POS,45187.46
T0006219,A00166,C0138,2025-11-24,Airtime,6014.79,USSD,104870.03
T0001231,A00037,C0032,2025-09-30,Transfer In,17888.87,POS,157079.46
T0009580,A00256,C0208,2026-03-24,Deposit,2774.63,USSD,29338.64
T0006376,A00170,C0141,2026-04-13,Transfer In,19753.19,POS,125274.2
T0008322,A00220,C0180,2026-03-13,Salary Credit,2823.32,POS,-3714.25
T0007009,A00185,C0152,2026-04-10,Airtime,5544.89,POS,62474.5
T0005681,A00151,C0125,2025-07-29,Airtime,210.35,EFT,130584.67
T0009201,A00243,C0198,2026-03-19,Salary Credit,2878.01,App,169956.96
T0010600,A00284,C0230,2026-01-11,Bill Payment,-7565.56,EFT,63831.85
T0013110,A00353,C0283,2026-06-24,Withdrawal,5260.66,EFT,57307.91
T0013616,A00365,C0292,2025-11-24,Transfer In,,App,59578.14
T0009777,A00261,C0213,2026-05-10,Withdrawal,5052.39,App,16215.0
T0002763,A00076,C0062,2026-02-17,Purchase,234.66,USSD,48124.97
T0011250,A00301,C0242,2026-03-06,Airtime,5618.53,USSD,164188.86
T0009276,A00246,C0200,2025-12-02,Purchase,6670.21,ATM,1020.07
T0000640,A00019,C0017,2025-11-10,Airtime,3148.77,USSD,73164.47
T0003126,A00086,C0071,2026-03-25,Transfer In,14320.08,POS,69912.73
T0000077,A00003,C0003,2025-08-02,Transfer Out,5704.34,App,86961.44
T0007676,A00201,C0165,2026-03-29,Deposit,16759.04,EFT,40746.03
T0010955,A00295,C0237,2026-05-21,Withdrawal,4855.41,ATM,86174.4
T0004659,A00125,C0104,2025-09-23,Purchase,,EFT,56232.04
T0005066,A00135,C0112,2026-04-02,Salary Credit,3476.72,USSD,1911.13
T0000641,A00019,C0017,2025-12-17,Airtime,-3637.2,EFT,69527.27
T0001745,A00050,C0042,2025-07-31,Purchase,1649.78,Branch,54955.89
T0003760,A00103,C0085,2026-03-09,Withdrawal,2215.32,POS,33005.96
T0003290,A00091,C0076,2026-06-02,Withdrawal,2533.57,USSD,89603.8
T0000734,A00022,C0020,2025-08-02,Transfer In,10712.67,USSD,170762.22
T0003603,A00099,C0083,2026-01-20,Bill Payment,5084.59,POS,76143.56
T0001877,A00053,C0045,2025-07-12,Transfer Out,2206.92,Branch,88785.44
T0009801,A00262,C0214,2026-04-20,Airtime,5496.53,ATM,35247.38
T0008399,A00222,C0181,2025-10-12,Deposit,14227.04,Branch,54106.42
T0000125,A00004,C0004,2025-07-29,Transfer In,14434.73,EFT,108197.8
T0002488,A00069,C0056,2026-05-06,Salary Credit,955.12,USSD,20182.83
T0011104,A00298,C0240,2026-05-30,Bill Payment,4914.38,USSD,48081.75
T0000407,A00013,C0013,2026-01-28,Airtime,,Branch,44889.61
T0007039,A00186,C0153,2025-08-21,Purchase,1011.12,Branch,40639.31
T0006270,A00167,C0138,2025-09-25,Withdrawal,960.68,USSD,77296.0
T0006200,A00166,C0138,2025-11-01,Salary Credit,7444.41,EFT,72728.47
T0013952,A00374,C0298,2026-01-27,Salary Credit,23127.81,POS,38145.23
T0005408,A00144,C0119,2025-12-12,Transfer In,6052.79,Branch,133645.14
T0000723,A00022,C0020,2025-09-10,Deposit,4908.01,POS,59621.86
T0007361,A00193,C0158,2025-10-21,Transfer In,14716.61,ATM,114508.6
T0010593,A00284,C0230,2025-10-18,Airtime,2322.41,Branch,50919.66
T0009790,A00262,C0214,2025-12-22,Salary Credit,8160.31,POS,37027.95
T0008005,A00209,C0172,2026-01-19,Bill Payment,7463.57,POS,215500.04
T0002607,A00071,C0057,2026-04-16,Withdrawal,7989.18,EFT,80307.21
T0009729,A00260,C0212,2026-03-15,Deposit,3040.3,ATM,161067.86
T0002308,A00064,C0053,2026-02-18,Salary Credit,22993.72,POS,48768.69
T0001264,A00038,C0033,2025-11-24,Salary Credit,24196.37,EFT,222167.27
T0010319,A00277,C0225,2025-12-21,Transfer In,16066.08,USSD,91300.72
T0008822,A00232,C0188,2026-04-07,Airtime,3801.9,App,38084.64
T0005851,A00155,C0129,2026-05-09,Purchase,917.55,ATM,98881.34
T0007789,A00203,C0166,2026-04-20,Airtime,5726.73,Branch,158199.57
T0003562,A00098,C0082,2025-12-20,Purchase,1607.78,ATM,164931.72
T0008559,A00226,C0184,2025-11-24,Bill Payment,6202.17,POS,57377.21
T0006466,A00173,C0143,2026-05-16,Transfer Out,7586.36,App,52675.31
T0002073,A00058,C0048,2025-08-02,Purchase,4190.01,ATM,63465.5
T0001183,A00037,C0032,2026-01-05,Salary Credit,7993.81,ATM,66614.49
T0003501,A00097,C0081,2025-08-10,Purchase,1072.18,USSD,104566.2
T0009845,A00263,C0215,2026-04-28,Deposit,14588.61,ATM,13206.12
T0008554,A00226,C0184,2025-09-03,Airtime,1833.89,App,44281.51
T0002043,A00058,C0048,2026-02-26,Bill Payment,581.52,Branch,33978.15
T0011658,A00313,C0251,2025-11-05,Deposit,19869.39,USSD,86273.48
T0006108,A00164,C0136,2026-02-08,Purchase,3807.71,App,27760.66
T0004511,A00122,C0101,2025-08-18,Salary Credit,21619.68,Branch,124939.95
T0006591,A00176,C0146,2025-07-23,Transfer Out,1981.72,EFT,26959.69
T0013337,A00358,C0287,2025-09-07,Salary Credit,22789.18,POS,184169.47
T0001729,A00049,C0042,2026-05-23,Transfer In,4973.38,USSD,181525.81
T0013481,A00363,C0290,2026-01-16,Airtime,1092.94,App,37817.52
T0000824,A00026,C0024,2025-07-22,Transfer Out,6679.99,POS,22619.69
T0003710,A00102,C0084,2025-09-09,Transfer Out,2677.48,App,62722.9
T0005673,A00151,C0125,2025-09-01,Bill Payment,-1107.25,USSD,110934.5
T0011777,A00316,C0254,2025-08-11,Bill Payment,5513.45,EFT,61366.62
T0009690,A00259,C0211,2025-08-23,Airtime,3334.85,Branch,62364.62
T0002537,A00069,C0056,2025-10-02,Salary Credit,9437.47,USSD,209880.66
T0001239,A00038,C0033,2025-12-13,Transfer In,15654.37,EFT,55740.41
T0002735,A00075,C0061,2025-11-25,Purchase,2281.9,App,76490.91
T0005886,A00156,C0130,2025-07-29,Salary Credit,20692.55,ATM,89919.84
T0012743,A00344,C0276,2026-03-21,Withdrawal,6248.71,POS,74313.5
T0007806,A00204,C0167,2025-11-04,Bill Payment,2931.83,USSD,88341.73
T0004269,A00117,C0097,2025-11-22,Bill Payment,5680.17,ATM,88931.13
T0010186,A00273,C0222,2026-01-10,Bill Payment,7687.7,USSD,61128.7
T0009378,A00249,C0202,2026-05-15,Purchase,6408.17,ATM,33020.31
T0007831,A00206,C0169,2025-07-26,Salary Credit,7970.69,Branch,36950.99
T0010536,A00282,C0228,2026-04-19,Deposit,9683.15,ATM,12213.02
T0008415,A00222,C0181,2025-08-23,Bill Payment,52.46,App,161873.96
T0004678,A00126,C0104,2026-01-15,Airtime,3374.62,EFT,58216.28
T0010171,A00273,C0222,2026-01-29,Salary Credit,10690.26,EFT,76186.44
T0010256,A00275,C0224,2026-04-30,Withdrawal,5478.86,USSD,63344.9
T0012099,A00326,C0261,2026-02-23,Deposit,6400.65,USSD,95994.43
T0008136,A00214,C0175,2025-09-26,Deposit,13987.13,POS,68431.68
T0009774,A00261,C0213,2025-11-04,Bill Payment,5853.08,POS,33548.58
T0013841,A00371,C0296,2025-07-10,Bill Payment,6041.67,App,24754.25
T0000305,A00010,C0010,2025-12-26,Transfer In,22096.58,Branch,88472.5
T0006571,A00175,C0145,2026-04-21,Withdrawal,4581.76,USSD,115776.63
T0012177,A00329,C0264,2026-01-19,Deposit,6483.93,App,-9426.15
T0011628,A00312,C0250,2026-06-09,Withdrawal,2115.13,USSD,145739.06
T0011239,A00301,C0242,2026-02-08,Deposit,1621.35,ATM,97913.15
T0007556,A00198,C0162,2025-07-30,Salary Credit,18443.08,ATM,134635.34
T0008485,A00224,C0183,2026-06-11,Salary Credit,17194.31,App,-13849.74
T0011755,A00316,C0254,2026-06-02,Bill Payment,888.11,EFT,15728.9
T0013144,A00354,C0283,2025-10-03,Bill Payment,788.99,USSD,59387.6
T0004714,A00127,C0105,2025-10-20,Purchase,5948.34,EFT,-269.77
T0004661,A00125,C0104,2026-03-08,Deposit,15009.99,ATM,66118.37
T0009987,A00267,C0218,2025-08-01,Bill Payment,4672.55,ATM,56683.94
T0012838,A00347,C0279,2026-03-25,Withdrawal,850.72,ATM,88932.26
T0005115,A00136,C0112,2025-08-12,Withdrawal,230.01,POS,38870.9
T0002653,A00072,C0058,2026-01-16,Purchase,6503.9,EFT,54804.37
T0013439,A00361,C0289,2025-08-23,Salary Credit,11249.95,EFT,150812.6
T0002636,A00072,C0058,2025-12-06,Airtime,817.77,App,19211.68
T0002762,A00076,C0062,2026-04-21,Transfer Out,20.74,Branch,48359.63
T0005813,A00154,C0128,2025-07-02,Salary Credit,12745.74,POS,141433.56
T0002120,A00059,C0049,2026-02-18,Bill Payment,7117.39,Branch,94486.75
T0003748,A00103,C0085,2026-03-22,Transfer Out,4961.64,USSD,27570.24
T0004011,A00110,C0091,2025-09-05,Salary Credit,18243.2,USSD,139988.57
T0008998,A00238,C0193,2025-10-16,Withdrawal,4608.43,App,41561.14
T0013689,A00367,C0293,2025-09-27,Deposit,6792.47,ATM,23551.33
T0001481,A00044,C0037,2025-12-11,Purchase,3136.98,EFT,10565.69
T0005490,A00146,C0121,2025-10-30,Bill Payment,1284.44,POS,107232.29
T0000018,A00001,C0001,2025-09-08,Transfer In,20398.88,POS,77084.57
T0013254,A00357,C0286,2026-02-24,Withdrawal,3083.0,Branch,105447.97
T0005337,A00142,C0117,2025-07-18,Salary Credit,13620.6,ATM,95626.79
T0003227,A00089,C0074,2026-04-01,Salary Credit,24012.59,Branch,42092.49
T0009292,A00246,C0200,2026-02-24,Deposit,14975.63,ATM,111037.8
T0011403,A00306,C0245,2026-06-07,Withdrawal,2173.48,App,40232.48
T0004577,A00124,C0103,2025-10-23,Airtime,2186.2,Branch,64211.03
T0000367,A00012,C0012,2025-09-26,Transfer In,20776.05,POS,53116.61
T0013447,A00361,C0289,2025-12-13,Deposit,365.67,POS,181452.16
T0008100,A00212,C0173,2026-03-23,Airtime,4978.6,USSD,51582.83
T0009073,A00240,C0195,2025-07-07,Salary Credit,19144.26,POS,96460.34
T0010418,A00279,C0226,2025-08-15,Deposit,11293.13,USSD,109843.19
T0005618,A00149,C0123,2026-02-18,Withdrawal,6989.39,USSD,89278.38
T0006886,A00182,C0150,2026-03-12,Salary Credit,14882.95,POS,121693.27
T0005534,A00147,C0121,2025-09-30,Purchase,2359.1,Branch,62754.1
T0004937,A00131,C0108,2025-10-02,Airtime,905.86,Branch,95280.42
T0009999,A00267,C0218,2026-06-14,Withdrawal,977.49,EFT,49698.84
T0013121,A00354,C0283,2025-07-29,Withdrawal,444.71,POS,43152.63
T0000369,A00012,C0012,2026-05-02,Withdrawal,1853.91,App,49904.28
T0010820,A00292,C0235,2026-04-17,Deposit,2740.29,Branch,35093.17
T0011058,A00297,C0239,2026-06-11,Deposit,16909.27,USSD,59828.08
T0003778,A00104,C0086,2026-02-06,Withdrawal,2946.41,EFT,4026.51
T0010850,A00293,C0236,2026-01-31,Withdrawal,3907.67,USSD,504.7
T0010445,A00280,C0227,2026-02-21,Airtime,5942.36,EFT,47404.04
T0012367,A00333,C0266,2025-08-03,Deposit,2953.5,POS,89684.46
T0005799,A00154,C0128,2025-07-23,Salary Credit,10134.5,ATM,47566.01
T0007180,A00189,C0155,2025-10-27,Airtime,2634.83,App,108133.82
T0012608,A00341,C0273,2026-05-01,Salary Credit,7075.54,USSD,91340.83
T0010629,A00285,C0230,2025-08-12,Deposit,999.31,Branch,58290.9
T0009711,A00260,C0212,2025-10-08,Purchase,492.49,EFT,57649.02
T0002918,A00081,C0066,2026-02-23,Salary Credit,16715.18,ATM,101275.77
T0010794,A00291,C0234,2026-04-26,Transfer Out,7618.02,USSD,37299.11
T0004267,A00117,C0097,2025-07-11,Salary Credit,,EFT,99483.78
T0011084,A00298,C0240,2026-06-22,Bill Payment,7712.32,App,19693.51
T0012561,A00339,C0271,2025-12-16,Withdrawal,5857.16,App,8090.98
T0004689,A00126,C0104,2025-12-17,Airtime,1987.87,POS,56237.32
T0007648,A00200,C0164,2025-08-04,Airtime,4092.0,Branch,131086.62
T0010263,A00275,C0224,2025-11-03,Bill Payment,2013.59,Branch,62001.06
T0004545,A00123,C0102,2025-09-09,Purchase,2320.69,Branch,66257.55
T0010385,A00279,C0226,2025-12-05,Withdrawal,5276.33,EFT,42132.08
T0005384,A00144,C0119,2025-10-27,Deposit,9733.9,POS,14156.1
T0010805,A00291,C0234,2025-08-12,Withdrawal,1139.98,App,56141.11
T0006266,A00167,C0138,2026-04-03,Deposit,9777.63,USSD,65089.3
T0000370,A00012,C0012,2025-07-09,Transfer In,13115.51,USSD,63019.79
T0001945,A00055,C0046,2025-07-28,Bill Payment,5653.19,ATM,47747.22
T0001029,A00032,C0029,2026-06-08,Withdrawal,5657.11,EFT,82789.25
T0012632,A00342,C0274,2025-11-20,Deposit,11642.45,App,55746.79
T0002540,A00069,C0056,2026-01-18,Deposit,1757.01,Branch,224106.19
T0010754,A00289,C0233,2025-11-15,Withdrawal,5755.41,POS,2989.13
T0012412,A00334,C0267,2025-12-14,Purchase,4891.72,ATM,108224.63
T0006644,A00177,C0146,2026-06-19,Bill Payment,5340.84,Branch,194035.4
T0003823,A00105,C0087,2026-05-15,Deposit,982.61,POS,38820.78
T0003316,A00092,C0077,2026-03-10,Transfer Out,5850.35,POS,101269.89
T0011062,A00297,C0239,2026-02-08,Salary Credit,5427.13,USSD,54608.08
T0000746,A00023,C0021,2026-05-18,Transfer Out,,ATM,17196.57
T0006423,A00171,C0141,2025-12-18,Deposit,6001.88,Branch,93681.13
T0006833,A00181,C0149,2026-06-13,Deposit,-23146.61,POS,69248.99
T0004847,A00130,C0107,2026-06-02,Purchase,185.91,App,26021.06
T0004580,A00124,C0103,2026-04-02,Purchase,2382.36,USSD,68199.65
T0006903,A00183,C0151,2026-02-10,Withdrawal,4242.09,ATM,39889.62
T0013865,A00372,C0297,2025-08-07,Bill Payment,1151.54,EFT,8194.42
T0007933,A00207,C0170,2026-04-08,Bill Payment,3976.61,Branch,321386.1
T0007159,A00189,C0155,2025-07-07,Deposit,9428.98,USSD,68208.58
T0013830,A00371,C0296,2026-05-26,Withdrawal,5144.71,POS,70354.7
T0002082,A00058,C0048,2025-11-18,Transfer Out,5014.86,ATM,70499.47
T0011402,A00306,C0245,2026-03-25,Transfer In,17371.3,POS,42405.96
T0004233,A00116,C0096,2026-02-05,Withdrawal,4986.63,POS,75521.01
T0005016,A00134,C0111,2025-11-29,Withdrawal,591.51,App,27223.13
T0006561,A00175,C0145,2026-06-11,Salary Credit,16598.55,USSD,98770.77
T0000081,A00003,C0003,2025-07-07,Transfer In,1244.94,ATM,97906.85
T0002881,A00080,C0066,2026-06-21,Bill Payment,2743.89,ATM,70508.26
T0005495,A00146,C0121,2025-12-03,Salary Credit,13020.41,EFT,183801.36
T0011765,A00316,C0254,2025-11-11,Airtime,3317.57,ATM,13973.47
T0005530,A00147,C0121,2025-10-10,Transfer In,20698.16,App,56645.31
T0001678,A00048,C0041,2025-07-08,Salary Credit,1119.73,POS,60165.03
T0007596,A00199,C0163,2026-05-12,Deposit,14440.5,POS,155027.4
T0003703,A00102,C0084,2025-09-09,Airtime,7460.86,ATM,47177.26
T0004013,A00110,C0091,2025-08-24,Withdrawal,6690.61,USSD,125747.29
T0005916,A00157,C0131,2025-11-06,Bill Payment,5425.88,POS,44435.91
T0002255,A00062,C0051,2025-08-19,Purchase,4805.75,EFT,94714.16
T0004844,A00129,C0106,2025-09-13,Purchase,2496.82,Branch,199306.36
T0004623,A00124,C0103,2025-08-08,Transfer In,24246.85,POS,191937.28
T0002347,A00066,C0054,2026-06-03,Withdrawal,-2676.69,POS,9443.49
T0004180,A00115,C0095,2026-01-28,Transfer Out,359.4,ATM,62922.64
T0007687,A00201,C0165,2025-07-08,Deposit,8158.4,POS,33210.61
T0003608,A00100,C0083,2026-05-31,Airtime,4590.18,ATM,2834.58
T0010774,A00290,C0234,2026-04-11,Deposit,4700.47,App,8592.49
T0011244,A00301,C0242,2025-07-10,Withdrawal,7891.16,Branch,123727.15
T0005455,A00145,C0120,2025-12-14,Bill Payment,7716.38,POS,89037.94
T0000800,A00025,C0023,2026-06-20,Purchase,1306.81,Branch,56148.32
T0006804,A00180,C0149,2025-07-07,Transfer Out,901.99,Branch,107075.27
T0013811,A00371,C0296,2026-03-30,Salary Credit,23744.81,USSD,48249.95
T0002971,A00082,C0067,2025-08-08,Withdrawal,7312.77,ATM,86888.91
T0011249,A00301,C0242,2025-07-25,Salary Credit,22526.9,EFT,169807.39
T0005603,A00149,C0123,2026-01-07,Bill Payment,5953.59,App,98206.29
T0011319,A00304,C0244,2026-03-03,Withdrawal,1770.95,App,-30761.98
T0006037,A00161,C0133,2026-06-12,Deposit,12877.11,ATM,23771.8
T0001023,A00032,C0029,2026-01-29,Salary Credit,7660.93,App,85190.95
T0010812,A00291,C0234,2025-08-03,Bill Payment,5384.92,USSD,58841.82
T0005795,A00154,C0128,2026-04-18,Deposit,16161.74,EFT,55581.04
T0013294,A00358,C0287,2026-04-21,Airtime,3825.03,EFT,39702.43
T0013139,A00354,C0283,2026-06-20,Salary Credit,15755.26,App,66364.5
T0013329,A00358,C0287,2025-12-03,Airtime,3994.89,EFT,153575.0
T0012161,A00328,C0263,2025-09-28,Transfer In,3619.81,ATM,106045.33
T0007859,A00206,C0169,2025-09-11,Transfer In,12738.97,EFT,53724.34
T0000964,A00031,C0029,2026-03-09,Purchase,4454.28,USSD,27316.64
T0013680,A00367,C0293,2025-11-15,Withdrawal,5230.94,Branch,14910.21
T0001701,A00049,C0042,2025-12-02,Transfer Out,5758.75,EFT,63760.8
T0008672,A00229,C0186,2026-01-03,Transfer In,19010.72,EFT,15431.7
T0003986,A00109,C0091,2025-12-31,Withdrawal,-3543.51,ATM,-15371.61
T0011653,A00312,C0250,2025-12-05,Transfer In,14006.69,EFT,137183.42
T0012307,A00331,C0265,2025-10-04,Transfer Out,877.63,Branch,62442.85
T0011374,A00305,C0244,2025-10-28,Salary Credit,544.75,EFT,117990.78
T0000622,A00019,C0017,2025-12-06,Airtime,1163.49,POS,54977.01
T0012725,A00343,C0275,2025-12-25,Withdrawal,7614.51,USSD,99426.0
T0001070,A00033,C0030,2025-11-28,Salary Credit,796.65,POS,38532.97
T0012647,A00342,C0274,2026-02-02,Salary Credit,9490.55,Branch,78414.24
T0012221,A00329,C0264,2025-12-04,Transfer Out,4730.65,USSD,53748.46
T0013374,A00359,C0288,2026-05-27,Purchase,2772.7,EFT,161681.43
T0012901,A00348,C0279,2026-05-29,Purchase,6537.75,POS,92503.53
T0009555,A00255,C0207,2025-09-10,Deposit,9487.48,App,61267.35
T0007040,A00186,C0153,2026-05-23,Withdrawal,4585.61,Branch,36053.7
T0013517,A00363,C0290,2026-06-15,Withdrawal,552.58,App,137144.78
T0005119,A00136,C0112,2026-03-09,Transfer Out,2100.86,USSD,26046.3
T0002893,A00081,C0066,2025-10-07,Airtime,6592.01,App,23361.6
T0004515,A00122,C0101,2026-02-08,Transfer Out,1138.1,App,144707.34
T0013753,A00370,C0296,2025-11-18,Purchase,1271.06,EFT,44875.04
T0002285,A00063,C0052,2026-01-19,Deposit,17430.44,USSD,139131.61
T0009518,A00253,C0205,2026-03-03,Withdrawal,2744.19,EFT,93435.36
T0004526,A00123,C0102,2026-06-22,Withdrawal,3002.86,POS,64418.18
T0011719,A00315,C0253,2025-10-07,Bill Payment,4395.65,App,28691.75
T0011727,A00315,C0253,2025-10-07,Transfer Out,2050.39,App,49244.08
T0000414,A00013,C0013,2026-06-12,Salary Credit,15384.29,POS,52971.78
T0002493,A00069,C0056,2026-03-09,Purchase,7220.05,ATM,65085.08
T0001441,A00042,C0036,2025-11-26,Deposit,23899.49,USSD,60460.37
T0000559,A00018,C0016,2025-11-18,Purchase,6237.28,ATM,30315.48
T0013361,A00359,C0288,2025-10-08,Deposit,17202.61,Branch,161330.49
T0006447,A00172,C0142,2025-07-15,Bill Payment,6888.52,EFT,29063.97
T0005760,A00153,C0127,2026-05-31,Bill Payment,4929.89,EFT,26915.06
T0009393,A00250,C0203,2026-01-22,Deposit,22052.19,EFT,67831.88
T0004699,A00126,C0104,2025-09-19,Purchase,-6637.18,App,67505.08
T0007427,A00195,C0160,2025-07-09,Transfer In,16207.01,Branch,160780.04
T0002338,A00065,C0054,2025-12-24,Airtime,7902.77,App,17624.77
T0008194,A00216,C0177,2026-04-24,Purchase,6880.23,ATM,4732.17
T0006143,A00164,C0136,2026-03-29,Purchase,7801.23,App,116918.32
T0005374,A00143,C0118,2025-07-06,Bill Payment,5297.97,App,-40571.89
T0013143,A00354,C0283,2025-11-12,Withdrawal,3654.12,USSD,60176.59
T0000806,A00025,C0023,2026-03-17,Airtime,5185.01,Branch,86548.27
T0013835,A00371,C0296,2025-08-04,Bill Payment,1401.89,App,58382.44
T0001691,A00049,C0042,2026-01-27,Salary Credit,789.06,EFT,38659.57
T0012054,A00325,C0260,2026-06-01,Bill Payment,1503.8,ATM,38697.69
T0002631,A00072,C0058,2025-08-12,Withdrawal,675.12,App,39596.34
T0002674,A00073,C0059,2026-05-24,Transfer Out,6155.83,EFT,53398.37
T0008628,A00228,C0185,2025-07-06,Transfer Out,4992.15,USSD,-8300.74
T0014104,A00376,C0300,2025-11-01,Withdrawal,7880.5,App,202524.06
T0002699,A00074,C0060,2025-12-10,Transfer In,7870.25,Branch,49915.32
T0012456,A00336,C0268,2025-12-30,Deposit,,EFT,71214.56
T0010925,A00295,C0237,2026-05-27,Airtime,644.56,Branch,4436.96
T0012363,A00333,C0266,2025-12-24,Withdrawal,3118.86,USSD,60378.99
T0005679,A00151,C0125,2025-08-20,Bill Payment,3192.31,ATM,131821.64
T0010110,A00271,C0221,2026-05-24,Airtime,2254.07,App,31815.38
T0002910,A00081,C0066,2025-07-01,Bill Payment,918.71,ATM,62951.53
T0009437,A00250,C0203,2025-12-17,Purchase,7224.64,POS,261666.53
T0006059,A00162,C0134,2026-04-23,Salary Credit,21679.53,USSD,62040.41
T0006367,A00170,C0141,2025-10-14,Transfer In,21277.14,USSD,108631.63
T0000616,A00019,C0017,2025-08-29,Transfer Out,5648.02,App,26525.86
T0008518,A00225,C0183,2025-11-11,Transfer In,6686.03,EFT,55483.46
T0010964,A00296,C0238,2026-02-27,Deposit,17193.16,App,38395.68
T0006249,A00167,C0138,2025-07-06,Withdrawal,7932.31,App,12904.79
T0001047,A00033,C0030,2026-05-16,Salary Credit,17467.03,USSD,43923.97
T0009836,A00263,C0215,2026-05-10,Transfer In,1723.07,App,10056.88
T0001671,A00048,C0041,2026-04-05,Salary Credit,24684.56,ATM,64315.76
T0008507,A00225,C0183,2026-02-18,Purchase,2109.39,EFT,19957.01
T0009550,A00255,C0207,2026-01-19,Salary Credit,15440.34,ATM,49739.84
T0012991,A00350,C0281,2025-09-16,Transfer In,9260.21,App,41883.73
T0003407,A00095,C0080,2025-09-09,Airtime,7527.89,Branch,62979.74
T0005048,A00134,C0111,2025-10-08,Bill Payment,7368.97,ATM,53089.94
T0004338,A00119,C0098,2025-09-20,Transfer In,18051.16,USSD,56362.07
T0001186,A00037,C0032,2025-08-30,Withdrawal,2894.69,Branch,64142.59
T0007643,A00200,C0164,2025-09-30,Salary Credit,4016.38,App,142033.74
T0009738,A00260,C0212,2026-06-03,Salary Credit,1486.72,Branch,186101.64
T0006156,A00165,C0137,2025-10-08,Transfer Out,2684.08,ATM,-1922.89
T0013489,A00363,C0290,2025-12-12,Airtime,3804.09,USSD,56175.07
T0002099,A00059,C0049,2025-11-18,Withdrawal,613.93,USSD,59330.26
T0009266,A00245,C0200,2025-12-03,Transfer Out,3658.49,App,151751.84
T0009379,A00249,C0202,2025-11-30,Airtime,6570.21,EFT,26450.1
T0009463,A00251,C0204,2025-10-24,Purchase,5504.91,ATM,33618.21
T0004312,A00118,C0097,2025-07-16,Salary Credit,361.08,USSD,38396.63
T0000014,A00001,C0001,2026-01-15,Bill Payment,4779.48,EFT,23037.54
T0007224,A00190,C0156,2025-11-19,Transfer Out,2923.17,App,61837.62
T0006920,A00183,C0151,2025-08-04,Transfer Out,1565.81,Branch,70195.69
T0003029,A00084,C0069,2025-09-21,Deposit,8344.63,POS,65168.64
T0009817,A00262,C0214,2025-11-11,Transfer In,6153.39,POS,65697.48
T0011694,A00314,C0252,2025-07-15,Withdrawal,3914.22,EFT,11574.07
T0007050,A00186,C0153,2025-12-25,Deposit,12247.69,USSD,66562.55
T0001438,A00042,C0036,2025-12-25,Airtime,3598.89,EFT,30828.93
T0001262,A00038,C0033,2025-10-29,Withdrawal,3421.39,ATM,187312.88
T0000122,A00004,C0004,2026-05-02,Transfer In,829.66,Branch,82478.11
T0011205,A00301,C0242,2025-08-17,Deposit,22275.53,App,76604.22
T0009859,A00263,C0215,2025-12-20,Purchase,4863.19,ATM,37449.89
T0005953,A00158,C0131,2026-04-05,Purchase,4469.65,App,66462.86
T0009552,A00255,C0207,2026-06-08,Transfer Out,5760.46,POS,42081.9
T0007796,A00204,C0167,2025-08-24,Bill Payment,1424.92,EFT,34127.9
T0000673,A00020,C0018,2026-03-27,Transfer Out,3730.19,POS,59012.61
T0008457,A00223,C0182,2025-12-06,Deposit,23047.53,Branch,161353.9
T0006208,A00166,C0138,2025-12-27,Bill Payment,5261.36,USSD,69286.18
T0005574,A00148,C0122,2026-04-26,Airtime,843.86,Branch,133375.96
T0013608,A00365,C0292,2025-08-22,Deposit,1355.93,Branch,26478.3
T0007170,A00189,C0155,2026-02-12,Transfer In,19514.87,App,87475.1
T0001603,A00046,C0039,2026-05-15,Withdrawal,4866.22,POS,77182.8
T0013309,A00358,C0287,2026-03-18,Salary Credit,-10984.79,USSD,107869.63
T0007994,A00209,C0172,2026-04-23,Withdrawal,191.48,EFT,193964.99
T0002738,A00075,C0061,2026-01-16,Transfer Out,1300.46,ATM,75593.31
T0010324,A00277,C0225,2025-07-26,Transfer In,22309.98,EFT,146585.3
T0006115,A00164,C0136,2025-07-24,Deposit,,POS,59586.61
T0001542,A00045,C0038,2026-02-02,Transfer Out,2031.53,ATM,57783.87
T0000417,A00013,C0013,2025-11-21,Bill Payment,1792.3,App,65175.78
T0011574,A00311,C0250,2026-05-07,Transfer In,2101.58,App,60005.72
T0013943,A00373,C0298,2025-11-23,Salary Credit,10459.52,USSD,130461.72
T0005290,A00141,C0117,2025-09-17,Airtime,5908.15,App,26662.39
T0001285,A00038,C0033,2026-04-27,Transfer Out,5876.79,USSD,277829.17
T0010801,A00291,C0234,2026-06-21,Salary Credit,2300.0,ATM,63381.95
T0007312,A00192,C0157,2026-03-06,Bill Payment,3999.39,EFT,95328.14
T0002871,A00080,C0066,2026-03-14,Transfer Out,4564.46,ATM,20679.32
T0009392,A00249,C0202,2025-09-16,Airtime,5873.32,EFT,39934.47
T0012925,A00348,C0279,2026-03-17,Withdrawal,4373.89,ATM,90328.83
T0000441,A00013,C0013,2026-04-27,Salary Credit,10408.33,App,61934.69
T0008801,A00232,C0188,2025-08-10,Deposit,8228.97,Branch,52647.46
T0007938,A00208,C0171,2026-04-14,Withdrawal,,USSD,61279.49
T0014044,A00375,C0299,2025-12-07,Airtime,4749.92,App,96462.68
T0001328,A00040,C0035,2025-09-02,Transfer Out,7974.85,EFT,71483.99
T0013641,A00366,C0293,2026-01-05,Deposit,4656.24,EFT,47889.22
T0002601,A00071,C0057,2025-09-23,Deposit,24803.28,USSD,84367.9
T0011896,A00320,C0256,2026-05-28,Purchase,6728.23,USSD,65619.45
T0003379,A00095,C0080,2025-08-15,Transfer Out,2244.38,USSD,36220.09
T0000252,A00009,C0009,2025-09-05,Salary Credit,23017.91,EFT,50446.1
T0012131,A00327,C0262,2025-09-12,Salary Credit,14739.68,ATM,75519.23
T0012078,A00326,C0261,2025-09-23,Bill Payment,5836.08,POS,66291.65
T0001118,A00034,C0030,2026-06-29,Airtime,1548.26,USSD,170126.24
T0004915,A00131,C0108,2025-12-01,Airtime,-1937.89,USSD,32492.98
T0011960,A00322,C0257,2025-07-26,Purchase,1900.32,App,63579.68
T0000268,A00010,C0010,2025-10-22,Deposit,8599.79,Branch,30412.89
T0010673,A00287,C0231,2025-10-31,Transfer In,717.82,ATM,49668.47
T0004041,A00110,C0091,2026-04-16,Purchase,4768.27,App,179025.75
T0011548,A00311,C0250,2026-05-21,Transfer In,17380.84,App,2026.17
T0001935,A00054,C0045,2026-03-22,Deposit,23519.57,USSD,141867.16
T0014045,A00375,C0299,2026-03-11,Airtime,4050.4,USSD,92412.28
T0002875,A00080,C0066,2026-02-28,Purchase,3195.99,EFT,24321.45
T0010661,A00286,C0231,2026-03-15,Purchase,172.9,USSD,59955.54
T0011226,A00301,C0242,2025-10-09,Transfer In,2218.85,USSD,100556.64
T0000038,A00001,C0001,2025-08-17,Salary Credit,15907.53,App,94428.05
T0004335,A00118,C0097,2025-09-07,Airtime,1935.78,EFT,46414.86
T0009761,A00261,C0213,2026-03-21,Transfer In,18353.67,EFT,62835.98
T0008789,A00232,C0188,2025-11-26,Deposit,2704.63,EFT,61845.06
T0012883,A00348,C0279,2026-06-14,Transfer In,22109.1,Branch,57907.45
T0007768,A00203,C0166,2025-07-22,Bill Payment,3573.53,USSD,102218.7
T0011427,A00306,C0245,2026-03-09,Purchase,3218.37,EFT,22970.22
T0006986,A00185,C0152,2026-03-08,Transfer Out,6662.94,Branch,19965.69
T0013245,A00357,C0286,2025-10-13,Purchase,3857.24,ATM,49322.29
T0000548,A00017,C0016,2025-11-19,Deposit,15682.23,App,74464.79
T0002734,A00075,C0061,2025-07-31,Salary Credit,13154.62,App,78772.81
T0005045,A00134,C0111,2026-06-23,Deposit,2934.33,App,64815.6
T0003283,A00091,C0076,2026-05-09,Airtime,7101.64,Branch,95576.61
T0000362,A00012,C0012,2025-09-21,Bill Payment,199.12,POS,-4066.27
T0009310,A00247,C0201,2025-08-27,Airtime,7386.7,POS,22039.21
T0011148,A00299,C0240,2025-12-12,Purchase,6050.18,POS,138524.64
T0006631,A00177,C0146,2025-11-29,Airtime,6627.72,Branch,68169.15
T0001891,A00054,C0045,2025-08-11,Withdrawal,3417.1,ATM,65049.41
T0003392,A00095,C0080,2025-09-21,Withdrawal,3337.37,USSD,64654.41
T0010002,A00267,C0218,2026-05-19,Salary Credit,410.06,App,40944.87
T0008750,A00231,C0188,2025-07-02,Transfer Out,6765.63,EFT,14044.92
T0005072,A00135,C0112,2025-11-28,Deposit,17688.05,ATM,8580.65
T0010694,A00287,C0231,2025-11-11,Salary Credit,,EFT,74887.8
T0003595,A00099,C0083,2025-08-27,Bill Payment,1425.66,USSD,68355.16
T0009806,A00262,C0214,2026-06-14,Transfer Out,1066.89,USSD,47470.71
T0004482,A00122,C0101,2026-06-04,Transfer In,21728.24,EFT,31782.39
T0008244,A00217,C0178,2026-04-16,Airtime,7617.07,USSD,149728.43
T0005214,A00138,C0114,2025-07-12,Bill Payment,7774.16,USSD,77158.32
T0006783,A00180,C0149,2025-09-10,Withdrawal,3541.96,POS,71930.28
T0008676,A00229,C0186,2026-06-12,Transfer Out,6403.86,POS,18485.88
T0009113,A00242,C0197,2025-09-30,Withdrawal,3823.78,App,-10268.96
T0001644,A00047,C0040,2025-08-30,Withdrawal,2848.33,EFT,110426.31
T0011542,A00311,C0250,2026-03-31,Transfer Out,4252.96,USSD,8130.45
T0000798,A00025,C0023,2025-09-14,Airtime,2289.37,POS,58929.73
T0011288,A00302,C0242,2025-09-27,Transfer In,24861.63,ATM,75178.7
T0003656,A00101,C0084,2026-01-14,Withdrawal,5212.13,USSD,98789.05
T0003265,A00091,C0076,2026-06-25,Airtime,3647.33,POS,49352.64
T0007728,A00202,C0165,2026-06-07,Transfer In,7011.57,USSD,71297.33
T0011981,A00323,C0258,2025-10-06,Transfer In,11928.77,ATM,13430.42
T0008894,A00234,C0190,2025-12-09,Salary Credit,5333.5,Branch,95811.17
T0010687,A00287,C0231,2026-03-19,Airtime,5806.91,POS,40958.3
T0007832,A00206,C0169,2025-07-14,Airtime,4352.63,Branch,32598.36
T0010525,A00282,C0228,2025-12-24,Bill Payment,927.19,EFT,6526.73
T0012857,A00347,C0279,2025-07-08,Transfer Out,2511.3,App,152120.17
T0001352,A00040,C0035,2025-11-30,Purchase,813.54,POS,87722.15
T0012668,A00342,C0274,2026-02-10,Withdrawal,3478.33,ATM,159729.65
T0000483,A00014,C0014,2025-07-11,Bill Payment,2878.18,App,151678.47
T0006352,A00169,C0140,2025-07-28,Purchase,942.52,ATM,34771.15
T0014120,A00377,C0300,2026-01-09,Withdrawal,7898.21,EFT,11394.34
T0002619,A00071,C0057,2025-10-24,Deposit,10903.45,POS,111272.66
T0012060,A00325,C0260,2025-07-14,Purchase,3272.73,POS,36590.92
T0006823,A00181,C0149,2025-10-06,Transfer In,14629.88,USSD,1191.66
T0003589,A00099,C0083,2025-11-27,Deposit,19968.65,POS,66398.56
T0013637,A00366,C0293,2026-05-19,Withdrawal,3574.34,USSD,56737.88
T0003481,A00097,C0081,2025-08-28,Deposit,6861.74,EFT,74800.92
T0005107,A00135,C0112,2026-02-26,Bill Payment,2638.54,App,20903.01
T0012604,A00341,C0273,2026-05-25,Transfer In,22043.86,USSD,72681.29
T0008087,A00212,C0173,2025-08-23,Transfer In,16082.33,EFT,19232.82
T0011262,A00302,C0242,2026-02-17,Deposit,2147.59,POS,36160.59
T0004784,A00128,C0106,2025-10-06,Withdrawal,2210.03,EFT,65703.83
T0007819,A00205,C0168,2025-08-13,Salary Credit,10949.76,Branch,100460.16
T0007864,A00206,C0169,2025-12-11,Transfer Out,2818.43,ATM,78273.72
T0009514,A00253,C0205,2026-04-01,Deposit,7608.43,POS,89383.88
T0012449,A00336,C0268,2025-11-05,Bill Payment,7438.0,POS,67908.5
T0005594,A00149,C0123,2025-11-05,Transfer In,19333.93,App,79475.15
T0003199,A00088,C0073,2025-09-23,Bill Payment,627.59,ATM,95302.13
T0013384,A00360,C0288,2026-06-26,Deposit,957.36,App,69154.14
T0011791,A00316,C0254,2026-04-16,Transfer In,-16278.75,App,77917.47
T0010989,A00296,C0238,2026-05-25,Purchase,6969.98,ATM,127891.42
T0011633,A00312,C0250,2026-04-27,Withdrawal,2093.13,App,130733.68
T0001738,A00049,C0042,2025-08-30,Salary Credit,5841.28,Branch,195863.94
T0007437,A00196,C0161,2025-09-02,Deposit,21260.89,App,42020.36
T0006832,A00181,C0149,2025-08-24,Deposit,18532.65,ATM,46102.38
T0012732,A00343,C0275,2026-04-06,Purchase,5467.96,USSD,65354.76
T0006866,A00182,C0150,2026-04-13,Transfer Out,5364.8,EFT,71489.52
T0006964,A00184,C0151,2026-03-05,Transfer In,9785.56,POS,31267.48
T0013127,A00354,C0283,2025-12-07,Bill Payment,2426.1,EFT,49313.79
T0003435,A00096,C0081,2026-01-28,Transfer In,16478.86,App,83680.54
T0013068,A00352,C0282,2026-06-02,Transfer Out,2571.16,Branch,2925.26
T0000742,A00023,C0021,2025-11-23,Bill Payment,5554.16,EFT,29330.09
T0012458,A00336,C0268,2025-07-04,Airtime,7178.12,ATM,59862.2
T0001489,A00044,C0037,2025-10-13,Deposit,9123.72,ATM,30253.98
T0013501,A00363,C0290,2026-04-03,Transfer Out,3815.43,USSD,115692.06
T0006022,A00160,C0133,2025-12-29,Salary Credit,14334.69,App,60528.01
T0009383,A00249,C0202,2026-04-16,Purchase,5596.73,Branch,9967.9
T0008753,A00231,C0188,2025-08-15,Transfer Out,2345.93,USSD,39605.47
T0008472,A00223,C0182,2025-11-15,Deposit,14033.05,EFT,167332.95
T0004593,A00124,C0103,2026-02-21,Purchase,5989.45,POS,157669.06
T0003828,A00105,C0087,2025-09-08,Withdrawal,4578.51,POS,41480.32
T0010348,A00278,C0225,2026-05-19,Bill Payment,6905.8,App,51405.53
T0007949,A00208,C0171,2026-02-03,Deposit,22355.78,App,70813.25
T0000760,A00023,C0021,2025-10-08,Airtime,7804.94,ATM,62124.02
T0008214,A00216,C0177,2025-12-14,Withdrawal,5746.33,Branch,58478.99
T0003819,A00105,C0087,2026-03-01,Purchase,5960.38,POS,30281.13
T0012303,A00331,C0265,2025-07-06,Transfer Out,1050.17,App,72103.69
T0012542,A00339,C0271,2026-05-25,Transfer In,226.04,USSD,10772.9
T0013594,A00365,C0292,2026-01-30,Deposit,18597.25,POS,35295.0
T0009176,A00243,C0198,2026-04-18,Salary Credit,7202.09,USSD,33839.95
T0012416,A00334,C0267,2026-01-04,Transfer In,18647.38,App,138137.88
T0009372,A00249,C0202,2026-06-01,Transfer In,19575.28,POS,64726.14
T0014055,A00376,C0300,2026-02-08,Purchase,3020.9,USSD,35540.26
T0014089,A00376,C0300,2025-07-25,Deposit,5942.38,USSD,161316.53
T0002074,A00058,C0048,2025-11-02,Salary Credit,11660.36,App,75125.86
T0012361,A00333,C0266,2026-03-03,Transfer Out,6251.78,POS,66861.68
T0012599,A00341,C0273,2025-07-19,Deposit,14758.11,Branch,45467.24
T0003867,A00107,C0089,2026-02-18,Transfer In,14884.22,App,27656.2
T0008576,A00227,C0185,2025-08-17,Airtime,455.65,Branch,35210.14
T0009678,A00259,C0211,2025-12-30,Salary Credit,15714.1,EFT,44470.19
T0003926,A00108,C0090,2026-06-08,Bill Payment,1883.34,USSD,-24342.61
T0006909,A00183,C0151,2025-09-22,Bill Payment,1866.62,App,36676.68
T0013493,A00363,C0290,2026-04-22,Salary Credit,10882.22,ATM,68378.2
T0012572,A00340,C0272,2026-05-31,Bill Payment,4710.73,App,19685.53
T0007264,A00191,C0156,2025-12-12,Transfer Out,3666.52,EFT,9628.76
T0014115,A00377,C0300,2025-09-10,Withdrawal,2284.75,App,33533.02
T0000905,A00028,C0026,2026-02-25,Transfer Out,7498.56,POS,69536.97
T0009877,A00264,C0216,2026-06-18,Airtime,377.2,App,86118.91
T0000464,A00014,C0014,2025-07-12,Purchase,7779.21,ATM,90771.6
T0009575,A00256,C0208,2026-06-02,Deposit,15096.46,EFT,12747.32
T0000121,A00004,C0004,2026-04-16,Airtime,3119.28,Branch,81648.45
T0004399,A00120,C0099,2026-02-27,Transfer Out,59.41,ATM,19701.07
T0011692,A00314,C0252,2025-12-01,Withdrawal,4507.98,POS,16197.72
T0010188,A00273,C0222,2025-11-26,Bill Payment,5514.97,Branch,54571.57
T0009549,A00255,C0207,2025-10-19,Airtime,2466.8,ATM,34299.5
T0012263,A00331,C0265,2025-07-08,Withdrawal,1278.29,POS,-8670.06
T0009650,A00258,C0210,2025-11-22,Bill Payment,2432.89,App,21693.55
T0010627,A00285,C0230,2026-05-18,Transfer Out,4504.44,USSD,60414.03
T0009547,A00255,C0207,2025-07-01,Airtime,3440.19,ATM,32019.7
T0006271,A00167,C0138,2025-08-02,Withdrawal,7195.75,ATM,70100.25
T0001257,A00038,C0033,2025-11-02,Transfer In,13528.86,USSD,159720.39
T0000240,A00008,C0008,2026-05-26,Transfer In,11473.11,Branch,74414.53
T0010307,A00276,C0224,2025-10-05,Transfer In,,EFT,57114.69
T0002278,A00063,C0052,2025-08-29,Transfer Out,57.82,Branch,94538.62
T0014053,A00376,C0300,2025-09-13,Purchase,1591.86,POS,15435.68
T0006395,A00171,C0141,2026-02-21,Deposit,7865.47,USSD,70481.26
T0003536,A00098,C0082,2026-03-03,Deposit,12025.36,POS,110045.53
T0002831,A00078,C0064,2026-04-05,Deposit,15200.77,POS,175120.06
T0002478,A00068,C0056,2025-07-16,Transfer Out,986.18,USSD,258547.75
T0004740,A00127,C0105,2026-06-07,Deposit,20381.68,ATM,58701.09
T0006231,A00166,C0138,2026-05-27,Bill Payment,2257.74,USSD,203548.1
T0007573,A00199,C0163,2025-11-06,Deposit,836.11,Branch,62760.82
T0009997,A00267,C0218,2026-04-03,Salary Credit,22275.93,App,55722.78
T0013001,A00350,C0281,2026-06-14,Purchase,6509.02,USSD,102261.48
T0013438,A00361,C0289,2025-09-27,Transfer Out,6580.45,USSD,139562.65
T0012118,A00327,C0262,2026-03-14,Airtime,2598.32,Branch,4460.78
T0007253,A00190,C0156,2025-10-04,Salary Credit,4209.93,POS,112965.1
T0011005,A00296,C0238,2026-01-04,Transfer Out,6823.85,Branch,183358.8
T0008274,A00218,C0179,2026-03-04,Airtime,7046.66,Branch,-14355.18
T0013853,A00371,C0296,2026-04-15,Withdrawal,4734.89,USSD,34041.21
T0008881,A00234,C0190,2025-07-02,Transfer In,20867.48,USSD,73584.67
T0011585,A00311,C0250,2026-06-15,Salary Credit,681.37,USSD,72859.67
T0003361,A00093,C0078,2026-01-31,Purchase,6382.77,ATM,-13071.39
T0002159,A00060,C0050,2026-04-29,Transfer Out,6083.95,EFT,-6850.93
T0002392,A00067,C0055,2025-07-10,Salary Credit,9313.21,Branch,33806.09
T0002084,A00058,C0048,2026-03-11,Purchase,1446.79,USSD,77100.95
T0008666,A00229,C0186,2026-03-02,Airtime,6061.82,POS,-2062.82
T0012215,A00329,C0264,2026-06-24,Purchase,4206.8,Branch,78092.02
T0002001,A00057,C0047,2025-12-24,Salary Credit,17255.9,USSD,44122.53
T0007429,A00195,C0160,2026-03-05,Deposit,11554.02,USSD,197008.54
T0011813,A00317,C0254,2026-04-20,Transfer Out,4125.39,POS,25329.34
T0005837,A00155,C0129,2025-09-09,Salary Credit,10307.57,POS,69198.83
T0013838,A00371,C0296,2025-10-19,Purchase,7916.44,ATM,42333.15
T0007225,A00190,C0156,2026-05-31,Transfer Out,1643.02,ATM,60194.6
T0004228,A00116,C0096,2026-02-26,Purchase,284.71,EFT,75727.55
T0010718,A00288,C0232,2026-03-16,Airtime,6378.91,POS,25532.03
T0003950,A00108,C0090,2026-05-12,Salary Credit,24401.1,ATM,69855.81
T0000389,A00012,C0012,2025-08-02,Transfer Out,1789.73,App,73393.77
T0005160,A00137,C0113,2025-10-11,Purchase,7533.06,App,25111.88
T0004146,A00114,C0094,2026-06-06,Transfer In,654.1,USSD,29102.9
T0010277,A00276,C0224,2026-02-04,Bill Payment,376.0,USSD,5054.45
T0013954,A00374,C0298,2025-08-15,Deposit,12748.2,POS,69215.48
T0010616,A00285,C0230,2026-01-29,Deposit,5269.82,USSD,41810.32
T0004799,A00128,C0106,2026-04-06,Airtime,1990.37,ATM,74461.59
T0006572,A00175,C0145,2026-06-02,Deposit,20131.22,USSD,135907.85
T0008371,A00221,C0181,2026-05-24,Deposit,10981.74,Branch,88899.02
T0010280,A00276,C0224,2026-05-12,Bill Payment,2992.17,USSD,1215.03
T0012802,A00346,C0278,2026-05-09,Transfer Out,2613.84,USSD,32565.22
T0012455,A00336,C0268,2025-12-17,Salary Credit,14391.95,Branch,57937.95
T0006043,A00161,C0133,2025-11-26,Deposit,8094.38,App,8994.9
T0008633,A00228,C0185,2026-05-09,Transfer Out,5076.67,Branch,-19632.66
T0010896,A00294,C0237,2025-10-30,Bill Payment,3715.64,USSD,140536.8
T0010975,A00296,C0238,2025-07-11,Transfer In,20745.89,ATM,104749.94
T0011535,A00310,C0249,2025-12-29,Purchase,485.79,ATM,59677.29
T0011363,A00305,C0244,2026-01-08,Airtime,7845.89,EFT,151392.18
T0001311,A00040,C0035,2025-09-12,Deposit,3283.75,Branch,47813.33
T0004527,A00123,C0102,2025-10-10,Purchase,2873.63,USSD,61544.55
T0003913,A00108,C0090,2025-09-17,Purchase,2222.97,POS,11072.26
T0003561,A00098,C0082,2026-05-09,Transfer Out,3388.55,EFT,166539.5
T0010397,A00279,C0226,2025-07-02,Transfer Out,6709.64,USSD,15928.86
T0012709,A00343,C0275,2026-02-23,Transfer Out,2454.13,App,83255.2
T0012714,A00343,C0275,2025-11-04,Transfer In,16693.66,POS,78827.12
T0007122,A00188,C0154,2026-01-28,Purchase,3799.14,USSD,84945.44
T0000939,A00029,C0027,2025-08-12,Withdrawal,1279.42,USSD,53455.69
T0003485,A00097,C0081,2025-10-21,Bill Payment,1412.63,POS,86992.07
T0001310,A00039,C0034,2026-06-03,Withdrawal,5879.54,ATM,96647.81
T0007550,A00198,C0162,2026-04-15,Purchase,2355.8,ATM,97902.71
T0002878,A00080,C0066,2026-05-29,Transfer In,22473.2,USSD,59436.99
T0000816,A00025,C0023,2025-12-27,Transfer Out,7820.64,App,96516.89
T0012745,A00344,C0276,2025-08-12,Bill Payment,5079.24,Branch,93898.29
T0004761,A00128,C0106,2025-09-12,Transfer In,4907.39,ATM,15159.84
T0009952,A00266,C0217,2026-01-30,Purchase,6108.94,USSD,32091.69
T0008112,A00213,C0174,2026-04-25,Airtime,4829.35,ATM,27573.37
T0007341,A00193,C0158,2026-03-07,Airtime,6120.7,USSD,17519.49
T0011872,A00319,C0255,2026-05-21,Salary Credit,17577.74,EFT,61951.2
T0010443,A00280,C0227,2026-06-11,Withdrawal,6054.5,ATM,52985.5
T0002984,A00083,C0068,2026-04-12,Bill Payment,3340.34,POS,96305.3
T0003095,A00085,C0070,2025-10-10,Transfer In,15213.37,EFT,140276.5
T0006665,A00178,C0147,2026-05-24,Withdrawal,1206.66,App,27407.45
T0007783,A00203,C0166,2025-08-13,Deposit,12086.09,EFT,161020.59
T0010576,A00284,C0230,2025-08-15,Transfer Out,5244.71,EFT,19994.11
T0010542,A00282,C0228,2025-07-25,Bill Payment,2030.32,Branch,-4131.41
T0007836,A00206,C0169,2026-03-30,Bill Payment,3027.88,USSD,39416.79
T0003497,A00097,C0081,2025-08-07,Transfer In,14332.18,EFT,98570.32
T0008693,A00229,C0186,2026-06-05,Transfer Out,2103.35,ATM,47183.15
T0013787,A00370,C0296,2025-08-20,Bill Payment,2773.87,EFT,120775.84
T0005512,A00146,C0121,2025-12-16,Transfer Out,3598.03,ATM,209077.97
T0008428,A00223,C0182,2026-06-01,Bill Payment,6719.17,POS,23734.45
T0005175,A00137,C0113,2025-12-09,Transfer Out,6708.64,POS,2988.89
T0012353,A00332,C0266,2025-07-01,Salary Credit,6908.77,App,153179.01
T0000420,A00013,C0013,2025-08-31,Salary Credit,,USSD,62412.52
T0009734,A00260,C0212,2025-11-13,Transfer Out,4411.07,POS,186823.69
T0011717,A00315,C0253,2026-02-16,Bill Payment,2048.14,App,38627.99
T0012392,A00334,C0267,2025-10-12,Bill Payment,5342.84,App,17055.72
T0010238,A00275,C0224,2026-06-08,Transfer In,2727.22,ATM,24724.18
T0013205,A00356,C0285,2026-06-14,Transfer Out,3106.0,EFT,57787.92
T0010119,A00272,C0221,2026-01-13,Purchase,6382.15,POS,15011.59
T0013843,A00371,C0296,2026-05-14,Purchase,4442.12,EFT,25475.48
T0003177,A00087,C0072,2025-11-06,Purchase,394.73,EFT,14623.44
T0000613,A00019,C0017,2026-06-16,Airtime,6400.29,Branch,39008.38
T0005548,A00147,C0121,2025-12-31,Salary Credit,23739.91,EFT,104210.9
T0001372,A00041,C0036,2026-01-11,Deposit,24104.04,Branch,38017.25
T0014006,A00375,C0299,2026-05-21,Transfer Out,6231.42,Branch,50053.15
T0008323,A00220,C0180,2026-04-12,Withdrawal,3073.81,POS,-6788.06
T0005082,A00135,C0112,2025-11-18,Deposit,15355.95,App,8551.44
T0003793,A00104,C0086,2025-08-22,Transfer Out,5077.4,EFT,62113.07
T0010603,A00284,C0230,2025-07-09,Deposit,16645.12,ATM,92209.4
T0002603,A00071,C0057,2026-03-24,Airtime,212.64,POS,83657.36
T0002675,A00073,C0059,2026-04-24,Transfer In,13398.84,App,66797.21
T0002376,A00067,C0055,2026-04-06,Transfer In,5779.98,USSD,-7868.84
T0004587,A00124,C0103,2026-04-10,Deposit,13942.71,USSD,128563.83
T0009506,A00253,C0205,2026-01-14,Purchase,6681.87,ATM,75037.21
T0003375,A00094,C0079,2025-12-17,Transfer Out,6932.54,POS,22973.12
T0007105,A00188,C0154,2025-08-09,Transfer In,19772.87,POS,37955.85
T0002357,A00066,C0054,2025-12-22,Withdrawal,1266.83,EFT,29250.33
T0006287,A00168,C0139,2025-12-18,Deposit,10407.88,EFT,85088.4
T0000988,A00031,C0029,2026-03-20,Airtime,7786.71,USSD,110148.43
T0002975,A00083,C0068,2025-12-15,Airtime,1634.33,ATM,21200.52
T0011031,A00297,C0239,2026-04-06,Transfer In,23040.42,ATM,23035.36
T0007311,A00192,C0157,2025-09-20,Withdrawal,270.69,EFT,99327.53
T0000344,A00011,C0011,2026-04-09,Transfer Out,4356.89,EFT,49139.26
T0012036,A00325,C0260,2026-03-12,Deposit,7537.8,POS,17855.35
T0005809,A00154,C0128,2025-12-04,Deposit,12271.26,ATM,80436.42
T0002106,A00059,C0049,2025-08-15,Salary Credit,6206.14,USSD,87436.58
T0002618,A00071,C0057,2026-06-07,Transfer Out,6453.39,ATM,100369.21
T0004064,A00111,C0092,2025-09-16,Bill Payment,2029.96,ATM,37258.4
T0008700,A00229,C0186,2025-11-11,Purchase,955.61,App,113854.31
T0005994,A00159,C0132,2025-07-25,Transfer In,21500.42,POS,83817.94
T0004519,A00123,C0102,2025-10-02,Salary Credit,17164.2,Branch,48482.93
T0000962,A00030,C0028,2026-03-13,Transfer Out,5987.63,Branch,84549.6
T0008621,A00228,C0185,2026-03-31,Deposit,625.61,EFT,-6309.94
T0002253,A00062,C0051,2026-04-15,Airtime,6877.68,ATM,94893.42
T0013521,A00363,C0290,2026-01-19,Transfer In,,USSD,146454.23
T0010145,A00273,C0222,2026-05-19,Bill Payment,3062.59,POS,26362.65
T0009978,A00267,C0218,2026-02-12,Purchase,-2608.96,Branch,29484.45
T0003644,A00101,C0084,2025-08-01,Deposit,11332.44,EFT,68468.73
T0014048,A00375,C0299,2026-02-10,Salary Credit,22717.65,EFT,114745.34
T0004391,A00119,C0098,2025-11-20,Airtime,4004.11,EFT,240830.73
T0005370,A00143,C0118,2025-11-02,Airtime,2150.36,App,-54567.42
T0010543,A00282,C0228,2025-12-04,Airtime,1714.51,USSD,-5845.92
T0008840,A00233,C0189,2025-07-18,Purchase,725.21,App,56683.77
T0003236,A00089,C0074,2026-06-03,Salary Credit,849.08,ATM,20667.76
T0001520,A00045,C0038,2026-05-08,Airtime,3590.89,Branch,8951.24
T0000055,A00002,C0002,2025-10-18,Purchase,7360.76,EFT,64723.3
T0011756,A00316,C0254,2025-10-26,Transfer In,20356.87,POS,36085.77
T0012887,A00348,C0279,2025-07-02,Transfer Out,7381.49,App,63623.71
T0010182,A00273,C0222,2026-02-25,Salary Credit,17952.46,USSD,57518.79
T0003791,A00104,C0086,2025-09-08,Salary Credit,,ATM,68874.54
T0000883,A00027,C0025,2026-06-03,Salary Credit,11950.19,POS,154823.64
T0002524,A00069,C0056,2026-01-18,Transfer Out,3726.77,Branch,164213.59
T0011866,A00319,C0255,2025-08-16,Deposit,16770.76,Branch,28502.32
T0010622,A00285,C0230,2026-02-05,Transfer Out,194.77,ATM,69457.84
T0012238,A00330,C0264,2026-06-07,Bill Payment,7064.34,Branch,30116.75
T0011525,A00310,C0249,2025-09-23,Transfer In,11370.83,POS,65143.42
T0013318,A00358,C0287,2026-04-10,Purchase,5151.87,ATM,110769.49
T0009147,A00242,C0197,2026-05-18,Purchase,427.91,ATM,26494.08
T0006541,A00175,C0145,2025-11-27,Salary Credit,7024.54,EFT,56884.54
T0008308,A00219,C0180,2025-10-15,Bill Payment,2690.42,POS,58925.9
T0002660,A00072,C0058,2026-01-01,Airtime,6405.66,App,30241.96
T0010755,A00289,C0233,2025-10-16,Airtime,687.69,Branch,2301.44
T0013904,A00372,C0297,2026-04-02,Bill Payment,4526.7,ATM,120167.43
T0007103,A00188,C0154,2025-08-05,Transfer Out,1168.5,ATM,23141.22
T0001809,A00052,C0044,2026-01-26,Airtime,655.93,App,3558.61
T0010432,A00279,C0226,2026-06-12,Transfer Out,6751.06,USSD,91301.76
T0000249,A00009,C0009,2025-08-23,Bill Payment,7291.59,POS,1236.66
T0003467,A00096,C0081,2025-08-20,Deposit,12335.67,App,235373.27
T0005443,A00145,C0120,2026-04-02,Bill Payment,2598.49,Branch,63992.58
T0005235,A00138,C0114,2025-08-12,Airtime,3496.5,Branch,110179.12
T0009517,A00253,C0205,2025-08-23,Withdrawal,2820.6,ATM,96179.55
T0008168,A00216,C0177,2026-01-06,Purchase,379.77,App,10923.33
T0003362,A00093,C0078,2026-02-20,Airtime,2842.71,Branch,-15914.1
T0011465,A00308,C0247,2026-05-11,Airtime,1283.02,ATM,102137.48
T0000437,A00013,C0013,2025-09-13,Purchase,5131.83,EFT,52599.45
T0000060,A00003,C0003,2025-12-02,Transfer In,12991.95,USSD,11795.59
T0013073,A00352,C0282,2025-07-19,Airtime,5316.66,POS,-1581.9
T0004650,A00125,C0104,2025-09-01,Airtime,6964.05,ATM,55371.17
T0000098,A00003,C0003,2026-04-17,Deposit,10931.07,ATM,181084.99
T0009903,A00265,C0217,2026-06-21,Purchase,4196.5,POS,55347.41
T0000630,A00019,C0017,2025-08-22,Transfer In,13608.96,Branch,79045.55
T0003454,A00096,C0081,2026-03-28,Withdrawal,3965.13,App,197646.36
T0013218,A00356,C0285,2026-01-01,Bill Payment,3622.46,EFT,132242.95
T0010289,A00276,C0224,2026-04-30,Transfer In,14019.89,POS,11639.28
T0012085,A00326,C0261,2026-01-20,Salary Credit,7939.65,ATM,102018.82
T0006225,A00166,C0138,2026-04-10,Transfer In,11118.3,Branch,147372.85
T0005572,A00148,C0122,2026-06-30,Deposit,23989.74,EFT,110407.55
T0008793,A00232,C0188,2025-11-28,Transfer Out,2799.83,App,49387.95
T0006646,A00177,C0146,2025-07-26,Withdrawal,2234.69,ATM,203477.69
T0014027,A00375,C0299,2026-02-13,Transfer Out,6416.75,POS,43807.43
T0006708,A00179,C0148,2025-07-26,Bill Payment,424.78,POS,10372.19
T0006076,A00163,C0135,2025-07-20,Bill Payment,1839.32,Branch,23710.79
T0004063,A00111,C0092,2025-09-04,Bill Payment,6842.67,Branch,39288.36
T0005604,A00149,C0123,2025-10-03,Airtime,648.92,POS,97557.37
T0011706,A00314,C0252,2025-10-12,Transfer Out,4079.54,USSD,53196.35
T0012383,A00333,C0266,2026-03-24,Transfer Out,167.59,Branch,111172.02
T0003309,A00092,C0077,2025-10-25,Bill Payment,7370.68,USSD,109337.0
T0006470,A00173,C0143,2025-09-18,Bill Payment,4962.12,App,31906.16
T0001043,A00033,C0030,2026-03-24,Transfer Out,3366.06,USSD,43019.17
T0001279,A00038,C0033,2026-06-12,Deposit,17467.04,Branch,245508.2
T0004412,A00120,C0099,2025-10-13,Airtime,6033.02,USSD,57992.68
T0006136,A00164,C0136,2025-08-31,Purchase,2738.28,App,108263.93
T0004611,A00124,C0103,2026-04-05,Deposit,18724.94,POS,142161.97
T0001536,A00045,C0038,2026-02-07,Transfer In,10097.86,Branch,20430.52
T0010757,A00289,C0233,2025-11-20,Bill Payment,3296.13,EFT,-8941.28
T0000257,A00009,C0009,2025-07-28,Deposit,16120.63,EFT,88013.01
T0012287,A00331,C0265,2025-07-13,Bill Payment,6646.18,Branch,-13163.9
T0008751,A00231,C0188,2025-08-11,Deposit,20727.28,USSD,34772.2
T0009505,A00253,C0205,2025-07-06,Withdrawal,7560.03,EFT,81719.08
T0011550,A00311,C0250,2026-06-28,Salary Credit,4198.33,Branch,15377.6
T0013363,A00359,C0288,2026-04-10,Transfer Out,820.26,App,153893.82
T0008201,A00216,C0177,2025-08-06,Salary Credit,6492.4,USSD,28395.29
T0002712,A00074,C0060,2025-08-18,Deposit,2760.03,EFT,23040.63
T0012230,A00330,C0264,2026-02-27,Transfer In,524.5,POS,59118.7
T0014084,A00376,C0300,2026-03-20,Purchase,1777.32,EFT,157681.77
T0006701,A00178,C0147,2026-01-13,Purchase,2429.07,Branch,95918.53
T0013782,A00370,C0296,2026-02-15,Airtime,7141.06,App,107283.18
T0003286,A00091,C0076,2025-08-16,Purchase,7949.61,POS,84425.09
T0012881,A00348,C0279,2026-04-10,Withdrawal,5613.67,ATM,37638.74
T0013778,A00370,C0296,2026-04-02,Deposit,23519.04,EFT,118543.83
T0006454,A00172,C0142,2025-07-05,Airtime,7335.0,App,35788.35
T0003889,A00107,C0089,2026-06-18,Airtime,7240.58,Branch,28031.92
T0003081,A00085,C0070,2026-02-22,Bill Payment,41.8,App,120322.52
T0008410,A00222,C0181,2025-11-28,Bill Payment,5615.9,App,97638.16
T0001959,A00056,C0047,2025-10-04,Airtime,2464.08,ATM,16790.58
T0003659,A00101,C0084,2025-08-08,Purchase,3747.37,EFT,88118.33
T0003209,A00088,C0073,2025-10-08,Purchase,7478.55,Branch,143364.05
T0011178,A00300,C0241,2025-07-26,Airtime,954.19,ATM,20437.81
T0012158,A00328,C0263,2025-09-05,Transfer Out,6397.62,ATM,116355.96
T0000910,A00029,C0027,2026-06-17,Transfer In,10206.06,ATM,12900.68
T0012306,A00331,C0265,2026-01-18,Airtime,6954.53,ATM,63320.48
T0011278,A00302,C0242,2025-08-14,Purchase,7584.41,App,81301.62
T0002769,A00076,C0062,2026-06-17,Bill Payment,1248.36,ATM,74260.21
T0001455,A00043,C0037,2025-08-24,Bill Payment,7566.34,USSD,56094.03
T0008246,A00217,C0178,2026-03-28,Purchase,3808.93,USSD,142145.54
T0006262,A00167,C0138,2025-12-28,Purchase,7694.53,Branch,42295.81
T0003586,A00099,C0083,2025-08-31,Salary Credit,24153.66,USSD,56538.73
T0006616,A00177,C0146,2025-12-02,Transfer In,11690.01,App,66966.57
T0008815,A00232,C0188,2025-10-13,Transfer Out,3700.88,ATM,31874.7
T0008463,A00223,C0182,2026-02-18,Purchase,4888.86,App,164311.36
T0011301,A00303,C0243,2026-01-30,Bill Payment,5686.33,ATM,43105.77
T0012440,A00336,C0268,2025-11-30,Withdrawal,5392.26,Branch,8393.88
T0010232,A00274,C0223,2026-04-06,Bill Payment,3087.01,USSD,108979.1
T0005476,A00146,C0121,2025-12-19,Salary Credit,24447.8,ATM,63378.51
T0001743,A00050,C0042,2026-04-25,Salary Credit,23429.48,USSD,48088.34
T0012803,A00346,C0278,2025-11-18,Salary Credit,1385.8,ATM,33951.02
T0006593,A00176,C0146,2026-01-27,Airtime,3197.18,ATM,43778.77
T0007961,A00209,C0172,2026-06-12,Withdrawal,2501.72,Branch,71890.84
T0001907,A00054,C0045,2026-04-14,Transfer In,2029.16,USSD,79285.82
T0005441,A00145,C0120,2026-04-16,Transfer Out,5667.59,App,71832.91
T0003410,A00096,C0081,2026-05-13,Withdrawal,5924.44,ATM,26205.62
T0000470,A00014,C0014,2025-07-07,Withdrawal,7797.3,EFT,108133.67
T0009960,A00266,C0217,2025-12-16,Transfer Out,2970.23,POS,26155.13
T0008696,A00229,C0186,2026-04-13,Transfer In,19416.84,POS,85199.16
T0011594,A00311,C0250,2026-01-20,Transfer In,20429.03,Branch,74852.65
T0001971,A00056,C0047,2026-02-09,Withdrawal,5798.59,POS,72512.23
T0006716,A00179,C0148,2026-02-08,Bill Payment,2890.06,ATM,-15924.17
T0011508,A00310,C0249,2025-09-20,Purchase,4528.0,EFT,5723.53
T0010683,A00287,C0231,2026-02-07,Salary Credit,2290.16,EFT,47020.09
T0006013,A00160,C0133,2025-11-29,Transfer Out,2570.96,ATM,41684.31
T0003409,A00095,C0080,2026-05-22,Deposit,13391.64,POS,75542.11
T0000690,A00021,C0019,2026-02-23,Bill Payment,3820.33,POS,12340.01
T0013805,A00370,C0296,2026-04-12,Salary Credit,11635.54,EFT,175732.71
T0009792,A00262,C0214,2025-08-03,Withdrawal,4106.05,ATM,26965.81
T0002324,A00064,C0053,2025-09-16,Bill Payment,2545.6,USSD,102048.81
T0011196,A00300,C0241,2025-08-14,Airtime,2577.86,POS,83328.06
T0007201,A00189,C0155,2026-02-24,Deposit,3310.51,ATM,143470.77
T0008688,A00229,C0186,2026-04-07,Deposit,16966.29,POS,40300.59
T0006798,A00180,C0149,2026-05-25,Transfer In,4674.55,POS,81076.04
T0010751,A00289,C0233,2025-10-09,Salary Credit,447.29,Branch,12701.55
T0012820,A00346,C0278,2025-08-02,Airtime,625.37,App,61335.58
T0000049,A00002,C0002,2025-10-18,Salary Credit,2040.67,POS,67948.24
T0002407,A00067,C0055,2025-07-15,Bill Payment,648.1,ATM,129289.29
T0009031,A00239,C0194,2026-01-04,Purchase,7909.41,POS,41145.21
T0003545,A00098,C0082,2026-06-12,Salary Credit,24099.67,EFT,139580.47
T0002746,A00076,C0062,2026-01-31,Airtime,31.65,App,-1488.0
T0003320,A00092,C0077,2026-06-15,Bill Payment,450.79,ATM,96178.81
T0008289,A00218,C0179,2025-12-08,Purchase,6682.11,USSD,48133.73
T0006972,A00184,C0151,2025-10-01,Airtime,6209.23,App,3045.75
T0005173,A00137,C0113,2025-11-19,Purchase,5617.04,App,13678.64
T0005991,A00159,C0132,2025-11-12,Airtime,4669.82,Branch,66195.23
T0000953,A00030,C0028,2026-01-06,Salary Credit,2234.89,Branch,93743.17
T0004078,A00112,C0093,2026-04-28,Bill Payment,2847.24,POS,76636.17
T0010574,A00284,C0230,2025-08-01,Deposit,15290.58,EFT,18782.86
T0012520,A00338,C0270,2025-12-04,Airtime,5169.72,App,18063.4
T0010105,A00271,C0221,2026-03-04,Withdrawal,4946.73,USSD,-7810.15
T0001979,A00056,C0047,2026-01-05,Airtime,2732.01,POS,86070.33
T0006548,A00175,C0145,2026-01-13,Transfer In,24570.68,USSD,96861.92
T0013282,A00357,C0286,2026-01-29,Bill Payment,6264.79,ATM,121628.32
T0000118,A00004,C0004,2026-03-03,Deposit,2284.27,EFT,72809.83
T0005448,A00145,C0120,2025-07-06,Transfer Out,1350.41,Branch,74982.05
T0001286,A00038,C0033,2025-08-15,Withdrawal,5096.72,Branch,272732.45
T0005576,A00148,C0122,2026-01-15,Salary Credit,6659.54,EFT,150385.74
T0004537,A00123,C0102,2026-02-19,Withdrawal,381.79,USSD,96026.45
T0012939,A00349,C0280,2026-04-02,Transfer Out,7102.62,Branch,27221.94
T0010650,A00286,C0231,2025-12-26,Deposit,16664.31,USSD,33069.69
T0007898,A00207,C0170,2025-09-18,Withdrawal,2324.51,POS,185162.68
T0001474,A00043,C0037,2026-06-17,Withdrawal,3944.73,ATM,127951.22
T0006273,A00168,C0139,2025-10-09,Deposit,4634.53,USSD,52878.21
T0010273,A00275,C0224,2025-10-11,Purchase,7087.5,ATM,75700.44
T0006570,A00175,C0145,2026-01-05,Purchase,424.66,USSD,120358.39
T0002290,A00063,C0052,2025-08-14,Salary Credit,5099.63,App,136218.65
T0001868,A00053,C0045,2025-07-07,Deposit,21152.5,POS,110888.71
T0014131,A00377,C0300,2025-12-06,Withdrawal,846.68,App,24889.22
T0002904,A00081,C0066,2026-04-16,Withdrawal,6157.52,EFT,55510.34
T0013208,A00356,C0285,2026-02-17,Salary Credit,7336.82,Branch,66165.95
T0002895,A00081,C0066,2025-11-20,Withdrawal,2358.42,USSD,17989.15
T0011102,A00298,C0240,2026-05-30,Deposit,1701.1,EFT,42995.44
T0007401,A00195,C0160,2025-11-05,Deposit,9291.92,POS,49889.09
T0010386,A00279,C0226,2026-04-04,Transfer Out,4816.4,USSD,37315.68
T0013128,A00354,C0283,2026-01-09,Deposit,24141.94,Branch,73455.73
T0009300,A00247,C0201,2025-10-09,Withdrawal,1590.85,Branch,41808.52
T0007150,A00189,C0155,2025-10-31,Transfer Out,7929.68,POS,26333.99
T0001190,A00037,C0032,2026-01-23,Bill Payment,6578.45,App,73131.35
T0005336,A00142,C0117,2026-01-13,Salary Credit,14362.19,POS,82006.19
T0006505,A00174,C0144,2025-11-25,Transfer In,12114.93,App,47177.76
T0002720,A00074,C0060,2025-09-08,Bill Payment,7790.3,POS,42175.15
T0007146,A00188,C0154,2025-08-20,Salary Credit,12200.35,POS,123227.98
T0006812,A00180,C0149,2025-09-04,Transfer In,15201.14,POS,157196.72
T0009250,A00245,C0200,2026-01-04,Deposit,6654.63,USSD,62880.04
T0012439,A00335,C0268,2025-12-01,Transfer In,6468.45,POS,35965.38
T0009507,A00253,C0205,2026-03-19,Airtime,7239.51,POS,67797.7
T0002246,A00062,C0051,2025-09-09,Airtime,1480.26,ATM,83706.45
T0011702,A00314,C0252,2025-11-30,Salary Credit,2180.68,USSD,34282.61
T0009858,A00263,C0215,2026-01-06,Deposit,10682.28,POS,42313.08
T0012643,A00342,C0274,2025-10-20,Salary Credit,2079.51,App,34728.37
T0011989,A00323,C0258,2026-01-19,Bill Payment,3934.2,ATM,27998.19
T0009084,A00240,C0195,2025-08-01,Salary Credit,19920.94,Branch,197273.49
T0006984,A00184,C0151,2026-05-23,Bill Payment,1922.13,EFT,86639.72
T0009750,A00261,C0213,2025-12-11,Bill Payment,5861.75,ATM,24728.48
T0001850,A00052,C0044,2026-03-05,Purchase,7025.56,Branch,141284.39
T0010848,A00293,C0236,2025-09-30,Withdrawal,7812.75,App,6793.77
T0006280,A00168,C0139,2025-08-03,Purchase,6041.18,EFT,40934.36
T0002504,A00069,C0056,2025-12-31,Salary Credit,10093.04,ATM,99572.69
T0013656,A00366,C0293,2026-04-05,Transfer Out,517.39,Branch,70825.6
T0003226,A00089,C0074,2026-05-25,Airtime,1942.57,ATM,18079.9
T0004072,A00112,C0093,2026-02-22,Purchase,2102.21,ATM,36954.09
T0013308,A00358,C0287,2025-08-18,Transfer In,7298.7,Branch,96884.84
T0012963,A00349,C0280,2026-06-16,Salary Credit,17520.98,EFT,90442.81
T0012770,A00345,C0277,2025-11-28,Withdrawal,20.43,POS,24503.83
T0001694,A00049,C0042,2025-11-28,Deposit,18907.85,EFT,51602.41
T0013470,A00362,C0289,2026-01-10,Transfer In,7904.84,ATM,96110.87
T0001451,A00043,C0037,2026-01-05,Airtime,684.3,POS,54096.46
T0003388,A00095,C0080,2025-11-07,Bill Payment,1592.39,App,57987.27
T0002688,A00074,C0060,2025-08-14,Withdrawal,1315.09,POS,18560.3
T0003219,A00089,C0074,2025-10-26,Transfer Out,114.29,USSD,9360.53
T0012620,A00342,C0274,2026-04-14,Transfer Out,3762.4,ATM,40422.91
T0005942,A00157,C0131,2026-06-08,Airtime,3268.85,App,101280.07
T0013801,A00370,C0296,2025-09-10,Transfer Out,4538.72,App,158403.13
T0001032,A00033,C0030,2025-10-14,Airtime,1273.12,EFT,20226.61
T0011147,A00299,C0240,2026-02-20,Transfer Out,-5348.47,USSD,144574.82
T0009755,A00261,C0213,2025-09-05,Purchase,7393.94,Branch,15966.81
T0007020,A00185,C0152,2025-11-19,Transfer In,10360.5,Branch,96889.03
T0001226,A00037,C0032,2025-12-15,Salary Credit,12170.51,POS,106747.6
T0006159,A00165,C0137,2026-06-05,Transfer Out,2775.6,Branch,-2713.45
T0001073,A00033,C0030,2026-04-07,Airtime,559.17,EFT,54844.01
T0007849,A00206,C0169,2026-04-19,Airtime,4653.19,App,69152.58
T0009902,A00265,C0217,2026-05-07,Transfer In,8782.12,EFT,59543.91
T0000788,A00024,C0022,2025-08-03,Transfer In,22308.39,App,122553.98
T0007188,A00189,C0155,2025-08-02,Withdrawal,5401.78,Branch,147495.44
T0006111,A00164,C0136,2026-06-05,Transfer Out,5583.0,ATM,24043.58
T0006236,A00166,C0138,2026-04-06,Deposit,5318.47,EFT,203280.0
T0014066,A00376,C0300,2025-10-11,Salary Credit,21741.22,ATM,110800.55
T0002741,A00075,C0061,2025-11-08,Withdrawal,2189.06,Branch,88673.84
T0002447,A00068,C0056,2025-07-18,Withdrawal,2430.36,ATM,178737.42
T0011686,A00313,C0251,2026-06-30,Salary Credit,18854.72,POS,138523.38
T0012375,A00333,C0266,2026-05-02,Airtime,7260.35,ATM,85077.9
T0012797,A00346,C0278,2025-11-05,Transfer Out,649.8,App,14796.03
T0011863,A00319,C0255,2026-02-10,Withdrawal,4785.42,Branch,662.82
T0002709,A00074,C0060,2026-06-19,Transfer Out,7252.43,App,14581.48
T0011241,A00301,C0242,2025-10-03,Airtime,2067.85,POS,117899.54
T0012874,A00348,C0279,2025-08-04,Bill Payment,7174.32,POS,48806.51
T0000747,A00023,C0021,2025-10-07,Withdrawal,7893.1,POS,9303.47
T0012955,A00349,C0280,2026-02-07,Transfer In,19917.64,USSD,29064.06
T0006370,A00170,C0141,2026-04-05,Airtime,7908.53,ATM,90867.28
T0005357,A00143,C0118,2025-08-08,Transfer Out,5020.45,ATM,-19239.03
T0000295,A00010,C0010,2026-02-12,Transfer In,22796.01,USSD,9799.73
T0005265,A00140,C0116,2026-06-24,Salary Credit,6936.0,Branch,34508.88
T0001786,A00051,C0043,2026-01-26,Deposit,14531.3,POS,101476.83
T0000956,A00030,C0028,2025-12-18,Transfer In,11826.22,POS,99465.33
T0004433,A00121,C0100,2025-08-16,Salary Credit,13567.97,ATM,38993.19
T0008782,A00232,C0188,2026-03-28,Purchase,2592.23,App,2722.31
T0009605,A00256,C0208,2025-12-29,Transfer In,17328.43,POS,136120.34
T0011289,A00302,C0242,2025-10-03,Transfer Out,7824.69,EFT,67354.01
T0009415,A00250,C0203,2026-05-25,Transfer In,18471.48,EFT,169662.73
T0008736,A00230,C0187,2025-11-01,Withdrawal,2158.56,App,98581.54
T0002288,A00063,C0052,2025-11-09,Bill Payment,2292.76,POS,137211.71
T0002751,A00076,C0062,2025-11-01,Airtime,3955.34,POS,-14005.26
T0005648,A00151,C0125,2026-02-19,Salary Credit,197.83,EFT,30776.46
T0004125,A00114,C0094,2025-10-24,Bill Payment,6739.69,POS,-11009.38
T0007927,A00207,C0170,2025-08-19,Salary Credit,1055.7,ATM,311777.58
T0013602,A00365,C0292,2025-09-14,Transfer In,17839.22,ATM,50109.37
T0013856,A00372,C0297,2025-09-07,Bill Payment,,USSD,-1440.07
T0013896,A00372,C0297,2025-11-20,Withdrawal,7122.27,USSD,130053.3
T0003163,A00087,C0072,2025-12-15,Purchase,7354.55,Branch,1162.81
T0008066,A00212,C0173,2026-01-15,Withdrawal,1666.25,App,28350.61
T0013141,A00354,C0283,2025-09-04,Transfer In,6459.43,USSD,69652.19
T0001600,A00046,C0039,2026-06-17,Transfer Out,7695.73,POS,77754.87
T0013502,A00363,C0290,2026-01-22,Deposit,6587.49,ATM,122279.55
T0003957,A00108,C0090,2025-10-08,Purchase,1722.03,ATM,67464.12
T0001841,A00052,C0044,2026-02-18,Withdrawal,5660.34,App,123313.31
T0007165,A00189,C0155,2025-10-19,Purchase,7126.49,App,53722.05
T0012114,A00326,C0261,2026-05-08,Purchase,5062.48,POS,132551.33
T0008193,A00216,C0177,2025-12-27,Purchase,,POS,11612.4
T0007297,A00192,C0157,2026-05-08,Salary Credit,9440.39,ATM,54739.92
T0000979,A00031,C0029,2025-09-05,Transfer In,21595.64,Branch,76994.1
T0007717,A00201,C0165,2026-03-19,Withdrawal,,POS,113048.35
T0003408,A00095,C0080,2025-11-14,Purchase,829.27,POS,62150.47
T0004200,A00116,C0096,2025-07-01,Purchase,7347.96,EFT,66370.32
T0003488,A00097,C0081,2026-03-01,Deposit,9102.15,App,91143.69
T0004518,A00123,C0102,2026-01-12,Airtime,2861.0,USSD,31318.73
T0007972,A00209,C0172,2025-10-03,Transfer In,12268.95,USSD,98549.46
T0014004,A00375,C0299,2025-09-21,Purchase,1323.59,Branch,58073.37
T0009920,A00265,C0217,2025-11-16,Deposit,9224.3,USSD,45423.83
T0011130,A00299,C0240,2026-01-08,Transfer In,8870.39,POS,98910.24
T0005442,A00145,C0120,2026-01-21,Airtime,5241.84,EFT,66591.07
T0005429,A00144,C0119,2025-10-02,Bill Payment,560.08,EFT,164493.73
T0000813,A00025,C0023,2025-08-14,Bill Payment,1571.71,POS,84718.38
T0012126,A00327,C0262,2026-02-24,Salary Credit,4930.47,POS,50663.77
T0008498,A00225,C0183,2026-04-02,Salary Credit,8649.71,POS,63704.75
T0013123,A00354,C0283,2025-10-18,Transfer Out,5977.16,ATM,46814.68
T0004966,A00132,C0109,2025-10-24,Withdrawal,7095.06,ATM,106663.34
T0011845,A00318,C0255,2026-02-19,Transfer In,23613.22,Branch,139500.95
T0006286,A00168,C0139,2025-12-28,Deposit,,USSD,74680.52
T0009124,A00242,C0197,2026-01-03,Transfer In,7799.49,USSD,-15930.08
T0011659,A00313,C0251,2025-11-29,Withdrawal,4340.65,App,81932.83
T0011757,A00316,C0254,2025-07-18,Withdrawal,797.28,App,35288.49
T0003459,A00096,C0081,2025-12-28,Transfer In,22747.66,ATM,208985.23
T0008219,A00216,C0177,2026-03-11,Deposit,16136.09,ATM,65320.18
T0010023,A00268,C0219,2025-08-24,Purchase,2157.27,USSD,24625.65
T0005184,A00137,C0113,2025-12-30,Withdrawal,4307.42,USSD,56551.52
T0004007,A00110,C0091,2026-02-16,Deposit,18444.96,EFT,122231.02
T0001092,A00034,C0030,2025-11-10,Bill Payment,7533.79,App,94382.22
T0013505,A00363,C0290,2025-10-05,Bill Payment,1721.23,Branch,114534.56
T0000925,A00029,C0027,2026-01-02,Salary Credit,17920.21,App,41260.14
T0001296,A00039,C0034,2026-04-26,Transfer In,11999.64,App,30635.0
T0012298,A00331,C0265,2026-06-08,Salary Credit,16998.75,Branch,65575.75
T0009837,A00263,C0215,2026-05-27,Bill Payment,7113.17,USSD,2943.71
T0009033,A00239,C0194,2025-07-06,Deposit,1973.36,USSD,35488.05
T0000776,A00023,C0021,2026-05-18,Withdrawal,3091.34,POS,141534.8
T0003576,A00099,C0083,2026-02-22,Withdrawal,6656.94,USSD,9944.18
T0002363,A00066,C0054,2026-05-06,Purchase,3764.3,POS,29116.8
T0007649,A00200,C0164,2026-03-05,Purchase,2697.0,Branch,128389.62
T0010713,A00288,C0232,2025-10-03,Purchase,7766.12,Branch,27305.06
T0005419,A00144,C0119,2025-07-11,Airtime,6764.1,App,164677.28
T0000661,A00020,C0018,2026-06-30,Bill Payment,3260.14,ATM,28427.98
T0006861,A00182,C0150,2026-05-24,Purchase,,App,69936.17
T0010013,A00267,C0218,2025-08-19,Salary Credit,1188.44,USSD,85810.56
T0012283,A00331,C0265,2026-06-16,Withdrawal,6656.96,EFT,-19711.3
T0004923,A00131,C0108,2025-07-27,Salary Credit,5007.14,POS,58868.18
T0013286,A00357,C0286,2025-09-05,Airtime,6206.31,Branch,141422.0
T0001873,A00053,C0045,2025-08-13,Withdrawal,609.64,USSD,102700.04
T0011964,A00322,C0257,2026-02-28,Transfer In,12253.06,Branch,108768.94
T0002546,A00069,C0056,2025-09-04,Withdrawal,7407.47,ATM,250018.43
T0006263,A00167,C0138,2025-07-22,Deposit,23597.37,EFT,65893.18
T0003788,A00104,C0086,2026-06-22,Salary Credit,23976.6,ATM,42854.05
T0008481,A00224,C0183,2025-07-20,Deposit,2492.54,Branch,-12787.54
T0003170,A00087,C0072,2026-01-01,Transfer In,17455.07,USSD,-2658.9
T0009835,A00263,C0215,2025-09-11,Deposit,6894.02,ATM,8333.81
T0010076,A00270,C0220,2025-10-16,Withdrawal,738.39,EFT,37458.55
T0006401,A00171,C0141,2025-07-30,Airtime,4081.16,POS,85501.2
T0000764,A00023,C0021,2025-09-26,Transfer In,2253.21,EFT,63757.5
T0003381,A00095,C0080,2025-08-26,Withdrawal,3383.25,Branch,25438.89
T0005729,A00152,C0126,2025-07-22,Airtime,3195.42,USSD,72058.39
T0007564,A00199,C0163,2026-03-26,Deposit,4857.83,POS,50624.73
T0001292,A00039,C0034,2026-04-17,Transfer In,4722.39,ATM,34463.77
T0009217,A00244,C0199,2025-07-02,Airtime,4836.85,Branch,34758.63
T0007872,A00206,C0169,2026-03-15,Purchase,5847.28,EFT,81189.3
T0009502,A00253,C0205,2025-10-01,Deposit,21415.35,App,81067.6
T0002382,A00067,C0055,2025-07-09,Bill Payment,3788.86,ATM,9858.94
T0005987,A00159,C0132,2025-10-25,Transfer In,4766.57,App,57319.6
T0005726,A00152,C0126,2025-12-29,Bill Payment,7663.58,EFT,71274.05
T0006976,A00184,C0151,2025-11-03,Bill Payment,2720.25,POS,37599.78
T0009961,A00266,C0217,2025-11-01,Airtime,1804.36,ATM,24350.77
T0001899,A00054,C0045,2025-10-16,Airtime,7418.1,ATM,54698.89
T0003724,A00103,C0085,2025-11-29,Withdrawal,6669.47,App,23989.85
T0009422,A00250,C0203,2025-11-23,Transfer In,15001.57,App,250655.59
T0003832,A00105,C0087,2026-02-22,Withdrawal,1532.26,USSD,42636.11
T0003303,A00092,C0077,2025-11-29,Transfer In,24273.42,USSD,75471.46
T0006300,A00168,C0139,2026-04-03,Bill Payment,3494.38,Branch,56743.05
T0002606,A00071,C0057,2026-03-21,Deposit,16691.37,USSD,88296.39
T0011677,A00313,C0251,2026-04-28,Transfer In,12981.69,ATM,141704.47
T0011434,A00307,C0246,2026-04-01,Transfer In,19362.31,USSD,58036.51
T0006943,A00183,C0151,2026-04-27,Airtime,4608.82,Branch,198414.56
T0005004,A00133,C0110,2026-01-03,Bill Payment,4851.95,EFT,69936.46
T0011428,A00306,C0245,2025-07-11,Purchase,2008.03,App,20962.19
T0001027,A00032,C0029,2025-12-22,Airtime,6159.6,POS,95276.56
T0009509,A00253,C0205,2026-03-23,Transfer In,6858.34,Branch,67842.75
T0003025,A00084,C0069,2026-03-10,Transfer In,4122.89,ATM,55635.97
T0012317,A00332,C0266,2025-08-28,Salary Credit,4344.48,USSD,59784.79
T0009168,A00242,C0197,2026-03-18,Withdrawal,2213.21,POS,79777.9
T0008090,A00212,C0173,2026-06-16,Airtime,3633.9,App,25549.2
T0011009,A00296,C0238,2025-08-04,Deposit,10613.66,App,220361.27
T0011674,A00313,C0251,2026-05-08,Salary Credit,1985.3,USSD,108982.42
T0009288,A00246,C0200,2026-06-22,Transfer Out,3275.03,EFT,59067.02
T0012524,A00338,C0270,2026-01-01,Purchase,3979.81,EFT,14664.85
T0009564,A00256,C0208,2026-01-05,Airtime,7523.06,EFT,6265.79
T0013581,A00364,C0291,2025-12-04,Transfer In,13197.93,App,151473.26
T0008347,A00220,C0180,2026-04-10,Transfer In,7554.88,Branch,43833.64
T0003384,A00095,C0080,2025-11-19,Purchase,1767.76,USSD,44505.3
T0007190,A00189,C0155,2026-01-18,Transfer Out,4335.34,EFT,137402.36
T0013431,A00361,C0289,2025-07-27,Deposit,21419.13,USSD,102078.23
T0001980,A00056,C0047,2026-05-03,Bill Payment,7318.4,ATM,78751.93
T0011142,A00299,C0240,2025-10-18,Bill Payment,4109.31,Branch,142063.85
T0014039,A00375,C0299,2026-01-29,Purchase,2928.32,ATM,93788.97
T0003707,A00102,C0084,2026-06-16,Airtime,2991.48,EFT,58307.32
T0000566,A00018,C0016,2025-10-13,Withdrawal,1433.08,EFT,32370.52
T0001595,A00046,C0039,2025-10-19,Airtime,936.01,Branch,98263.2
T0007031,A00186,C0153,2026-05-21,Salary Credit,10580.54,POS,17274.4
T0010517,A00282,C0228,2026-01-01,Airtime,4953.9,USSD,22196.41
T0008086,A00212,C0173,2026-06-19,Transfer In,11947.55,USSD,3150.49
T0012197,A00329,C0264,2026-03-05,Bill Payment,7045.92,EFT,37100.84
T0000492,A00014,C0014,2025-08-19,Withdrawal,369.34,ATM,168332.04
T0013588,A00365,C0292,2026-06-15,Withdrawal,7846.8,USSD,43938.5
T0010300,A00276,C0224,2026-03-08,Bill Payment,6404.84,Branch,32307.77
T0009170,A00242,C0197,2026-02-28,Purchase,4116.32,POS,71153.43
T0008516,A00225,C0183,2025-11-23,Withdrawal,34.08,EFT,51703.48
T0010739,A00288,C0232,2026-03-23,Transfer Out,1916.18,POS,84042.53
T0000835,A00026,C0024,2026-03-21,Transfer In,19184.42,App,77389.23
T0003319,A00092,C0077,2025-09-11,Airtime,6447.42,EFT,96629.6
T0000627,A00019,C0017,2025-10-16,Airtime,1620.43,POS,48767.35
T0011441,A00307,C0246,2026-02-03,Bill Payment,973.3,EFT,57679.3
T0011974,A00323,C0258,2026-04-12,Deposit,18704.39,POS,23120.79
T0007828,A00206,C0169,2025-11-19,Airtime,2581.25,ATM,32136.14
T0000909,A00028,C0026,2025-10-13,Bill Payment,2150.14,ATM,67630.52
T0013609,A00365,C0292,2025-10-11,Withdrawal,4782.7,USSD,21695.6
T0005493,A00146,C0121,2026-02-08,Salary Credit,12052.41,Branch,154860.58
T0009541,A00254,C0206,2025-09-21,Airtime,,ATM,32271.95
T0004629,A00124,C0103,2025-08-08,Transfer In,2151.79,Branch,202117.24
T0014123,A00377,C0300,2025-10-02,Transfer In,4320.85,ATM,50550.64
T0011705,A00314,C0252,2026-01-04,Purchase,981.02,App,57275.89
T0004223,A00116,C0096,2025-07-03,Withdrawal,2330.95,USSD,52345.98
T0001995,A00056,C0047,2026-03-08,Salary Credit,9240.89,USSD,52155.21
T0012639,A00342,C0274,2026-02-01,Transfer Out,-415.5,POS,48972.57
T0009551,A00255,C0207,2026-02-09,Bill Payment,1897.48,Branch,47842.36
T0002446,A00068,C0056,2026-01-07,Withdrawal,2254.23,Branch,181167.78
T0004168,A00115,C0095,2026-01-31,Salary Credit,766.92,ATM,42533.73
T0007345,A00193,C0158,2025-07-15,Deposit,19956.68,App,63097.7
T0012029,A00324,C0259,2026-04-24,Bill Payment,1006.51,Branch,71704.09
T0006146,A00164,C0136,2026-03-24,Deposit,13240.47,USSD,158492.89
T0008249,A00217,C0178,2026-01-23,Deposit,5945.41,POS,143801.37
T0002161,A00060,C0050,2026-01-14,Deposit,19875.45,App,8381.16
T0008814,A00232,C0188,2026-02-22,Bill Payment,7403.11,EFT,35575.58
T0004207,A00116,C0096,2026-01-21,Bill Payment,1235.12,ATM,79520.56
T0007652,A00200,C0164,2025-08-25,Airtime,5686.03,App,158377.78
T0007001,A00185,C0152,2026-02-28,Bill Payment,3091.24,EFT,58821.83
T0011421,A00306,C0245,2025-10-11,Airtime,3127.28,POS,35171.51
T0001685,A00049,C0042,2025-12-02,Transfer Out,1402.95,Branch,30035.48
T0005623,A00149,C0123,2025-11-12,Withdrawal,2261.61,App,73915.69
T0000552,A00017,C0016,2025-12-07,Airtime,3604.37,USSD,78811.27
T0003763,A00103,C0085,2025-07-25,Airtime,2538.67,EFT,42270.22
T0000917,A00029,C0027,2026-01-03,Withdrawal,3187.22,ATM,14539.6
T0000302,A00010,C0010,2025-12-02,Salary Credit,19768.71,App,73927.7
T0010567,A00283,C0229,2026-05-29,Bill Payment,7127.03,App,63258.42
T0000716,A00022,C0020,2025-08-05,Transfer In,182.35,EFT,31361.66
T0005775,A00153,C0127,2026-01-03,Purchase,380.66,Branch,75033.61
T0000005,A00001,C0001,2026-05-24,Bill Payment,3176.75,ATM,43030.5
T0006911,A00183,C0151,2026-03-30,Purchase,322.13,Branch,36282.28
T0006985,A00185,C0152,2025-10-04,Withdrawal,7254.23,USSD,26628.63
T0000283,A00010,C0010,2026-06-17,Airtime,7371.11,USSD,-168.4
T0001194,A00037,C0032,2026-02-05,Bill Payment,1692.49,POS,79014.57
T0011467,A00308,C0247,2025-11-03,Salary Credit,3865.57,USSD,102578.04
T0005201,A00138,C0114,2026-04-27,Withdrawal,1403.64,ATM,87756.11
T0006316,A00169,C0140,2025-08-25,Transfer Out,7272.01,App,10291.82
T0004504,A00122,C0101,2025-10-05,Bill Payment,3029.35,POS,88142.39
T0003729,A00103,C0085,2025-08-05,Transfer In,6067.18,POS,23444.65
T0000685,A00021,C0019,2025-10-29,Salary Credit,4602.15,App,37818.69
T0005780,A00153,C0127,2025-12-14,Withdrawal,720.35,POS,62667.92
T0009376,A00249,C0202,2026-06-24,Purchase,4140.46,Branch,45114.11
T0000455,A00014,C0014,2026-06-18,Salary Credit,23679.24,App,56734.51
T0012975,A00349,C0280,2026-02-11,Transfer Out,882.42,POS,134130.76
T0000701,A00021,C0019,2025-08-17,Deposit,23468.79,ATM,32655.49
T0012998,A00350,C0281,2026-02-12,Transfer In,20584.36,ATM,81101.1
T0013764,A00370,C0296,2026-01-20,Transfer In,8672.57,App,55979.2
T0013247,A00357,C0286,2025-08-26,Deposit,9405.48,ATM,71552.83
T0013432,A00361,C0289,2025-12-17,Deposit,14682.4,EFT,116760.63
T0012567,A00339,C0271,2026-03-31,Salary Credit,5072.7,App,-3620.2
T0009888,A00264,C0216,2026-06-04,Transfer Out,6440.26,Branch,107974.4
T0004026,A00110,C0091,2025-11-21,Bill Payment,4629.03,EFT,182540.81
T0012631,A00342,C0274,2025-09-14,Withdrawal,2048.9,App,44104.34
T0013202,A00356,C0285,2026-04-12,Transfer In,14659.58,App,39109.43
T0005547,A00147,C0121,2026-05-12,Salary Credit,2840.87,Branch,80470.99
T0002102,A00059,C0049,2026-01-09,Deposit,2625.85,Branch,92083.21
T0011898,A00320,C0256,2025-11-29,Transfer In,4976.79,Branch,88852.93
T0000046,A00002,C0002,2026-06-01,Airtime,2018.11,USSD,61189.43
T0002450,A00068,C0056,2026-06-21,Transfer Out,2175.13,EFT,197874.49
T0011701,A00314,C0252,2026-01-24,Purchase,5880.84,POS,32101.93
T0001889,A00054,C0045,2026-03-08,Salary Credit,7894.1,Branch,55557.18
T0004541,A00123,C0102,2025-08-06,Airtime,7537.68,USSD,73366.3
T0001537,A00045,C0038,2026-05-06,Salary Credit,5394.62,App,25825.14
T0010304,A00276,C0224,2025-10-18,Withdrawal,3656.97,Branch,40557.33
T0008008,A00209,C0172,2026-02-27,Transfer In,1442.53,EFT,211587.45
T0012377,A00333,C0266,2025-09-02,Bill Payment,4944.71,ATM,76799.13
T0011634,A00312,C0250,2025-07-03,Purchase,319.85,POS,130413.83
T0010887,A00294,C0237,2025-12-14,Salary Credit,13421.2,ATM,109405.75
T0008756,A00231,C0188,2026-04-24,Airtime,2853.94,App,29496.72
T0003390,A00095,C0080,2025-12-30,Bill Payment,7226.69,POS,74139.66
T0005377,A00143,C0118,2026-06-18,Withdrawal,5099.34,App,-26302.41
T0009537,A00254,C0206,2025-07-01,Salary Credit,20588.62,EFT,35134.17
T0013697,A00368,C0294,2025-08-20,Purchase,2765.05,EFT,29573.32
T0007335,A00193,C0158,2026-06-24,Transfer Out,2522.27,USSD,17513.82
T0003923,A00108,C0090,2026-01-21,Transfer Out,6412.22,App,-12829.09
T0003380,A00095,C0080,2025-10-17,Purchase,7397.95,USSD,28822.14
T0007714,A00201,C0165,2026-04-22,Transfer In,7876.07,POS,107035.13
T0011696,A00314,C0252,2025-10-04,Bill Payment,4065.96,Branch,30114.59
T0012559,A00339,C0271,2025-12-12,Bill Payment,3787.53,POS,17896.39
T0010429,A00279,C0226,2025-10-30,Airtime,7774.52,EFT,83322.77
T0001638,A00047,C0040,2025-10-21,Airtime,3096.89,POS,83349.9
T0005909,A00157,C0131,2026-03-21,Deposit,5364.83,Branch,61417.05
T0008409,A00222,C0181,2026-01-05,Deposit,18878.27,App,103254.06
T0009226,A00244,C0199,2025-10-08,Withdrawal,1090.63,Branch,91398.38
T0008150,A00215,C0176,2025-07-08,Deposit,8089.74,Branch,90506.28
T0002744,A00076,C0062,2026-04-11,Purchase,5027.6,App,-9708.03
T0005273,A00140,C0116,2026-04-16,Transfer In,8838.96,ATM,38472.13
T0011381,A00306,C0245,2026-02-14,Transfer Out,5071.2,Branch,33790.56
T0000486,A00014,C0014,2025-11-18,Purchase,569.64,Branch,160770.46
T0010816,A00292,C0235,2026-06-19,Deposit,1707.24,POS,26386.08
T0008622,A00228,C0185,2026-06-13,Deposit,16048.25,POS,9738.31
T0000731,A00022,C0020,2025-11-02,Purchase,134.63,Branch,148717.24
T0012389,A00333,C0266,2026-03-08,Purchase,924.84,POS,91370.92
T0002100,A00059,C0049,2026-03-03,Salary Credit,23805.93,USSD,83136.19
T0006867,A00182,C0150,2025-08-31,Withdrawal,6663.5,USSD,64826.02
T0012132,A00327,C0262,2025-09-12,Airtime,1778.42,USSD,73740.81
T0001814,A00052,C0044,2026-04-21,Salary Credit,15852.48,ATM,21651.14
T0013134,A00354,C0283,2025-12-20,Bill Payment,3361.84,POS,55197.96
T0006495,A00174,C0144,2026-06-28,Transfer Out,4109.74,USSD,43315.5
T0004438,A00121,C0100,2025-09-16,Purchase,1839.43,POS,87727.53
T0000540,A00017,C0016,2025-08-04,Bill Payment,5289.78,USSD,30488.88
T0010275,A00276,C0224,2026-02-23,Bill Payment,3242.84,App,5635.81
T0007843,A00206,C0169,2026-04-08,Salary Credit,6197.36,App,24494.71
T0010357,A00278,C0225,2026-04-22,Airtime,1975.3,ATM,70304.54
T0005153,A00136,C0112,2026-02-01,Salary Credit,8931.82,EFT,150786.24
T0013467,A00362,C0289,2025-10-15,Transfer Out,510.19,POS,81594.57
T0004973,A00132,C0109,2025-08-20,Transfer In,9987.05,Branch,159938.21
T0012953,A00349,C0280,2026-01-19,Withdrawal,4274.35,Branch,12687.11
T0011348,A00305,C0244,2025-12-06,Withdrawal,6479.11,POS,64338.69
T0007038,A00186,C0153,2025-07-05,Transfer In,13546.66,ATM,41650.43
T0004201,A00116,C0096,2025-12-10,Purchase,6758.8,Branch,59611.52
T0012854,A00347,C0279,2026-06-09,Transfer In,-4796.54,Branch,158751.25
T0009695,A00259,C0211,2025-12-20,Transfer In,,EFT,113525.03
T0000225,A00008,C0008,2025-12-23,Salary Credit,9045.35,EFT,72885.36
T0010364,A00278,C0225,2025-09-02,Salary Credit,21790.91,App,121664.13
T0008920,A00235,C0190,2026-02-19,Salary Credit,23864.42,POS,128066.58
T0001094,A00034,C0030,2026-03-18,Bill Payment,7595.87,Branch,105614.48
T0005772,A00153,C0127,2026-04-05,Bill Payment,557.91,Branch,87973.1
T0004462,A00122,C0101,2025-11-02,Airtime,373.02,EFT,20220.0
T0013734,A00369,C0295,2025-11-21,Purchase,,App,26324.26
T0002682,A00073,C0059,2025-08-05,Withdrawal,7862.85,App,63664.92
T0012967,A00349,C0280,2025-09-16,Bill Payment,1676.45,App,94236.55
T0010615,A00285,C0230,2026-06-17,Bill Payment,1537.59,Branch,36540.5
T0009046,A00239,C0194,2025-12-24,Bill Payment,2185.96,USSD,50301.61
T0011716,A00315,C0253,2026-05-30,Deposit,23316.79,App,40676.13
T0007183,A00189,C0155,2026-04-16,Deposit,3033.34,ATM,130874.27
T0012952,A00349,C0280,2025-11-16,Transfer Out,4279.88,USSD,16961.46
T0010722,A00288,C0232,2025-07-13,Purchase,7233.55,USSD,36719.85
T0009968,A00266,C0217,2025-11-25,Bill Payment,1925.76,App,20608.82
T0003691,A00102,C0084,2025-12-30,Transfer In,530.46,Branch,25165.62
T0007395,A00194,C0159,2026-03-09,Deposit,17956.42,POS,86380.74
T0006781,A00180,C0149,2026-03-07,Salary Credit,21722.54,USSD,77219.74
T0002191,A00061,C0050,2026-06-20,Salary Credit,18985.64,App,84091.65
T0001951,A00055,C0046,2026-02-08,Airtime,5175.14,Branch,46976.6
T0009146,A00242,C0197,2026-03-26,Salary Credit,15777.76,USSD,26921.99
T0002069,A00058,C0048,2026-04-10,Withdrawal,7764.09,POS,60101.78
T0004788,A00128,C0106,2026-04-08,Transfer Out,308.01,POS,72534.16
T0004042,A00110,C0091,2026-01-07,Transfer Out,7059.29,App,171966.46
T0006758,A00179,C0148,2026-05-17,Purchase,6220.99,USSD,93662.37
T0003611,A00100,C0083,2026-06-24,Bill Payment,1876.08,USSD,3880.35
T0005267,A00140,C0116,2026-01-14,Purchase,3439.77,App,25417.19
T0007679,A00201,C0165,2025-09-15,Bill Payment,6164.77,ATM,31435.2
T0004808,A00128,C0106,2026-06-29,Deposit,4198.7,POS,57722.52
T0002732,A00075,C0061,2026-06-05,Transfer In,12298.84,EFT,65662.59
T0010612,A00284,C0230,2026-04-08,Deposit,19167.99,USSD,107889.94
T0002930,A00081,C0066,2025-09-26,Purchase,1806.79,USSD,171460.98
T0001823,A00052,C0044,2025-10-02,Withdrawal,,POS,79896.81
T0012083,A00326,C0261,2026-03-26,Withdrawal,4931.63,ATM,101274.59
T0007840,A00206,C0169,2026-04-22,Purchase,1266.61,USSD,17708.48
T0002487,A00069,C0056,2026-05-20,Withdrawal,3648.4,ATM,19227.71
T0000482,A00014,C0014,2026-05-27,Airtime,6448.09,ATM,154556.65
T0010004,A00267,C0218,2025-10-31,Transfer In,18667.41,POS,72242.56
T0004567,A00123,C0102,2025-09-19,Airtime,6304.52,POS,78148.65
T0012109,A00326,C0261,2026-05-07,Airtime,7440.68,ATM,124859.13
T0006690,A00178,C0147,2025-10-25,Transfer Out,2142.86,USSD,88030.97
T0001003,A00032,C0029,2025-07-08,Transfer In,,ATM,8603.28
T0007296,A00192,C0157,2026-04-05,Airtime,572.14,USSD,45299.53
T0010377,A00279,C0226,2026-02-23,Withdrawal,1439.93,POS,734.35
T0013577,A00364,C0291,2026-01-25,Transfer In,23067.01,POS,158678.46
T0003168,A00087,C0072,2025-07-26,Withdrawal,1010.45,POS,-19626.44
T0012962,A00349,C0280,2025-10-25,Withdrawal,7854.1,ATM,72921.83
T0002451,A00068,C0056,2025-08-02,Purchase,1739.5,EFT,196134.99
T0011904,A00321,C0256,2025-10-31,Salary Credit,23375.98,App,28117.84
T0010196,A00273,C0222,2026-01-05,Transfer Out,4846.24,USSD,45320.98
T0013704,A00368,C0294,2025-12-03,Salary Credit,274.34,POS,37190.23
T0010827,A00292,C0235,2025-09-07,Bill Payment,4702.27,App,19094.0
T0010014,A00267,C0218,2025-10-23,Withdrawal,1923.7,Branch,83886.86
T0012185,A00329,C0264,2026-05-24,Bill Payment,6167.66,App,21215.39
T0006712,A00179,C0148,2025-09-23,Transfer Out,5072.2,EFT,-2592.94
T0002834,A00078,C0064,2025-08-09,Withdrawal,7346.68,POS,181215.01
T0001378,A00041,C0036,2025-11-22,Transfer Out,4867.59,ATM,27882.76
T0010949,A00295,C0237,2025-08-29,Deposit,3349.88,Branch,83930.42
T0004591,A00124,C0103,2026-04-23,Purchase,3121.03,Branch,140721.2
T0006092,A00163,C0135,2025-09-09,Purchase,3982.41,ATM,753.71
T0006592,A00176,C0146,2025-11-22,Transfer In,20016.26,EFT,46975.95
T0010922,A00295,C0237,2026-02-20,Transfer Out,4695.56,App,13314.33
T0002560,A00070,C0057,2026-05-07,Transfer In,9386.73,POS,81327.31
T0003676,A00102,C0084,2026-02-20,Airtime,1665.94,POS,326.01
T0004408,A00120,C0099,2026-05-07,Salary Credit,14949.78,POS,64107.7
T0009166,A00242,C0197,2025-07-30,Transfer Out,534.58,Branch,87214.73
T0012913,A00348,C0279,2025-08-25,Transfer In,5355.92,USSD,50479.13
T0009167,A00242,C0197,2026-05-18,Purchase,5223.62,POS,81991.11
T0005498,A00146,C0121,2025-07-23,Purchase,4914.8,ATM,204102.22
T0011054,A00297,C0239,2026-01-09,Airtime,3388.05,POS,58585.03
T0004483,A00122,C0101,2026-01-04,Salary Credit,17689.82,USSD,49472.21
T0002549,A00070,C0057,2026-05-06,Transfer Out,7424.26,ATM,30091.73
T0012320,A00332,C0266,2026-03-20,Deposit,13204.38,ATM,86209.04
T0008694,A00229,C0186,2026-03-07,Purchase,6240.98,ATM,40942.17
T0007107,A00188,C0154,2026-01-02,Purchase,2504.95,ATM,34458.46
T0006452,A00172,C0142,2026-04-28,Transfer Out,7680.43,USSD,30617.44
T0013339,A00359,C0288,2025-07-18,Withdrawal,1658.47,Branch,19330.95
T0008315,A00219,C0180,2026-01-24,Transfer In,19991.06,Branch,125158.46
T0011725,A00315,C0253,2025-07-03,Purchase,784.5,EFT,48044.73
T0001674,A00048,C0041,2025-12-23,Withdrawal,3479.01,Branch,52189.78
T0001406,A00041,C0036,2025-08-25,Salary Credit,16441.36,ATM,116415.68
T0002053,A00058,C0048,2026-04-17,Transfer Out,4763.54,ATM,66904.64
T0002844,A00079,C0065,2026-01-20,Salary Credit,-8639.46,ATM,25331.17
T0007683,A00201,C0165,2026-05-12,Transfer Out,367.61,POS,14640.65
T0013494,A00363,C0290,2025-07-09,Salary Credit,20266.37,USSD,88644.57
T0003382,A00095,C0080,2026-04-22,Transfer In,17557.41,USSD,42996.3
T0004752,A00127,C0105,2026-06-30,Salary Credit,4565.15,USSD,34916.68
T0013541,A00364,C0291,2026-05-20,Bill Payment,371.1,USSD,74280.97
T0004576,A00124,C0103,2026-06-23,Bill Payment,7608.2,POS,66397.23
T0005652,A00151,C0125,2025-08-24,Bill Payment,6660.54,Branch,51526.84
T0003943,A00108,C0090,2026-05-28,Transfer Out,6766.3,POS,13664.94
T0010745,A00289,C0233,2026-04-29,Purchase,4571.64,App,37395.78
T0008721,A00230,C0187,2026-06-19,Airtime,1844.95,Branch,81648.31
T0011110,A00298,C0240,2026-03-24,Transfer Out,333.43,ATM,62369.56
T0001431,A00042,C0036,2026-04-28,Airtime,1921.25,POS,34159.33
T0003959,A00108,C0090,2026-05-05,Bill Payment,4420.86,Branch,59905.45
T0013108,A00353,C0283,2026-06-19,Transfer In,18075.32,EFT,68610.63
T0001836,A00052,C0044,2025-11-22,Bill Payment,5862.07,EFT,149044.04
T0000551,A00017,C0016,2026-05-10,Transfer In,10491.6,EFT,82415.64
T0002833,A00078,C0064,2025-12-13,Transfer In,1076.36,App,188561.69
T0011167,A00300,C0241,2026-04-24,Purchase,4708.09,App,17194.95
T0010564,A00283,C0229,2026-01-10,Transfer In,17890.98,EFT,72547.97
T0006434,A00172,C0142,2026-02-25,Transfer Out,5188.8,EFT,16325.14
T0011905,A00321,C0256,2025-09-29,Transfer In,17459.87,Branch,45577.71
T0013881,A00372,C0297,2025-11-10,Airtime,4212.13,App,83699.13
T0013256,A00357,C0286,2025-09-11,Salary Credit,12834.96,App,131420.84
T0010010,A00267,C0218,2026-03-01,Withdrawal,-6428.93,Branch,96654.77
T0003830,A00105,C0087,2025-12-08,Deposit,1592.32,ATM,43421.05
T0001569,A00046,C0039,2026-01-19,Deposit,23496.46,POS,68217.76
T0004043,A00110,C0091,2025-11-21,Transfer Out,4346.87,POS,167619.59
T0009030,A00239,C0194,2026-03-08,Transfer In,8729.54,EFT,49054.62
T0001468,A00043,C0037,2026-03-03,Salary Credit,20405.08,EFT,135820.94
T0012175,A00329,C0264,2025-11-30,Deposit,7503.25,Branch,-13375.57
T0000891,A00028,C0026,2025-07-11,Airtime,318.27,EFT,29619.35
T0014097,A00376,C0300,2025-07-28,Salary Credit,12670.37,USSD,248580.08
T0002671,A00072,C0058,2025-07-21,Transfer In,23805.01,EFT,82940.88
T0004858,A00130,C0107,2025-12-19,Transfer Out,534.46,POS,81029.88
T0001375,A00041,C0036,2025-09-13,Transfer In,6913.8,ATM,36537.6
T0009906,A00265,C0217,2025-09-12,Deposit,5714.41,Branch,72349.5
T0007167,A00189,C0155,2026-02-07,Salary Credit,19887.17,EFT,70390.11
T0007259,A00191,C0156,2026-03-16,Transfer Out,1328.13,USSD,1092.84
T0002693,A00074,C0060,2026-03-11,Salary Credit,9743.16,ATM,39369.14
T0003234,A00089,C0074,2025-10-13,Transfer In,14850.58,ATM,21043.24
T0002692,A00074,C0060,2026-03-05,Withdrawal,7809.58,USSD,29625.98
T0002154,A00060,C0050,2026-06-08,Withdrawal,3832.76,POS,11609.4
T0006307,A00169,C0140,2025-09-16,Airtime,6625.87,App,16794.65
T0011245,A00301,C0242,2025-07-15,Deposit,8434.76,Branch,132161.91
T0009163,A00242,C0197,2025-07-14,Airtime,2583.01,EFT,89376.95
T0009490,A00253,C0205,2026-06-12,Airtime,7419.2,EFT,-2511.22
T0007212,A00190,C0156,2025-11-14,Purchase,5425.09,POS,71103.71
T0001610,A00047,C0040,2025-12-12,Transfer In,14084.85,POS,42524.75
T0005478,A00146,C0121,2025-12-23,Withdrawal,4975.27,App,60382.62
T0012584,A00340,C0272,2025-07-08,Airtime,7506.11,App,-27909.49
T0005141,A00136,C0112,2025-11-03,Transfer In,2713.29,ATM,82528.39
T0005481,A00146,C0121,2025-12-27,Withdrawal,4580.23,POS,90655.13
T0003781,A00104,C0086,2025-12-25,Withdrawal,828.07,EFT,20099.65
T0012840,A00347,C0279,2025-07-17,Airtime,5335.62,Branch,94633.52
T0011052,A00297,C0239,2025-08-30,Purchase,5584.81,App,56325.85
T0003099,A00085,C0070,2026-01-23,Bill Payment,3416.0,Branch,125624.35
T0010177,A00273,C0222,2026-05-08,Bill Payment,7564.87,POS,68464.07
T0007048,A00186,C0153,2026-05-01,Transfer Out,543.06,ATM,61390.34
T0007924,A00207,C0170,2026-06-22,Deposit,23015.83,USSD,299066.68
T0001077,A00034,C0030,2026-05-16,Bill Payment,3110.14,Branch,56776.22
T0013167,A00355,C0284,2026-05-13,Deposit,8613.9,ATM,39719.8
T0012671,A00342,C0274,2025-11-05,Purchase,5557.08,ATM,162407.96
T0012428,A00335,C0268,2026-05-27,Purchase,3057.19,Branch,17682.54
T0006546,A00175,C0145,2025-12-02,Transfer Out,4882.88,EFT,55663.83
T0001509,A00045,C0038,2025-08-24,Withdrawal,,Branch,-12279.55
T0004300,A00118,C0097,2026-04-21,Purchase,7754.02,POS,27040.41
T0006373,A00170,C0141,2026-02-07,Airtime,802.66,ATM,87486.59
T0009236,A00244,C0199,2025-12-11,Salary Credit,2031.26,EFT,147378.98
T0005360,A00143,C0118,2026-01-18,Airtime,3623.01,USSD,-36996.12
T0008191,A00216,C0177,2026-01-28,Transfer Out,6797.05,EFT,7052.73
T0007758,A00203,C0166,2026-04-13,Airtime,5991.61,USSD,84758.7
T0012492,A00337,C0269,2026-01-11,Bill Payment,503.12,ATM,75190.84
T0002342,A00065,C0054,2026-05-15,Bill Payment,7933.78,Branch,23904.0
T0003480,A00097,C0081,2026-05-22,Salary Credit,21625.88,USSD,67939.18
T0014118,A00377,C0300,2025-10-04,Deposit,717.83,App,25589.93
T0008893,A00234,C0190,2026-03-11,Deposit,19626.99,Branch,90477.67
T0004490,A00122,C0101,2026-02-24,Transfer In,7567.29,EFT,78105.4
T0013414,A00361,C0289,2026-04-14,Bill Payment,7121.87,EFT,67598.15
T0000750,A00023,C0021,2026-02-28,Salary Credit,4490.46,App,30376.51
T0006099,A00164,C0136,2025-07-17,Withdrawal,575.67,USSD,23672.27
T0005381,A00144,C0119,2026-01-15,Transfer Out,5241.64,Branch,8486.3
T0010778,A00290,C0234,2026-01-12,Salary Credit,13359.87,ATM,11892.68
T0006364,A00170,C0141,2025-08-31,Transfer In,21482.06,POS,75526.32
T0001020,A00032,C0029,2026-01-01,Salary Credit,20013.9,POS,84673.67
T0006217,A00166,C0138,2026-05-12,Deposit,15026.81,EFT,116000.05
T0013977,A00374,C0298,2025-09-19,Withdrawal,851.46,USSD,123129.72
T0008416,A00222,C0181,2026-05-09,Purchase,3975.36,App,157898.6
T0000262,A00009,C0009,2025-08-30,Salary Credit,,EFT,101381.45
T0011591,A00311,C0250,2025-12-24,Bill Payment,1311.61,POS,58983.05
T0011059,A00297,C0239,2026-02-03,Bill Payment,2853.6,Branch,56974.48
T0010580,A00284,C0230,2026-02-05,Deposit,1149.49,USSD,20131.12
T0007615,A00199,C0163,2026-03-29,Transfer Out,817.37,USSD,214265.98
T0000978,A00031,C0029,2026-02-17,Airtime,7580.4,POS,55398.46
T0008127,A00214,C0175,2026-05-07,Transfer In,9944.99,ATM,59863.15
T0001680,A00048,C0041,2026-06-04,Deposit,1342.56,Branch,73767.91
T0007982,A00209,C0172,2025-07-03,Airtime,1854.68,EFT,117004.38
T0001969,A00056,C0047,2026-02-21,Deposit,16499.35,ATM,78972.21
T0010883,A00294,C0237,2025-10-07,Withdrawal,4200.51,ATM,69316.37
T0007375,A00194,C0159,2025-07-09,Airtime,5345.51,EFT,32170.4
T0006186,A00166,C0138,2026-02-05,Airtime,4941.59,ATM,36103.28
T0004938,A00131,C0108,2026-03-11,Transfer In,13260.39,USSD,108540.81
T0013927,A00373,C0298,2025-11-12,Bill Payment,7566.39,POS,49482.12
T0004894,A00130,C0107,2025-12-26,Salary Credit,24811.21,USSD,246530.93
T0011291,A00303,C0243,2025-10-07,Airtime,7330.57,POS,1131.88
T0005783,A00153,C0127,2025-08-29,Transfer In,5115.3,POS,54757.55
T0012845,A00347,C0279,2025-07-04,Purchase,4391.71,EFT,125525.43
T0004227,A00116,C0096,2026-03-22,Salary Credit,8102.79,POS,76012.26
T0009540,A00254,C0206,2025-12-08,Transfer In,13883.06,Branch,34864.65
T0004600,A00124,C0103,2026-04-19,Deposit,2928.36,ATM,141052.59
T0012545,A00339,C0271,2025-12-19,Withdrawal,6329.66,POS,10929.35
T0004508,A00122,C0101,2025-09-07,Transfer In,6789.76,App,89078.85
T0007528,A00198,C0162,2025-09-30,Purchase,4202.81,Branch,55679.97
T0007379,A00194,C0159,2025-11-26,Purchase,6135.48,App,39922.24
T0010254,A00275,C0224,2026-06-02,Salary Credit,19775.59,POS,69132.07
T0001478,A00043,C0037,2026-06-07,Transfer Out,5005.57,App,108102.65
T0005459,A00145,C0120,2026-04-17,Airtime,6381.68,App,68940.65
T0007734,A00202,C0165,2026-06-30,Withdrawal,654.2,Branch,105622.85
T0005707,A00152,C0126,2025-11-09,Transfer Out,2424.25,ATM,45893.32
T0013482,A00363,C0290,2026-06-20,Deposit,10121.15,EFT,47938.67
T0007669,A00200,C0164,2026-06-23,Bill Payment,5253.29,Branch,191174.7
T0005234,A00138,C0114,2026-05-07,Airtime,352.43,Branch,113675.62
T0012055,A00325,C0260,2025-07-12,Purchase,2901.14,USSD,35796.55
T0005133,A00136,C0112,2025-07-10,Withdrawal,193.45,ATM,95402.43
T0012758,A00344,C0276,2026-02-11,Withdrawal,4875.16,Branch,66167.65
T0013132,A00354,C0283,2025-09-12,Salary Credit,2552.4,USSD,62224.89
T0012058,A00325,C0260,2025-12-08,Withdrawal,3568.27,EFT,29260.46
T0009822,A00262,C0214,2026-03-20,Transfer Out,2785.64,POS,44205.42
T0012406,A00334,C0267,2026-05-09,Deposit,8855.44,App,38854.38
T0009579,A00256,C0208,2025-07-13,Deposit,22257.35,EFT,26564.01
T0011472,A00309,C0248,2026-03-18,Deposit,19658.7,App,59478.74
T0009712,A00260,C0212,2025-12-25,Deposit,9984.33,USSD,67633.35
T0011019,A00297,C0239,2026-01-01,Transfer In,656.79,ATM,13684.05
T0007235,A00190,C0156,2026-03-11,Airtime,6122.1,App,62920.7
T0009854,A00263,C0215,2025-11-16,Transfer In,12244.68,EFT,41431.2
T0005595,A00149,C0123,2026-04-24,Withdrawal,2342.58,POS,77132.57
T0000915,A00029,C0027,2026-03-06,Deposit,1477.65,Branch,24666.85
T0001982,A00056,C0047,2025-12-21,Bill Payment,5239.28,Branch,74714.42
T0002905,A00081,C0066,2026-03-26,Transfer Out,555.92,ATM,54954.42
T0001109,A00034,C0030,2025-10-16,Salary Credit,23978.92,USSD,157744.3
T0000448,A00013,C0013,2026-06-05,Airtime,6885.74,EFT,73730.18
T0009649,A00258,C0210,2025-10-21,Deposit,478.68,App,24126.44
T0002410,A00067,C0055,2026-02-18,Transfer Out,1319.95,App,119859.9
T0007636,A00200,C0164,2025-07-02,Withdrawal,3814.2,USSD,120063.35
T0007409,A00195,C0160,2025-09-09,Purchase,7671.28,EFT,58417.16
T0009499,A00253,C0205,2025-12-22,Transfer Out,130.73,POS,34443.52
T0009215,A00244,C0199,2026-06-21,Bill Payment,3543.06,Branch,40027.26
T0006169,A00165,C0137,2025-10-27,Salary Credit,3581.34,ATM,20463.22
T0004158,A00114,C0094,2026-01-22,Purchase,4631.49,App,42421.14
T0004719,A00127,C0105,2025-08-11,Salary Credit,24353.47,EFT,31584.11
T0013842,A00371,C0296,2026-02-05,Salary Credit,5163.35,POS,29917.6
T0000603,A00018,C0016,2026-02-24,Withdrawal,5905.0,POS,51921.17
T0007242,A00190,C0156,2025-10-31,Salary Credit,13423.31,EFT,113744.69
T0006568,A00175,C0145,2025-09-29,Deposit,1630.15,USSD,124338.8
T0004645,A00125,C0104,2026-03-18,Bill Payment,6891.94,USSD,51409.33
T0000887,A00027,C0025,2026-04-25,Deposit,19153.33,EFT,169010.8
T0012491,A00337,C0269,2025-09-22,Deposit,2880.12,ATM,75693.96
T0010860,A00293,C0236,2026-06-14,Transfer In,1127.45,USSD,3002.98
T0009587,A00256,C0208,2025-09-27,Transfer Out,5423.73,POS,47931.66
T0010459,A00280,C0227,2025-08-10,Airtime,3482.94,App,100281.06
T0003558,A00098,C0082,2025-11-24,Withdrawal,3737.21,App,156454.44
T0000406,A00013,C0013,2026-05-21,Transfer In,16955.13,Branch,49031.31
T0005471,A00145,C0120,2025-11-07,Transfer Out,1383.07,USSD,109187.93
T0009196,A00243,C0198,2026-04-11,Purchase,7447.48,EFT,131163.85
T0008011,A00209,C0172,2025-07-27,Airtime,6767.24,EFT,213888.89
T0006704,A00178,C0147,2026-05-15,Purchase,1169.81,Branch,95443.26
T0010740,A00288,C0232,2025-08-31,Transfer Out,7189.46,POS,76853.07
T0001829,A00052,C0044,2025-10-16,Bill Payment,4162.7,POS,95387.88
T0009933,A00265,C0217,2026-01-30,Purchase,807.26,Branch,80055.79
T0004759,A00128,C0106,2026-06-23,Deposit,11527.99,USSD,11019.44
T0002756,A00076,C0062,2025-07-19,Transfer Out,113.35,App,3264.14
T0003754,A00103,C0085,2025-10-05,Salary Credit,22477.97,Branch,57649.8
T0009051,A00239,C0194,2026-04-25,Transfer In,18582.88,POS,131810.33
T0006742,A00179,C0148,2025-12-08,Transfer In,23438.61,Branch,-7002.39
T0010301,A00276,C0224,2025-12-23,Transfer In,23816.05,Branch,56123.82
T0012577,A00340,C0272,2026-02-24,Bill Payment,7580.51,App,11226.11
T0013056,A00351,C0281,2026-06-25,Purchase,429.95,Branch,-35533.66
T0003949,A00108,C0090,2025-08-24,Bill Payment,239.37,App,45454.71
T0013353,A00359,C0288,2025-12-07,Salary Credit,14478.32,ATM,104288.17
T0004294,A00118,C0097,2025-08-14,Bill Payment,,POS,22993.03
T0003769,A00103,C0085,2026-03-30,Purchase,6825.59,Branch,73853.25
T0002696,A00074,C0060,2025-12-09,Salary Credit,2222.11,POS,47771.93
T0010425,A00279,C0226,2025-09-16,Transfer Out,7871.69,EFT,95215.72
T0012746,A00344,C0276,2025-09-15,Transfer Out,269.75,POS,93628.54
T0002932,A00081,C0066,2026-01-04,Deposit,19454.44,EFT,182978.06
T0010944,A00295,C0237,2026-02-20,Salary Credit,20807.19,USSD,97790.44
T0009474,A00252,C0204,2026-06-10,Deposit,16294.09,EFT,29718.01
T0011216,A00301,C0242,2026-04-03,Withdrawal,4830.97,ATM,90575.74
T0012151,A00328,C0263,2026-02-10,Airtime,3079.59,POS,104739.45
T0004245,A00117,C0097,2025-09-30,Deposit,3750.66,POS,39997.69
T0012417,A00335,C0268,2026-05-21,Withdrawal,,App,2620.65
T0008946,A00235,C0190,2025-12-13,Bill Payment,7747.91,POS,157071.92
T0002798,A00078,C0064,2026-02-26,Deposit,12727.88,App,56998.08
T0013695,A00368,C0294,2025-08-18,Salary Credit,16380.23,USSD,32489.37
T0001389,A00041,C0036,2025-11-24,Salary Credit,,EFT,81353.5
T0013381,A00360,C0288,2026-06-15,Bill Payment,2814.35,App,75735.18
T0012752,A00344,C0276,2025-09-19,Deposit,8102.9,POS,76384.29
T0007232,A00190,C0156,2026-03-09,Purchase,7218.56,Branch,48291.75
T0010885,A00294,C0237,2026-01-26,Bill Payment,3515.99,Branch,87654.82
T0008955,A00236,C0191,2026-02-17,Deposit,19465.53,Branch,26818.98
T0002736,A00075,C0061,2026-02-28,Withdrawal,4700.15,USSD,71790.76
T0012464,A00337,C0269,2026-05-21,Salary Credit,16946.16,Branch,30361.13
T0001811,A00052,C0044,2025-10-26,Purchase,7407.22,EFT,11321.33
T0005035,A00134,C0111,2025-09-08,Withdrawal,3932.85,POS,61500.43
T0004832,A00129,C0106,2026-04-27,Withdrawal,679.28,App,113861.01
T0012779,A00345,C0277,2025-07-16,Purchase,7581.99,USSD,26867.77
T0009707,A00259,C0211,2025-08-01,Withdrawal,5798.96,EFT,102384.37
T0012687,A00343,C0275,2025-11-18,Transfer Out,2077.14,ATM,9361.3
T0008084,A00212,C0173,2026-02-07,Transfer Out,4652.3,EFT,-3625.38
T0008114,A00213,C0174,2026-01-16,Salary Credit,12509.39,USSD,46194.04
T0007291,A00192,C0157,2025-11-08,Deposit,3641.01,USSD,34164.22
T0011604,A00312,C0250,2026-01-31,Bill Payment,3286.6,POS,65793.55
T0003429,A00096,C0081,2025-10-31,Deposit,11384.69,ATM,70272.83
T0000276,A00010,C0010,2025-07-25,Bill Payment,6713.75,POS,12950.59
T0001155,A00035,C0031,2026-06-20,Salary Credit,15034.08,POS,149023.16
T0013774,A00370,C0296,2026-05-14,Bill Payment,3086.43,USSD,70005.71
T0008597,A00227,C0185,2025-08-05,Purchase,1213.6,POS,163888.84
T0012313,A00331,C0265,2026-04-20,Purchase,5553.53,POS,62636.09
T0004405,A00120,C0099,2025-12-18,Deposit,13559.88,ATM,40497.99
T0000085,A00003,C0003,2026-03-15,Deposit,4565.67,App,107915.76
T0006885,A00182,C0150,2026-06-09,Salary Credit,9167.45,ATM,106810.32
T0009334,A00248,C0202,2026-03-02,Withdrawal,2774.94,USSD,29059.13
T0001575,A00046,C0039,2026-04-22,Bill Payment,1048.39,USSD,60001.22
T0008564,A00226,C0184,2026-05-30,Transfer Out,2023.74,App,76541.01
T0013095,A00353,C0283,2026-05-28,Airtime,205.48,Branch,28351.32
T0008982,A00237,C0192,2025-08-28,Transfer Out,5443.59,ATM,-9566.18
T0002315,A00064,C0053,2025-12-20,Airtime,5329.68,POS,98302.16
T0006163,A00165,C0137,2025-09-14,Purchase,2188.67,EFT,28515.36
T0005101,A00135,C0112,2026-01-13,Purchase,4444.79,EFT,23980.08
T0002306,A00064,C0053,2026-04-19,Bill Payment,2274.1,EFT,10421.02
T0003852,A00106,C0088,2025-11-08,Salary Credit,13944.46,POS,26097.04
T0003663,A00101,C0084,2026-06-11,Deposit,24767.83,ATM,128392.46
T0008153,A00215,C0176,2025-09-30,Transfer In,12985.11,ATM,90419.16
T0012810,A00346,C0278,2025-07-30,Salary Credit,20432.1,Branch,57407.71
T0010633,A00285,C0230,2025-09-05,Bill Payment,3279.04,EFT,78669.8
T0008369,A00221,C0181,2026-04-13,Salary Credit,22792.95,POS,85055.71
T0010787,A00291,C0234,2026-03-25,Salary Credit,3249.31,POS,15261.99
T0000568,A00018,C0016,2026-02-04,Bill Payment,6214.19,EFT,43384.11
T0005951,A00158,C0131,2026-01-31,Transfer In,21553.28,App,72625.97
T0005312,A00141,C0117,2026-04-30,Salary Credit,11718.87,USSD,68541.52
T0006639,A00177,C0146,2025-09-01,Bill Payment,4110.01,USSD,117691.85
T0013049,A00351,C0281,2025-08-28,Bill Payment,5533.06,App,-55635.59
T0010958,A00295,C0237,2026-05-23,Transfer Out,4561.48,EFT,98286.97
T0001724,A00049,C0042,2026-03-01,Airtime,6084.08,USSD,166038.63
T0006597,A00176,C0146,2025-07-28,Transfer In,10189.04,USSD,61058.9
T0003821,A00105,C0087,2025-11-30,Purchase,,USSD,33445.63
T0006120,A00164,C0136,2025-09-27,Transfer In,7903.14,ATM,79108.04
T0002748,A00076,C0062,2025-10-11,Bill Payment,5365.29,POS,-8877.61
T0008117,A00213,C0174,2025-11-11,Withdrawal,1532.05,EFT,56272.25
T0004848,A00130,C0107,2025-08-14,Transfer Out,5338.99,App,20682.07
T0002884,A00080,C0066,2025-12-24,Bill Payment,5050.22,ATM,54819.8
T0012360,A00333,C0266,2026-02-04,Purchase,931.18,POS,73113.46
T0003941,A00108,C0090,2025-08-23,Bill Payment,7075.17,Branch,2359.45
T0011280,A00302,C0242,2025-10-08,Transfer Out,141.43,EFT,76793.2
T0006877,A00182,C0150,2025-07-24,Salary Credit,17930.18,POS,80105.74
T0002639,A00072,C0058,2026-03-27,Withdrawal,6657.78,App,35885.21
T0000654,A00019,C0017,2026-03-30,Transfer Out,3132.06,ATM,80431.73
T0012486,A00337,C0269,2026-01-09,Transfer Out,3838.06,Branch,75981.84
T0007705,A00201,C0165,2026-05-16,Airtime,6797.93,POS,62078.25
T0005281,A00141,C0117,2026-04-10,Deposit,1892.54,ATM,43064.77
T0008172,A00216,C0177,2025-08-01,Bill Payment,7561.3,POS,-8563.15
T0003837,A00106,C0088,2025-08-26,Purchase,4386.32,App,13251.09
T0007210,A00190,C0156,2026-05-10,Transfer In,14425.62,EFT,82659.81
T0003111,A00086,C0071,2025-10-19,Salary Credit,7237.71,EFT,21441.86
T0009994,A00267,C0218,2026-06-26,Transfer Out,4815.19,POS,39812.56
T0003613,A00100,C0083,2026-06-06,Purchase,361.11,Branch,2123.8
T0003069,A00085,C0070,2026-02-02,Withdrawal,2907.34,ATM,41101.32
T0012978,A00349,C0280,2025-09-25,Purchase,3745.75,Branch,145445.72
T0011917,A00321,C0256,2025-11-01,Transfer Out,6662.28,EFT,37606.87
T0004897,A00130,C0107,2026-01-17,Deposit,12385.85,App,249115.08
T0004169,A00115,C0095,2025-08-02,Airtime,6559.82,App,35973.91
T0009386,A00249,C0202,2025-08-04,Deposit,12379.91,ATM,57386.63
T0013685,A00367,C0293,2026-03-24,Deposit,-10903.21,EFT,17886.43
T0006851,A00182,C0150,2025-08-23,Transfer In,1573.78,Branch,34722.47
T0001513,A00045,C0038,2025-11-22,Bill Payment,4011.72,EFT,13077.91
T0011789,A00316,C0254,2025-09-11,Salary Credit,7826.36,App,65839.07
T0012260,A00330,C0264,2025-09-03,Deposit,1212.62,USSD,131378.46
T0003339,A00092,C0077,2026-06-17,Airtime,1189.13,App,130956.84
T0002812,A00078,C0064,2025-08-02,Bill Payment,2157.04,App,74456.3
T0002250,A00062,C0051,2025-11-09,Deposit,21994.6,POS,94314.3
T0009157,A00242,C0197,2026-04-25,Salary Credit,16157.15,Branch,62671.04
T0005086,A00135,C0112,2026-06-16,Deposit,12763.41,EFT,20573.78
T0013010,A00350,C0281,2026-03-25,Transfer Out,4016.79,App,96632.87
T0004153,A00114,C0094,2026-05-23,Airtime,6788.32,USSD,54089.09
T0005502,A00146,C0121,2025-12-29,Salary Credit,5778.56,Branch,218149.86
T0000261,A00009,C0009,2026-04-20,Salary Credit,2291.69,Branch,82725.0
T0011000,A00296,C0238,2026-02-21,Airtime,806.13,App,143590.32
T0007608,A00199,C0163,2025-07-17,Transfer Out,4313.47,POS,198281.52
T0014096,A00376,C0300,2025-09-18,Bill Payment,1952.11,ATM,235909.71
T0011700,A00314,C0252,2026-05-09,Deposit,8648.09,ATM,37982.77
T0006813,A00180,C0149,2025-10-23,Salary Credit,16116.25,App,173312.97
T0012889,A00348,C0279,2025-08-03,Airtime,5951.56,EFT,68597.61
T0003564,A00099,C0083,2026-04-20,Withdrawal,1739.9,ATM,21210.53
T0010466,A00280,C0227,2025-09-13,Withdrawal,2217.65,EFT,96148.17
T0008508,A00225,C0183,2025-11-18,Salary Credit,3843.46,USSD,23800.47
T0007053,A00186,C0153,2026-05-08,Salary Credit,708.64,App,107123.69
T0005630,A00150,C0124,2026-02-20,Transfer In,1823.3,Branch,34232.43
T0012273,A00331,C0265,2025-11-30,Transfer Out,1101.51,POS,18257.23
T0000064,A00003,C0003,2026-01-15,Bill Payment,2935.99,EFT,27436.86
T0006084,A00163,C0135,2025-07-12,Airtime,2746.73,Branch,16480.14
T0004436,A00121,C0100,2025-09-07,Salary Credit,18150.82,EFT,73912.58
T0000357,A00012,C0012,2025-12-28,Airtime,3905.16,POS,-10246.41
T0005164,A00137,C0113,2026-06-18,Bill Payment,6671.71,App,32817.52
T0011053,A00297,C0239,2026-03-19,Transfer In,5647.23,ATM,61973.08
T0005569,A00148,C0122,2025-07-01,Withdrawal,5392.37,Branch,91644.94
T0002416,A00067,C0055,2025-08-02,Withdrawal,1136.49,ATM,162817.88
T0007342,A00193,C0158,2025-12-02,Bill Payment,3622.39,POS,13897.1
T0002062,A00058,C0048,2026-01-08,Bill Payment,6925.96,ATM,51107.76
T0009560,A00255,C0207,2025-09-25,Deposit,14438.7,POS,80175.78
T0005524,A00147,C0121,2026-03-10,Purchase,5798.46,USSD,-6354.89
T0006623,A00177,C0146,2026-01-08,Bill Payment,4242.91,POS,78301.11
T0001547,A00045,C0038,2026-03-01,Purchase,7725.41,USSD,43395.2
T0002949,A00082,C0067,2026-03-16,Salary Credit,17991.64,ATM,87671.02
T0004730,A00127,C0105,2026-05-28,Airtime,3324.4,App,10869.8
T0007851,A00206,C0169,2026-02-09,Airtime,1655.79,POS,63608.97
T0007015,A00185,C0152,2025-10-06,Transfer In,,App,92284.47
T0001682,A00048,C0041,2025-10-09,Bill Payment,4690.09,ATM,61447.41
T0004057,A00111,C0092,2026-03-12,Bill Payment,1600.74,Branch,35912.96
T0009245,A00245,C0200,2025-08-07,Bill Payment,5113.77,POS,42481.25
T0011743,A00315,C0253,2025-12-04,Deposit,15883.99,Branch,132052.05
T0000027,A00001,C0001,2025-10-16,Airtime,6891.17,EFT,115352.63
T0008578,A00227,C0185,2026-01-07,Airtime,3639.74,EFT,31542.35
T0000633,A00019,C0017,2026-02-27,Deposit,2737.58,EFT,72848.14
T0003787,A00104,C0086,2026-06-15,Bill Payment,630.82,POS,18877.45
T0009793,A00262,C0214,2026-06-03,Deposit,11391.51,POS,38357.32
T0006790,A00180,C0149,2026-01-23,Purchase,7792.43,EFT,71789.02
T0008426,A00223,C0182,2026-02-24,Airtime,812.22,EFT,30499.0
T0007168,A00189,C0155,2025-09-08,Deposit,4570.01,ATM,74960.12
T0011475,A00309,C0248,2026-04-21,Purchase,1768.51,App,59746.94
T0007371,A00194,C0159,2025-11-06,Purchase,1895.78,ATM,32913.31
T0005910,A00157,C0131,2026-03-15,Bill Payment,1383.91,USSD,60033.14
T0011103,A00298,C0240,2026-01-04,Transfer In,10000.69,EFT,52996.13
T0007626,A00200,C0164,2025-09-29,Airtime,5998.28,EFT,40318.1
T0010921,A00295,C0237,2025-11-21,Purchase,5504.91,ATM,18009.89
T0009982,A00267,C0218,2026-06-02,Deposit,24675.04,App,83700.96
T0009406,A00250,C0203,2025-11-25,Withdrawal,6756.9,EFT,119180.01
T0011380,A00306,C0245,2025-12-31,Transfer Out,1381.85,POS,38861.76
T0005887,A00156,C0130,2025-10-24,Bill Payment,7800.83,USSD,82119.01
T0004682,A00126,C0104,2025-09-10,Airtime,-1775.22,Branch,46908.38
T0013199,A00356,C0285,2025-09-04,Deposit,10068.71,POS,22548.76
T0010008,A00267,C0218,2025-11-28,Transfer In,21551.98,EFT,106418.46
T0008024,A00210,C0172,2025-11-01,Salary Credit,21072.54,USSD,28560.84
T0012773,A00345,C0277,2026-06-09,Salary Credit,,App,20765.5
T0005929,A00157,C0131,2026-04-07,Transfer Out,5463.9,ATM,96309.54
T0000399,A00012,C0012,2025-12-26,Airtime,7707.04,POS,132801.93
T0003093,A00085,C0070,2025-12-29,Salary Credit,10705.12,Branch,119869.54
T0011646,A00312,C0250,2026-01-27,Deposit,,EFT,100511.13
T0005549,A00147,C0121,2026-02-07,Transfer In,4424.57,USSD,108635.47
T0002801,A00078,C0064,2026-03-22,Transfer Out,4249.68,POS,47817.4
T0009332,A00248,C0202,2025-10-24,Purchase,7826.97,Branch,38784.51
T0012065,A00325,C0260,2026-02-17,Deposit,15032.87,App,66688.44
T0003019,A00084,C0069,2025-10-18,Bill Payment,7054.84,USSD,44380.49
T0013411,A00361,C0289,2025-12-26,Transfer In,14089.82,POS,61651.62
T0008379,A00221,C0181,2025-12-09,Transfer In,1536.36,ATM,170970.77
T0005931,A00157,C0131,2025-12-20,Deposit,20235.94,ATM,113095.84
T0010118,A00272,C0221,2025-09-21,Deposit,18307.32,ATM,21393.74
T0008036,A00210,C0172,2025-11-19,Purchase,6089.05,ATM,133801.03
T0002238,A00062,C0051,2026-06-11,Transfer Out,2657.66,POS,92960.05
T0011007,A00296,C0238,2025-12-13,Salary Credit,1243.76,EFT,188707.47
T0004941,A00131,C0108,2025-08-11,Transfer In,8172.06,USSD,106543.42
T0004571,A00123,C0102,2026-01-18,Bill Payment,5763.04,Branch,73024.87
T0013312,A00358,C0287,2026-03-24,Airtime,1552.9,ATM,103452.9
T0013837,A00371,C0296,2026-06-05,Airtime,4653.03,EFT,50249.59
T0003465,A00096,C0081,2025-07-24,Purchase,3124.94,App,229679.12
T0001988,A00056,C0047,2026-01-22,Bill Payment,6175.45,Branch,63516.42
T0009069,A00240,C0195,2026-01-24,Withdrawal,26.31,App,32315.01
T0009659,A00258,C0210,2025-11-26,Bill Payment,3624.57,USSD,51616.77
T0007930,A00207,C0170,2026-05-19,Bill Payment,3222.99,POS,300191.58
T0009076,A00240,C0195,2025-12-07,Bill Payment,4403.06,USSD,86058.2
T0001656,A00048,C0041,2025-10-04,Airtime,7200.96,App,52688.7
T0007784,A00203,C0166,2026-01-18,Bill Payment,4841.9,USSD,156178.69
T0002267,A00063,C0052,2026-02-04,Bill Payment,3492.41,App,26613.45
T0007093,A00187,C0154,2025-12-08,Salary Credit,5179.92,App,35716.52
T0000334,A00011,C0011,2025-11-23,Withdrawal,7202.95,EFT,28717.13
T0004824,A00129,C0106,2026-05-07,Bill Payment,4201.64,Branch,86056.1
T0001265,A00038,C0033,2025-08-10,Airtime,3197.99,EFT,218969.28
T0012835,A00347,C0279,2025-08-28,Airtime,5344.19,POS,74975.5
T0005513,A00146,C0121,2026-04-21,Transfer In,20868.2,USSD,229946.17
T0002577,A00071,C0057,2025-08-09,Withdrawal,6187.23,ATM,77617.71
T0005950,A00158,C0131,2025-09-21,Transfer Out,2400.05,Branch,51072.69
T0013291,A00358,C0287,2025-08-15,Airtime,4407.85,POS,45131.83
T0010437,A00280,C0227,2026-05-12,Deposit,7830.44,USSD,64250.55
T0000210,A00008,C0008,2025-08-30,Salary Credit,1436.56,POS,67233.71
T0012344,A00332,C0266,2026-02-20,Bill Payment,2268.13,EFT,145942.27
T0008268,A00218,C0179,2025-08-24,Purchase,4435.32,App,-12771.16
T0007473,A00196,C0161,2025-08-26,Purchase,2144.98,USSD,217224.91
T0002245,A00062,C0051,2026-06-24,Bill Payment,6443.21,EFT,85186.71
T0007582,A00199,C0163,2026-01-03,Withdrawal,3229.19,POS,78886.25
T0008302,A00219,C0180,2025-07-04,Purchase,7550.89,USSD,60090.24
T0006514,A00174,C0144,2026-03-09,Purchase,5442.73,ATM,61796.58
T0013815,A00371,C0296,2026-01-12,Salary Credit,6925.34,Branch,50319.4
T0002402,A00067,C0055,2026-03-05,Purchase,6273.8,EFT,115798.96
T0005371,A00143,C0118,2025-08-26,Purchase,3554.47,EFT,-58121.89
T0006445,A00172,C0142,2026-04-29,Transfer In,-21389.82,Branch,39243.45
T0007241,A00190,C0156,2025-07-14,Withdrawal,1139.71,Branch,100321.38
T0005555,A00148,C0122,2026-05-07,Bill Payment,4017.78,USSD,22493.34
T0009633,A00257,C0209,2026-04-05,Transfer In,9991.6,EFT,7274.67
T0008384,A00222,C0181,2025-10-16,Deposit,13594.29,Branch,48009.67
T0006102,A00164,C0136,2026-02-23,Deposit,488.33,EFT,28723.47
T0009591,A00256,C0208,2026-01-24,Transfer In,4158.29,Branch,77536.01
T0009324,A00247,C0201,2026-01-05,Transfer Out,7140.64,App,-3195.22
T0009039,A00239,C0194,2025-09-05,Transfer Out,3068.24,Branch,54549.24
T0005592,A00149,C0123,2026-02-20,Transfer In,13058.67,Branch,63287.21
T0002195,A00061,C0050,2025-11-06,Airtime,683.09,EFT,72948.77
T0011897,A00320,C0256,2025-12-09,Salary Credit,18256.69,USSD,83876.14
T0006239,A00166,C0138,2025-11-19,Salary Credit,10814.78,App,216405.58
T0005292,A00141,C0117,2026-06-02,Transfer In,13971.36,USSD,34846.96
T0010465,A00280,C0227,2026-06-17,Bill Payment,4631.69,POS,98365.82
T0010855,A00293,C0236,2025-12-27,Bill Payment,5838.09,EFT,4518.28
T0003582,A00099,C0083,2026-06-18,Airtime,3094.51,Branch,34218.8
T0005017,A00134,C0111,2026-06-16,Transfer Out,1409.44,Branch,25813.69
T0004647,A00125,C0104,2025-07-02,Bill Payment,3285.24,USSD,67597.02
T0003329,A00092,C0077,2025-08-21,Salary Credit,17634.19,EFT,104045.21
T0010552,A00282,C0228,2025-12-31,Withdrawal,2252.6,USSD,12493.24
T0010938,A00295,C0237,2025-12-22,Bill Payment,4373.31,ATM,79788.95
T0007203,A00189,C0155,2025-12-04,Salary Credit,12669.56,EFT,162504.74
T0006507,A00174,C0144,2026-01-03,Transfer Out,4388.41,USSD,44436.24
T0006124,A00164,C0136,2026-01-29,Airtime,3039.29,USSD,104671.51
T0005520,A00146,C0121,2025-12-01,Salary Credit,10223.82,USSD,279350.25
T0007056,A00186,C0153,2026-06-12,Airtime,5626.78,ATM,106234.48
T0011730,A00315,C0253,2025-10-07,Deposit,10455.51,Branch,64032.73
T0013942,A00373,C0298,2026-01-14,Purchase,7957.39,USSD,120002.2
T0008121,A00214,C0175,2025-10-03,Deposit,11038.25,EFT,25352.72
T0005237,A00138,C0114,2025-12-29,Bill Payment,6445.97,POS,106167.98
T0010015,A00267,C0218,2025-10-16,Transfer Out,298.63,App,83588.23
T0008642,A00228,C0185,2025-10-02,Withdrawal,1943.51,App,1807.15
T0003251,A00090,C0075,2026-01-16,Bill Payment,2164.01,USSD,82392.78
T0013854,A00372,C0297,2025-10-18,Bill Payment,4021.85,Branch,1653.34
T0013399,A00360,C0288,2025-10-03,Transfer Out,7390.62,POS,109017.82
T0001967,A00056,C0047,2025-09-05,Airtime,6312.78,App,68888.75
T0008451,A00223,C0182,2025-10-29,Salary Credit,5087.13,ATM,85671.18
T0006222,A00166,C0138,2026-04-03,Salary Credit,19226.03,USSD,140442.23
T0007983,A00209,C0172,2026-05-27,Transfer In,-19105.09,App,136109.47
T0000952,A00030,C0028,2025-11-26,Transfer Out,1899.18,ATM,91508.28
T0011302,A00303,C0243,2026-04-07,Airtime,1700.27,ATM,41405.5
T0011273,A00302,C0242,2026-01-29,Transfer Out,2923.47,App,56576.66
T0005026,A00134,C0111,2026-05-01,Withdrawal,5297.34,App,37778.08
T0004282,A00118,C0097,2026-06-30,Transfer Out,2384.2,App,31235.98
T0008094,A00212,C0173,2025-11-14,Transfer In,9340.87,USSD,62140.92
T0011125,A00299,C0240,2026-04-19,Withdrawal,3958.6,USSD,44548.7
T0008042,A00211,C0173,2025-07-06,Deposit,21053.48,Branch,38452.8
T0006653,A00177,C0146,2025-10-13,Airtime,3222.12,USSD,191387.07
T0008277,A00218,C0179,2025-07-28,Transfer In,342.24,ATM,-22134.41
T0006786,A00180,C0149,2025-08-06,Purchase,3541.06,POS,70265.45
T0013155,A00354,C0283,2026-02-11,Airtime,4232.78,USSD,122192.19
T0000275,A00010,C0010,2026-04-28,Purchase,,USSD,19664.34
T0006006,A00159,C0132,2026-06-29,Withdrawal,3556.02,Branch,114217.76
T0004604,A00124,C0103,2026-06-17,Transfer Out,4277.16,App,130117.25
T0005589,A00148,C0122,2026-01-08,Transfer Out,-2709.38,App,222277.19
T0010121,A00272,C0221,2026-06-20,Salary Credit,13110.16,EFT,50288.22
T0014082,A00376,C0300,2026-02-19,Withdrawal,1390.92,POS,163239.13
T0002922,A00081,C0066,2026-06-17,Salary Credit,5923.23,ATM,122639.18
T0000583,A00018,C0016,2025-07-27,Bill Payment,2478.34,EFT,45421.15
T0003383,A00095,C0080,2026-05-18,Deposit,3276.76,App,46273.06
T0004455,A00121,C0100,2026-03-25,Bill Payment,6781.73,App,170905.75
T0008336,A00220,C0180,2025-07-06,Deposit,10786.42,Branch,-3160.53
T0001299,A00039,C0034,2026-01-09,Transfer Out,7458.38,Branch,32413.39
T0004270,A00117,C0097,2025-10-30,Airtime,5772.25,App,83158.88
T0012836,A00347,C0279,2025-11-18,Deposit,16641.44,EFT,91616.94
T0004807,A00128,C0106,2025-11-08,Airtime,575.67,USSD,53523.82
T0006351,A00169,C0140,2026-03-17,Withdrawal,6706.2,EFT,35713.67
T0008863,A00233,C0189,2025-09-05,Salary Credit,11533.88,USSD,95125.0
T0002287,A00063,C0052,2026-03-08,Withdrawal,1483.2,USSD,139504.47
T0013934,A00373,C0298,2026-06-27,Withdrawal,3420.21,POS,78980.6
T0009940,A00265,C0217,2025-12-26,Bill Payment,7482.82,Branch,62807.33
T0005800,A00154,C0128,2026-02-04,Purchase,3097.1,Branch,44468.91
T0000948,A00030,C0028,2026-06-10,Salary Credit,3050.96,ATM,75962.76
T0006634,A00177,C0146,2025-07-04,Transfer Out,3147.82,EFT,109640.13
T0009725,A00260,C0212,2026-02-24,Transfer Out,4950.83,Branch,123212.09
T0012472,A00337,C0269,2026-01-08,Airtime,3953.94,USSD,46088.14
T0005946,A00158,C0131,2025-12-09,Transfer In,2643.24,USSD,14825.05
T0010144,A00273,C0222,2026-02-22,Deposit,1668.43,Branch,29425.24
T0008657,A00228,C0185,2026-02-11,Purchase,4620.79,USSD,31986.98
T0011581,A00311,C0250,2025-07-23,Bill Payment,2653.64,POS,68205.42
T0010298,A00276,C0224,2025-10-11,Withdrawal,1665.69,EFT,35731.16
T0006183,A00165,C0137,2026-01-05,Salary Credit,16675.63,ATM,19176.78
T0011595,A00312,C0250,2026-01-26,Deposit,10053.16,USSD,49682.82
T0003393,A00095,C0080,2025-08-07,Salary Credit,7533.6,App,72188.01
T0012638,A00342,C0274,2025-09-04,Airtime,5567.88,App,49388.07
T0000881,A00027,C0025,2026-06-27,Purchase,3942.01,USSD,123749.57
T0002292,A00063,C0052,2025-10-03,Withdrawal,6105.08,ATM,132936.23
T0013979,A00374,C0298,2026-01-31,Deposit,14486.8,EFT,131058.57
T0002083,A00058,C0048,2026-03-07,Deposit,8048.27,EFT,78547.74
T0005965,A00159,C0132,2025-10-16,Purchase,7345.35,EFT,6835.73
T0008835,A00233,C0189,2026-03-02,Transfer In,14065.53,POS,49966.68
T0011887,A00319,C0255,2025-10-07,Airtime,4424.97,ATM,126629.46
T0004012,A00110,C0091,2025-09-29,Purchase,7550.67,App,132437.9
T0013099,A00353,C0283,2026-03-16,Transfer Out,3061.52,App,12747.95
T0005840,A00155,C0129,2026-04-16,Bill Payment,5772.56,ATM,64510.95
T0013469,A00362,C0289,2026-03-19,Salary Credit,11368.26,EFT,88206.03
T0012780,A00345,C0277,2025-10-03,Deposit,2927.33,App,29795.1
T0013240,A00357,C0286,2025-10-18,Bill Payment,-6713.49,ATM,66711.36
T0013644,A00366,C0293,2026-02-25,Bill Payment,1960.88,EFT,39962.07
T0008598,A00227,C0185,2025-10-21,Deposit,12876.58,POS,176765.42
T0011986,A00323,C0258,2026-01-17,Transfer In,3815.22,ATM,30763.96
T0013701,A00368,C0294,2026-03-07,Airtime,4877.53,App,9305.64
T0001588,A00046,C0039,2026-01-02,Transfer In,9830.93,App,88012.62
T0005348,A00143,C0118,2026-03-03,Bill Payment,3544.2,App,6999.49
T0009043,A00239,C0194,2025-07-21,Deposit,11532.38,App,61514.85
T0003550,A00098,C0082,2025-10-06,Bill Payment,1277.42,ATM,162192.81
T0005738,A00153,C0127,2026-06-15,Purchase,3930.65,ATM,76427.98
T0002151,A00060,C0050,2026-04-01,Salary Credit,3446.69,USSD,24520.45
T0001187,A00037,C0032,2025-10-09,Airtime,2015.19,USSD,62127.4
T0012094,A00326,C0261,2026-01-17,Salary Credit,20269.26,ATM,100832.34
T0005473,A00145,C0120,2025-11-27,Transfer In,5121.41,Branch,126393.25
T0005510,A00146,C0121,2026-04-19,Deposit,21982.17,POS,220024.88
T0009446,A00250,C0203,2025-12-16,Salary Credit,8552.32,EFT,345884.66
T0009937,A00265,C0217,2026-04-17,Transfer Out,7000.98,Branch,58595.23
T0010905,A00294,C0237,2025-07-17,Transfer Out,3553.89,Branch,119461.92
T0010589,A00284,C0230,2025-07-30,Transfer In,,ATM,46853.08
T0009577,A00256,C0208,2026-04-18,Purchase,164.19,Branch,8652.09
T0001093,A00034,C0030,2025-10-12,Transfer In,18828.13,EFT,113210.35
T0004724,A00127,C0105,2026-05-16,Deposit,3981.4,USSD,35932.93
T0009840,A00263,C0215,2026-05-08,Purchase,5112.73,App,-12062.63
T0007929,A00207,C0170,2026-06-07,Purchase,2099.87,POS,303414.57
T0006175,A00165,C0137,2026-06-15,Withdrawal,5065.4,POS,33167.44
T0013156,A00354,C0283,2026-06-01,Deposit,23337.57,Branch,145529.76
T0008334,A00220,C0180,2026-04-15,Withdrawal,2372.61,App,-8664.42
T0006590,A00176,C0146,2026-02-21,Withdrawal,2274.48,ATM,28941.41
T0000469,A00014,C0014,2026-02-26,Purchase,1553.69,EFT,115930.97
T0009091,A00240,C0195,2026-04-23,Deposit,10916.78,POS,201525.17
T0000096,A00003,C0003,2026-01-28,Airtime,3678.5,POS,175258.9
T0010512,A00281,C0228,2026-06-02,Airtime,2035.24,App,36822.91
T0002876,A00080,C0066,2025-07-16,Salary Credit,4430.47,POS,28751.92
T0005011,A00133,C0110,2025-10-15,Salary Credit,2551.29,POS,75487.55
T0010637,A00286,C0231,2025-12-04,Transfer Out,6742.14,POS,-11857.96
T0008388,A00222,C0181,2025-08-07,Airtime,6740.85,App,38597.36
T0004655,A00125,C0104,2026-04-10,Transfer Out,3629.92,ATM,56333.67
T0009253,A00245,C0200,2025-11-09,Deposit,22300.4,Branch,81495.36
T0008794,A00232,C0188,2026-02-09,Withdrawal,7119.23,EFT,42268.72
T0012548,A00339,C0271,2025-09-20,Purchase,6528.77,USSD,-701.46
T0002783,A00077,C0063,2026-03-26,Withdrawal,2092.07,ATM,105111.25
T0012125,A00327,C0262,2026-03-27,Deposit,,EFT,45733.3
T0007046,A00186,C0153,2025-12-13,Transfer In,16872.56,Branch,60497.41
T0004637,A00125,C0104,2025-10-22,Deposit,862.58,USSD,49736.18
T0009172,A00243,C0198,2026-04-22,Purchase,3378.69,POS,31470.12
T0008641,A00228,C0185,2026-01-06,Transfer Out,1604.08,POS,3750.66
T0012537,A00338,C0270,2026-05-31,Transfer In,20783.04,App,34592.99
T0009455,A00251,C0204,2025-09-05,Airtime,6783.3,ATM,23460.32
T0001475,A00043,C0037,2025-08-22,Transfer Out,2871.32,App,125079.9
T0000422,A00013,C0013,2025-11-10,Purchase,4397.54,EFT,53358.53
T0002312,A00064,C0053,2026-04-04,Transfer In,24688.49,USSD,68926.07
T0010164,A00273,C0222,2026-02-24,Airtime,4949.15,App,51713.62
T0011385,A00306,C0245,2026-04-29,Withdrawal,7481.41,USSD,39713.94
T0009000,A00238,C0193,2026-06-16,Transfer In,14587.54,ATM,62297.8
T0004373,A00119,C0098,2026-04-07,Withdrawal,5291.05,Branch,231630.63
T0009447,A00250,C0203,2026-05-05,Transfer Out,3553.44,App,342331.22
T0001084,A00034,C0030,2025-11-03,Salary Credit,2207.73,Branch,106485.52
T0009159,A00242,C0197,2025-10-26,Transfer In,9050.47,POS,71278.44
T0012960,A00349,C0280,2026-06-27,Salary Credit,1436.77,App,75531.6
T0005710,A00152,C0126,2025-12-06,Transfer In,5597.58,App,38372.86
T0001046,A00033,C0030,2026-06-24,Bill Payment,3580.59,POS,26456.94
T0003125,A00086,C0071,2025-09-21,Withdrawal,3621.3,Branch,55592.65
T0009443,A00250,C0203,2025-11-08,Transfer In,18324.76,USSD,299172.85
T0009523,A00254,C0206,2026-02-03,Purchase,2499.5,EFT,39933.6
T0002320,A00064,C0053,2026-01-28,Deposit,5065.3,ATM,107519.05
T0013424,A00361,C0289,2026-02-18,Withdrawal,1537.9,POS,59003.28
T0003647,A00101,C0084,2026-06-10,Transfer In,5440.8,USSD,114903.21
T0011734,A00315,C0253,2025-12-20,Transfer In,17239.71,EFT,74772.42
T0004093,A00112,C0093,2026-05-01,Deposit,19722.72,USSD,64714.51
T0002089,A00058,C0048,2026-04-19,Purchase,2603.65,EFT,56020.07
T0006469,A00173,C0143,2026-01-07,Bill Payment,60.53,Branch,36868.28
T0013107,A00353,C0283,2026-02-12,Transfer In,8571.12,ATM,50535.31
T0010402,A00279,C0226,2025-09-12,Transfer Out,2542.68,USSD,38986.64
T0011026,A00297,C0239,2026-04-20,Purchase,2719.88,ATM,-2618.0
T0011899,A00320,C0256,2025-07-09,Transfer In,22520.37,USSD,111373.3
T0001465,A00043,C0037,2026-05-26,Deposit,3391.26,Branch,102409.8
T0006536,A00174,C0144,2025-09-25,Withdrawal,4485.59,POS,174693.66
T0013098,A00353,C0283,2025-12-20,Purchase,2794.96,App,15809.47
T0005218,A00138,C0114,2025-09-03,Purchase,5502.37,EFT,60538.81
T0011368,A00305,C0244,2026-03-15,Transfer Out,6258.05,POS,135385.66
T0011486,A00309,C0248,2026-06-05,Bill Payment,1701.1,USSD,67856.63
T0012011,A00324,C0259,2026-01-13,Purchase,3077.06,POS,14401.88
T0008275,A00218,C0179,2025-09-20,Transfer Out,3091.56,EFT,-17446.74
T0008021,A00210,C0172,2026-01-01,Transfer Out,3647.08,EFT,16685.65
T0009412,A00250,C0203,2026-02-12,Transfer Out,4516.66,App,133199.45
T0009365,A00249,C0202,2025-12-10,Airtime,1739.3,App,23455.17
T0010090,A00270,C0220,2025-08-14,Deposit,3940.35,EFT,82025.95
T0005844,A00155,C0129,2026-05-26,Salary Credit,691.55,Branch,75629.21
T0006277,A00168,C0139,2026-05-06,Withdrawal,6769.63,USSD,54437.19
T0009494,A00253,C0205,2025-11-22,Airtime,933.55,Branch,29137.79
T0001539,A00045,C0038,2025-09-13,Transfer In,-8072.65,POS,34951.02
T0006522,A00174,C0144,2025-12-30,Deposit,7607.9,POS,92611.57
T0001769,A00051,C0043,2026-02-18,Withdrawal,189.89,Branch,74425.61
T0011625,A00312,C0250,2026-01-18,Deposit,4068.12,USSD,147799.63
T0005401,A00144,C0119,2025-09-16,Transfer In,4816.02,Branch,64589.73
T0012167,A00329,C0264,2026-05-11,Transfer Out,3245.5,POS,-1445.54
T0000090,A00003,C0003,2026-04-06,Transfer In,3849.1,App,119335.88
T0003532,A00098,C0082,2026-06-24,Purchase,1185.91,Branch,96565.8
T0001410,A00041,C0036,2026-03-03,Transfer Out,967.96,EFT,106638.64
T0005418,A00144,C0119,2025-10-20,Withdrawal,4340.38,EFT,171441.38
T0006199,A00166,C0138,2025-09-25,Purchase,843.24,EFT,65284.06
T0011877,A00319,C0255,2025-08-29,Salary Credit,10397.89,Branch,95849.67
T0012593,A00340,C0272,2025-09-24,Purchase,7912.86,POS,10016.27
T0003869,A00107,C0089,2025-07-12,Withdrawal,3088.18,USSD,23579.9
T0005647,A00151,C0125,2025-07-07,Transfer In,10191.66,App,30578.63
T0004557,A00123,C0102,2026-01-27,Transfer Out,2679.39,ATM,101106.74
T0001609,A00047,C0040,2026-06-18,Deposit,17948.39,POS,28439.9
T0011602,A00312,C0250,2026-02-15,Withdrawal,-299.02,ATM,69101.11
T0006106,A00164,C0136,2025-12-16,Transfer Out,1122.74,USSD,10488.39
T0012309,A00331,C0265,2025-07-28,Withdrawal,7515.33,POS,78948.78
T0005921,A00157,C0131,2025-07-05,Deposit,22130.27,EFT,72877.41
T0007096,A00187,C0154,2026-04-23,Bill Payment,2631.13,App,29317.13
T0009009,A00238,C0193,2026-02-13,Salary Credit,13315.79,POS,91322.05
T0008588,A00227,C0185,2026-04-05,Deposit,23778.39,App,117067.4
T0010071,A00269,C0219,2026-03-11,Bill Payment,7477.63,App,167978.21
T0000354,A00011,C0011,2025-11-18,Transfer Out,4637.48,EFT,84818.39
T0000554,A00017,C0016,2026-03-26,Purchase,3451.91,ATM,96937.79
T0013261,A00357,C0286,2026-05-27,Transfer Out,504.97,POS,141579.39
T0003902,A00107,C0089,2026-03-12,Bill Payment,3493.11,USSD,29090.97
T0011305,A00303,C0243,2025-10-18,Purchase,2473.87,POS,52359.54
T0005553,A00147,C0121,2025-12-09,Purchase,93.88,EFT,97026.42
T0006784,A00180,C0149,2026-05-15,Transfer In,8897.29,USSD,80827.57
T0003254,A00090,C0075,2026-04-04,Airtime,822.56,POS,103834.34
T0001958,A00056,C0047,2025-09-20,Bill Payment,3814.46,App,19254.66
T0000226,A00008,C0008,2025-07-10,Transfer In,5685.6,ATM,78570.96
T0012339,A00332,C0266,2026-04-28,Salary Credit,3652.47,EFT,111588.96
T0012332,A00332,C0266,2025-08-10,Deposit,19665.57,App,96484.38
T0011835,A00318,C0255,2025-12-25,Deposit,2112.1,POS,54415.11
T0005693,A00151,C0125,2026-01-02,Airtime,5802.62,ATM,188444.79
T0004548,A00123,C0102,2025-09-11,Deposit,2476.67,EFT,76823.11
T0010393,A00279,C0226,2025-09-12,Transfer Out,5983.0,ATM,27067.29
T0009034,A00239,C0194,2026-03-26,Transfer In,4543.99,POS,40032.04
T0008278,A00218,C0179,2026-02-15,Salary Credit,19779.52,App,-2354.89
T0004065,A00111,C0092,2026-06-25,Deposit,22269.87,EFT,59528.27
T0013477,A00363,C0290,2026-06-13,Transfer In,7826.31,EFT,46389.54
T0003210,A00088,C0073,2026-04-02,Salary Credit,17086.09,App,160450.14
T0007448,A00196,C0161,2025-12-10,Bill Payment,3992.53,ATM,89808.51
T0005732,A00153,C0127,2025-08-26,Deposit,22210.6,POS,56783.74
T0004461,A00122,C0101,2026-02-09,Transfer Out,4867.63,App,20593.02
T0009692,A00259,C0211,2025-12-28,Airtime,5301.77,USSD,76862.24
T0009676,A00259,C0211,2026-02-14,Withdrawal,6503.3,POS,35673.32
T0011037,A00297,C0239,2025-09-28,Deposit,24110.29,ATM,46399.1
T0001594,A00046,C0039,2025-10-07,Deposit,13445.26,ATM,99199.21
T0004112,A00113,C0093,2025-11-25,Withdrawal,7324.84,ATM,80938.41
T0007287,A00192,C0157,2025-07-27,Withdrawal,5284.18,ATM,21955.03
T0009229,A00244,C0199,2026-02-12,Bill Payment,4594.34,App,86940.94
T0003876,A00107,C0089,2025-08-19,Transfer In,23832.0,App,58423.13
T0003726,A00103,C0085,2025-10-11,Transfer Out,2329.29,ATM,16035.98
T0002208,A00061,C0050,2026-04-07,Airtime,5930.82,ATM,84176.23
T0002946,A00082,C0067,2026-01-11,Withdrawal,7708.92,USSD,64115.46
T0004443,A00121,C0100,2026-05-18,Salary Credit,10575.91,ATM,125107.61
T0012929,A00348,C0279,2026-03-11,Deposit,4541.9,Branch,98530.77
T0010441,A00280,C0227,2026-04-20,Salary Credit,11467.46,ATM,61513.65
T0006528,A00174,C0144,2025-08-05,Bill Payment,307.65,POS,155125.21
T0010606,A00284,C0230,2026-01-30,Transfer In,3496.32,Branch,86563.04
T0003186,A00087,C0072,2025-10-03,Bill Payment,2705.33,App,5069.36
T0008985,A00237,C0192,2026-05-28,Deposit,12463.0,App,-10349.69
T0005583,A00148,C0122,2026-03-28,Airtime,3439.61,ATM,212982.51
T0005302,A00141,C0117,2026-05-14,Purchase,4169.71,ATM,42855.59
T0008259,A00217,C0178,2026-01-15,Withdrawal,2802.49,POS,179280.85
T0011514,A00310,C0249,2025-07-25,Transfer In,22797.69,App,24655.73
T0000931,A00029,C0027,2025-11-30,Transfer In,21499.48,EFT,92017.11
T0006615,A00177,C0146,2025-07-04,Airtime,3866.31,USSD,55276.56
T0008491,A00225,C0183,2025-11-16,Purchase,1198.61,EFT,37751.41
T0003910,A00108,C0090,2026-06-13,Purchase,6611.88,ATM,-3896.84
T0012462,A00336,C0268,2025-12-08,Deposit,8950.44,ATM,52659.84
T0001006,A00032,C0029,2026-02-28,Bill Payment,194.1,ATM,22732.73
T0010202,A00273,C0222,2025-08-25,Bill Payment,6705.07,Branch,63909.51
T0002828,A00078,C0064,2025-10-08,Transfer Out,4705.23,App,126529.68
T0002793,A00077,C0063,2025-07-14,Purchase,7907.46,USSD,152328.56
T0009598,A00256,C0208,2026-06-12,Bill Payment,4254.53,Branch,90965.34
T0010158,A00273,C0222,2025-12-16,Bill Payment,989.91,App,49922.61
T0013426,A00361,C0289,2025-07-30,Withdrawal,1656.13,USSD,56390.47
T0012364,A00333,C0266,2026-05-11,Deposit,12388.05,Branch,72767.04
T0009341,A00248,C0202,2025-11-22,Purchase,4059.98,ATM,54154.74
T0000597,A00018,C0016,2026-01-28,Transfer In,17426.15,App,69473.8
T0009162,A00242,C0197,2026-03-22,Withdrawal,7102.14,POS,91959.96
T0000059,A00003,C0003,2026-05-08,Transfer Out,6236.18,USSD,-1196.36
T0006289,A00168,C0139,2026-06-16,Airtime,4580.56,Branch,77308.81
T0003648,A00101,C0084,2025-08-12,Airtime,5087.3,POS,109815.91
T0013464,A00362,C0289,2026-04-03,Transfer Out,4598.02,USSD,81980.06
T0001556,A00046,C0039,2026-04-22,Deposit,9319.38,Branch,33128.15
T0009503,A00253,C0205,2025-12-17,Transfer Out,7085.81,EFT,73981.79
T0012021,A00324,C0259,2026-05-28,Bill Payment,5864.23,EFT,44351.15
T0007425,A00195,C0160,2025-09-19,Deposit,18982.96,EFT,133800.63
T0004951,A00132,C0109,2025-07-11,Transfer In,23081.38,App,69684.13
T0000066,A00003,C0003,2025-07-21,Deposit,23722.13,Branch,65884.34
T0011860,A00319,C0255,2026-03-14,Airtime,4400.48,EFT,5053.41
T0003734,A00103,C0085,2025-10-01,Withdrawal,3572.46,Branch,18020.1
T0006068,A00162,C0134,2026-05-14,Withdrawal,7155.44,App,72601.46
T0006226,A00166,C0138,2026-02-16,Salary Credit,2355.22,POS,149728.07
T0008795,A00232,C0188,2026-02-08,Salary Credit,5260.77,ATM,47529.49
T0008462,A00223,C0182,2025-09-15,Transfer Out,2686.12,EFT,169200.22
T0002455,A00068,C0056,2025-07-13,Transfer Out,7706.25,USSD,209619.33
T0008039,A00211,C0173,2026-02-15,Withdrawal,4824.48,Branch,18038.16
T0000224,A00008,C0008,2026-02-19,Airtime,3480.65,ATM,63840.01
T0010689,A00287,C0231,2025-12-29,Salary Credit,11456.29,USSD,70244.22
T0010796,A00291,C0234,2026-02-10,Deposit,17499.01,POS,56598.1
T0000714,A00022,C0020,2026-06-24,Airtime,7238.85,POS,19173.64
T0003533,A00098,C0082,2026-03-14,Bill Payment,1043.86,USSD,95521.94
T0008062,A00212,C0173,2026-01-22,Airtime,2495.92,USSD,18567.6
T0009314,A00247,C0201,2025-11-15,Airtime,4499.91,Branch,27199.73
T0013894,A00372,C0297,2026-02-04,Airtime,7273.23,POS,140546.7
T0012794,A00346,C0278,2025-12-12,Transfer In,2621.29,ATM,18673.36
T0003326,A00092,C0077,2025-10-02,Airtime,7733.57,USSD,82808.71
T0010217,A00274,C0223,2026-02-07,Transfer Out,1089.54,EFT,65866.1
T0009889,A00264,C0216,2026-05-24,Transfer In,21873.2,App,129847.6
T0009718,A00260,C0212,2025-09-12,Transfer In,23645.01,Branch,89300.68
T0006843,A00181,C0149,2025-09-19,Airtime,3716.69,Branch,122492.31
T0013885,A00372,C0297,2026-01-14,Salary Credit,15299.99,Branch,138343.3
T0001216,A00037,C0032,2026-01-29,Transfer In,4571.49,EFT,104775.86
T0000831,A00026,C0024,2026-03-20,Deposit,21147.47,App,57361.93
T0001838,A00052,C0044,2026-02-13,Bill Payment,3956.18,ATM,139352.18
T0007366,A00193,C0158,2026-06-24,Bill Payment,4646.28,POS,125249.55
T0003739,A00103,C0085,2026-01-10,Purchase,4748.07,App,35863.0
T0009171,A00243,C0198,2026-04-01,Salary Credit,6834.2,App,34848.81
T0003034,A00084,C0069,2026-04-07,Transfer In,4414.33,Branch,78535.13
T0008919,A00235,C0190,2025-08-25,Deposit,7191.98,EFT,104202.16
T0009021,A00238,C0193,2026-05-20,Bill Payment,6610.54,Branch,170103.88
T0000216,A00008,C0008,2025-07-30,Deposit,11356.13,ATM,67228.36
T0005964,A00159,C0132,2025-09-24,Salary Credit,2370.15,ATM,14181.08
T0006982,A00184,C0151,2026-04-29,Withdrawal,5841.98,Branch,78812.62
T0007354,A00193,C0158,2025-07-27,Bill Payment,7260.01,POS,113969.28
T0010477,A00280,C0227,2026-02-27,Deposit,8472.68,ATM,99944.62
T0011842,A00318,C0255,2025-09-14,Bill Payment,4496.51,POS,77220.88
T0002996,A00083,C0068,2026-05-21,Bill Payment,4453.26,App,34157.7
T0012292,A00331,C0265,2025-08-27,Salary Credit,20585.19,EFT,13590.05
T0011169,A00300,C0241,2025-09-24,Purchase,3843.96,ATM,12637.42
T0000657,A00020,C0018,2026-04-25,Deposit,15326.12,ATM,28913.59
T0009180,A00243,C0198,2025-11-15,Bill Payment,6547.25,App,17044.18
T0011446,A00307,C0246,2025-12-30,Transfer Out,2073.69,EFT,82659.51
T0009396,A00250,C0203,2026-04-17,Purchase,5273.15,EFT,56314.04
T0006255,A00167,C0138,2025-08-18,Transfer In,20849.52,POS,59965.69
T0005528,A00147,C0121,2026-06-09,Purchase,6333.65,ATM,21954.55
T0011160,A00299,C0240,2026-06-13,Transfer In,244.57,POS,151336.15
T0006008,A00159,C0132,2026-06-19,Airtime,1065.23,Branch,108670.51
T0013532,A00364,C0291,2025-09-17,Transfer In,12605.18,App,66165.81
T0000754,A00023,C0021,2025-08-06,Transfer In,18062.94,Branch,41035.02
T0010058,A00269,C0219,2026-05-14,Transfer Out,1467.13,USSD,107420.19
T0004949,A00131,C0108,2026-03-19,Salary Credit,,POS,126583.53
T0010466,A00280,C0227,2025-09-13,Withdrawal,2217.65,EFT,96148.17
T0010460,A00280,C0227,2026-03-04,Deposit,8795.74,EFT,109076.8
T0007991,A00209,C0172,2026-05-11,Airtime,7641.19,Branch,173801.46
T0006660,A00177,C0146,2026-05-07,Transfer In,9408.02,POS,226800.85
T0013661,A00366,C0293,2026-06-27,Bill Payment,1138.69,USSD,59218.29
T0008762,A00231,C0188,2025-12-13,Deposit,16159.94,USSD,49610.87
T0003311,A00092,C0077,2025-12-19,Deposit,11193.35,Branch,113208.61
T0002068,A00058,C0048,2026-01-21,Withdrawal,7617.19,Branch,67865.87
T0013182,A00355,C0284,2026-03-07,Transfer Out,4943.25,ATM,74109.15
T0006751,A00179,C0148,2026-01-06,Withdrawal,168.99,POS,57940.36
T0006472,A00173,C0143,2025-09-05,Bill Payment,3061.16,POS,27175.35
T0007214,A00190,C0156,2025-12-25,Purchase,5686.7,POS,59628.78
T0008258,A00217,C0178,2025-09-27,Airtime,4866.93,App,182083.34
T0005428,A00144,C0119,2025-07-06,Bill Payment,3044.07,POS,165053.81
T0005839,A00155,C0129,2025-07-15,Purchase,5560.36,EFT,70283.51
T0001929,A00054,C0045,2026-04-06,Withdrawal,-324.78,USSD,135994.05
T0001349,A00040,C0035,2026-03-18,Transfer In,673.37,POS,97975.47
T0006923,A00183,C0151,2026-03-01,Transfer In,-2873.83,ATM,87294.54
T0004264,A00117,C0097,2025-10-16,Bill Payment,3161.38,USSD,78672.83
T0012217,A00329,C0264,2026-04-28,Withdrawal,6616.44,App,64178.07
T0008316,A00220,C0180,2026-03-06,Bill Payment,3348.77,Branch,15687.05
T0005002,A00133,C0110,2026-03-28,Airtime,665.8,POS,81180.82
T0011832,A00318,C0255,2026-02-14,Transfer In,12509.84,App,28671.06
T0000875,A00027,C0025,2025-12-15,Purchase,2435.97,App,74057.64
T0008492,A00225,C0183,2025-11-09,Transfer In,7821.78,Branch,45573.19
T0008270,A00218,C0179,2025-08-12,Purchase,239.41,ATM,-20331.02
T0010454,A00280,C0227,2025-09-12,Transfer Out,2063.98,EFT,107688.44
T0010997,A00296,C0238,2026-05-25,Bill Payment,7711.03,App,136836.62
T0009128,A00242,C0197,2026-05-19,Purchase,6629.95,USSD,-11863.63
T0006110,A00164,C0136,2025-08-04,Salary Credit,5196.87,POS,29626.58
T0007566,A00199,C0163,2026-06-01,Transfer In,20754.26,App,64806.36
T0006210,A00166,C0138,2026-03-16,Salary Credit,6770.75,App,74680.24
T0004246,A00117,C0097,2026-04-25,Withdrawal,4734.47,ATM,35263.22
T0010223,A00274,C0223,2026-04-25,Transfer Out,3918.78,POS,60441.6
T0000318,A00010,C0010,2026-01-25,Bill Payment,3619.98,Branch,94967.76
T0008390,A00222,C0181,2026-02-10,Salary Credit,16844.92,Branch,54169.41
T0013563,A00364,C0291,2025-12-25,Bill Payment,5563.63,EFT,151854.2
T0010538,A00282,C0228,2025-07-20,Airtime,2100.39,POS,8900.96
T0006309,A00169,C0140,2025-12-06,Bill Payment,7030.99,App,3797.56
T0000698,A00021,C0019,2025-12-08,Deposit,16852.77,App,15428.44
T0010215,A00274,C0223,2025-08-01,Salary Credit,8558.66,POS,69180.68
T0003233,A00089,C0074,2026-05-03,Bill Payment,5689.57,ATM,6192.66
T0003722,A00102,C0084,2026-02-18,Transfer Out,2168.58,Branch,88541.48
T0011057,A00297,C0239,2026-04-20,Purchase,5835.08,EFT,42918.81
T0007054,A00186,C0153,2025-12-02,Transfer In,2242.37,App,109366.06
T0007352,A00193,C0158,2026-03-15,Transfer In,21743.18,EFT,128594.29
T0001336,A00040,C0035,2025-09-06,Airtime,6023.09,App,106111.61
T0002824,A00078,C0064,2025-11-01,Purchase,6646.72,USSD,111067.59
T0001697,A00049,C0042,2025-08-24,Airtime,4762.83,POS,60671.5
T0008266,A00218,C0179,2026-05-10,Withdrawal,961.51,POS,-1124.97
T0003684,A00102,C0084,2026-04-20,Transfer In,21885.86,Branch,6554.2
T0012088,A00326,C0261,2025-09-29,Transfer Out,1824.51,POS,98920.85
T0009634,A00257,C0209,2026-03-09,Purchase,704.56,EFT,6570.11
T0007147,A00189,C0155,2026-06-18,Deposit,,App,49387.7
T0010550,A00282,C0228,2026-03-07,Withdrawal,4599.29,App,21976.68
T0002371,A00067,C0055,2026-03-10,Airtime,7223.49,EFT,1373.28
T0007759,A00203,C0166,2025-12-18,Deposit,2275.88,ATM,87034.58
T0001393,A00041,C0036,2026-06-04,Deposit,15223.6,USSD,83847.11
T0013619,A00365,C0292,2025-10-11,Salary Credit,4149.59,USSD,58422.9
T0003451,A00096,C0081,2025-12-11,Salary Credit,16597.94,App,192625.06
T0001255,A00038,C0033,2025-12-10,Deposit,13069.73,USSD,140389.18
T0001870,A00053,C0045,2025-12-02,Deposit,5827.13,ATM,110380.92
T0006325,A00169,C0140,2025-10-20,Airtime,2905.74,Branch,61768.09
T0011132,A00299,C0240,2026-05-21,Deposit,19308.43,USSD,112466.18
T0001235,A00038,C0033,2026-01-08,Transfer In,,App,42582.86
T0009369,A00249,C0202,2025-12-01,Deposit,13764.96,App,50882.43
T0002461,A00068,C0056,2025-09-28,Bill Payment,2989.44,Branch,242843.19
T0006190,A00166,C0138,2025-07-12,Transfer In,4208.02,Branch,88593.3
T0001401,A00041,C0036,2025-12-29,Withdrawal,61.13,ATM,112326.53
T0002097,A00059,C0049,2025-07-13,Airtime,3431.44,POS,39987.07
T0008197,A00216,C0177,2025-08-10,Withdrawal,7902.17,USSD,24886.43
T0003039,A00084,C0069,2025-10-12,Deposit,7025.44,EFT,96820.93
T0007824,A00205,C0168,2025-12-30,Purchase,4354.48,POS,105130.65
T0006643,A00177,C0146,2025-07-26,Deposit,21821.7,EFT,199376.24
T0000070,A00003,C0003,2026-05-29,Withdrawal,2495.15,ATM,53454.48
T0003062,A00085,C0070,2025-08-03,Deposit,20153.52,USSD,29190.02
T0003690,A00102,C0084,2026-06-13,Bill Payment,832.54,POS,24635.16
T0006164,A00165,C0137,2026-01-05,Withdrawal,1018.65,ATM,27496.71
T0010725,A00288,C0232,2026-02-23,Purchase,1194.4,ATM,25153.18
T0009772,A00261,C0213,2026-06-26,Transfer Out,6994.8,ATM,45338.25
T0005464,A00145,C0120,2025-08-10,Purchase,7513.19,ATM,73951.75
T0010039,A00269,C0219,2026-04-13,Transfer In,22387.19,App,56086.86
T0013346,A00359,C0288,2025-08-22,Airtime,4691.63,EFT,46650.13
T0000073,A00003,C0003,2025-09-28,Withdrawal,121.07,App,63381.43
T0013509,A00363,C0290,2025-09-23,Deposit,1006.84,App,122446.4
T0010631,A00285,C0230,2026-01-19,Transfer In,22476.33,ATM,76801.6
T0013796,A00370,C0296,2025-12-08,Deposit,2765.68,USSD,146110.29
T0005579,A00148,C0122,2025-12-29,Bill Payment,382.56,Branch,168737.71
T0012490,A00337,C0269,2025-07-10,Deposit,5191.33,App,72813.84
T0001048,A00033,C0030,2026-01-24,Transfer In,22036.27,POS,65960.24
T0005172,A00137,C0113,2026-04-27,Airtime,153.87,App,19295.68
T0008888,A00234,C0190,2025-10-29,Purchase,-4987.41,USSD,90525.6
T0005096,A00135,C0112,2025-10-05,Transfer Out,3292.69,Branch,20274.23
T0007681,A00201,C0165,2026-06-12,Withdrawal,,Branch,16367.49
T0013955,A00374,C0298,2026-06-04,Withdrawal,81.26,POS,69134.22
T0009699,A00259,C0211,2026-02-15,Purchase,2081.5,Branch,92930.09
T0002973,A00082,C0067,2025-10-29,Transfer Out,6351.74,Branch,93623.58
T0013651,A00366,C0293,2026-01-10,Salary Credit,11418.34,App,60991.1
T0002803,A00078,C0064,2025-10-25,Airtime,2969.14,Branch,55231.27
T0002667,A00072,C0058,2026-02-28,Bill Payment,7433.81,POS,41637.79
T0003166,A00087,C0072,2026-03-17,Bill Payment,4546.43,App,-13900.94
T0009922,A00265,C0217,2025-09-26,Withdrawal,5786.14,Branch,40084.35
T0006403,A00171,C0141,2026-02-26,Withdrawal,5323.29,Branch,73009.39
T0011045,A00297,C0239,2025-08-09,Purchase,3739.25,ATM,60751.26
T0008454,A00223,C0182,2025-11-07,Transfer In,4990.19,POS,122306.47
T0006154,A00165,C0137,2025-08-15,Purchase,4027.12,POS,-11206.87
T0004202,A00116,C0096,2025-07-22,Airtime,2851.78,EFT,56759.74
T0002217,A00061,C0050,2026-06-05,Bill Payment,6820.63,Branch,89829.47
T0003687,A00102,C0084,2026-04-10,Airtime,3339.63,App,4495.45
T0002896,A00081,C0066,2025-12-12,Deposit,11383.11,USSD,29372.26
T0013180,A00355,C0284,2025-09-02,Transfer In,6620.89,Branch,85252.21
T0008283,A00218,C0179,2026-02-22,Salary Credit,14770.67,POS,45019.4
T0009141,A00242,C0197,2025-07-08,Purchase,1919.26,Branch,-1848.43
T0000829,A00026,C0024,2026-05-03,Airtime,4656.9,Branch,11855.42
T0000617,A00019,C0017,2025-11-17,Bill Payment,712.65,Branch,25813.21
T0012395,A00334,C0267,2025-12-18,Deposit,19571.34,App,28240.63
T0001044,A00033,C0030,2026-04-10,Transfer Out,5777.98,Branch,37241.19
T0002203,A00061,C0050,2026-06-08,Deposit,5479.38,USSD,105073.62
T0012727,A00343,C0275,2025-11-30,Transfer Out,5440.36,POS,93082.62
T0000023,A00001,C0001,2025-11-15,Airtime,4345.51,USSD,108023.14
T0003522,A00098,C0082,2025-08-26,Purchase,4241.55,USSD,81914.46
T0005880,A00156,C0130,2025-11-16,Withdrawal,6710.87,App,55667.03
T0000727,A00022,C0020,2025-07-22,Bill Payment,963.13,USSD,90382.35
T0010336,A00277,C0225,2025-08-20,Transfer Out,6992.92,POS,152397.03
T0005701,A00152,C0126,2025-09-14,Transfer In,19560.65,USSD,47685.94
T0006554,A00175,C0145,2025-09-01,Purchase,6721.46,ATM,74762.76
T0013451,A00361,C0289,2026-03-05,Bill Payment,5488.31,USSD,168920.19
T0000722,A00022,C0020,2026-03-07,Withdrawal,7084.01,ATM,54713.85
T0013941,A00373,C0298,2025-12-15,Salary Credit,23147.64,Branch,127959.59
T0001923,A00054,C0045,2025-10-09,Salary Credit,9088.69,POS,104564.8
T0001278,A00038,C0033,2026-03-02,Deposit,23044.57,USSD,228041.16
T0003037,A00084,C0069,2026-06-26,Airtime,5345.44,ATM,97191.42
T0006010,A00160,C0133,2026-03-14,Purchase,6203.24,USSD,53656.1
T0011578,A00311,C0250,2026-06-30,Salary Credit,9068.02,Branch,59475.28
T0007910,A00207,C0170,2026-03-30,Withdrawal,225.81,Branch,240947.9
T0008280,A00218,C0179,2025-07-24,Airtime,2832.95,EFT,15181.29
T0012294,A00331,C0265,2026-04-25,Purchase,,USSD,7115.14
T0006463,A00173,C0143,2025-10-05,Withdrawal,6937.63,POS,70644.04
T0012875,A00348,C0279,2025-09-25,Withdrawal,1161.0,POS,47645.51
T0001041,A00033,C0030,2026-02-08,Deposit,9892.33,USSD,21939.68
T0010830,A00292,C0235,2026-05-03,Bill Payment,5732.53,USSD,46081.59
T0011642,A00312,C0250,2025-10-02,Purchase,4946.3,USSD,103773.18
T0011643,A00312,C0250,2025-12-12,Transfer Out,2280.03,App,101493.15
T0012944,A00349,C0280,2026-01-25,Withdrawal,7619.54,USSD,2400.75
T0008625,A00228,C0185,2026-06-16,Purchase,6685.37,App,-213.52
T0011222,A00301,C0242,2026-04-21,Withdrawal,3544.07,App,108670.74
T0011157,A00299,C0240,2026-02-13,Withdrawal,2087.21,POS,156160.94
T0013192,A00355,C0284,2025-08-06,Bill Payment,5614.11,Branch,89722.92
T0013886,A00372,C0297,2025-07-12,Salary Credit,17575.78,Branch,155919.08
T0010672,A00287,C0231,2026-03-10,Purchase,303.12,ATM,48950.65
T0005208,A00138,C0114,2026-01-25,Airtime,4919.01,Branch,92334.55
T0007955,A00209,C0172,2026-06-10,Withdrawal,6685.09,EFT,27489.52
T0001200,A00037,C0032,2026-05-19,Bill Payment,7841.77,EFT,76465.22
T0008685,A00229,C0186,2026-01-01,Bill Payment,4796.0,USSD,26480.89
T0011736,A00315,C0253,2026-03-18,Transfer In,4230.12,ATM,71116.49
T0002690,A00074,C0060,2025-12-27,Deposit,8570.5,EFT,39150.19
T0004474,A00122,C0101,2025-08-28,Airtime,5029.73,POS,-1436.15
T0011778,A00316,C0254,2026-06-19,Transfer Out,7088.44,EFT,54278.18
T0008562,A00226,C0184,2026-04-02,Salary Credit,3436.54,EFT,63460.21
T0009710,A00260,C0212,2026-04-20,Airtime,3129.99,POS,58141.51
T0013826,A00371,C0296,2025-09-22,Salary Credit,,USSD,75236.51
T0007419,A00195,C0160,2026-01-13,Deposit,23099.69,Branch,81313.97
T0007289,A00192,C0157,2026-05-15,Transfer Out,4509.61,EFT,32211.23
T0010679,A00287,C0231,2025-08-14,Airtime,2435.01,POS,23382.54
T0005874,A00156,C0130,2026-02-03,Deposit,8433.75,EFT,54129.15
T0000721,A00022,C0020,2026-06-22,Bill Payment,7173.76,Branch,61797.86
T0013808,A00371,C0296,2026-04-10,Purchase,604.86,USSD,16971.03
T0007627,A00200,C0164,2025-10-14,Transfer Out,2083.81,EFT,38234.29
T0012089,A00326,C0261,2026-02-20,Purchase,2036.45,USSD,96884.4
T0010642,A00286,C0231,2026-05-19,Airtime,4393.08,POS,18474.45
T0008176,A00216,C0177,2025-07-12,Transfer In,7913.03,Branch,2922.12
T0010003,A00267,C0218,2025-09-13,Salary Credit,12630.28,EFT,53575.15
T0003700,A00102,C0084,2026-04-13,Bill Payment,6551.63,Branch,60687.42
T0007576,A00199,C0163,2026-05-03,Bill Payment,3250.79,EFT,71067.85
T0007321,A00192,C0157,2025-12-07,Airtime,2704.16,EFT,132137.96
T0005225,A00138,C0114,2025-07-16,Deposit,24008.06,Branch,69298.5
T0011565,A00311,C0250,2025-08-10,Airtime,,Branch,52991.02
T0000712,A00021,C0019,2025-11-06,Salary Credit,567.24,USSD,-629.7
T0002093,A00058,C0048,2025-12-29,Airtime,3608.67,EFT,38301.27
T0009353,A00248,C0202,2025-12-26,Airtime,6291.05,Branch,72642.92
T0005333,A00142,C0117,2025-09-01,Salary Credit,732.42,EFT,46632.3
T0005752,A00153,C0127,2025-12-04,Deposit,6293.36,Branch,32288.37
T0006324,A00169,C0140,2025-12-24,Salary Credit,13031.03,EFT,64673.83
T0000557,A00018,C0016,2025-07-16,Airtime,7043.45,EFT,17887.08
T0003489,A00097,C0081,2025-09-28,Withdrawal,2958.93,USSD,88184.76
T0001327,A00040,C0035,2026-06-06,Deposit,15012.12,USSD,79458.84
T0010129,A00272,C0221,2025-12-10,Withdrawal,6416.82,EFT,35348.0
T0001414,A00041,C0036,2025-10-30,Deposit,16989.93,POS,117181.18
T0012771,A00345,C0277,2026-04-12,Purchase,6437.77,ATM,18066.06
T0012656,A00342,C0274,2026-01-21,Deposit,8134.8,POS,107649.26
T0006265,A00167,C0138,2026-03-25,Airtime,3095.15,Branch,55311.67
T0010200,A00273,C0222,2026-06-10,Salary Credit,,Branch,78018.96
T0009584,A00256,C0208,2025-07-31,Deposit,21271.28,App,40360.87
T0005869,A00156,C0130,2026-05-07,Salary Credit,23842.04,Branch,37451.87
T0001606,A00046,C0039,2025-11-28,Airtime,3198.49,Branch,90755.74
T0000466,A00014,C0014,2025-10-20,Airtime,3373.54,EFT,93295.04
T0002850,A00079,C0065,2025-10-30,Salary Credit,23396.25,USSD,45727.39
T0012751,A00344,C0276,2025-12-29,Airtime,7307.81,ATM,68281.39
T0011507,A00310,C0249,2025-08-18,Bill Payment,5566.38,EFT,10251.53
T0000337,A00011,C0011,2025-11-04,Transfer In,17833.76,Branch,33326.99
T0008743,A00231,C0188,2026-03-07,Airtime,278.1,App,27375.03
T0000043,A00001,C0001,2025-07-09,Withdrawal,7436.87,EFT,79342.61
T0000454,A00014,C0014,2025-07-01,Purchase,2764.2,App,33055.27
T0009831,A00263,C0215,2026-06-24,Transfer Out,3881.39,Branch,6105.31
T0001335,A00040,C0035,2026-06-22,Transfer In,17557.61,App,112134.7
T0000138,A00005,C0005,2025-07-01,Bill Payment,6809.04,POS,10009.82
T0002710,A00074,C0060,2026-01-23,Deposit,7866.12,App,22447.6
T0007248,A00190,C0156,2026-03-23,Salary Credit,14983.26,App,112069.27
T0001122,A00034,C0030,2025-08-26,Transfer Out,4561.44,POS,172527.53
T0009070,A00240,C0195,2026-06-03,Salary Credit,24981.08,ATM,57296.09
T0009687,A00259,C0211,2026-01-30,Salary Credit,24312.36,Branch,74544.6
T0012404,A00334,C0267,2025-08-30,Purchase,7663.59,ATM,30611.03
T0004008,A00110,C0091,2026-03-13,Airtime,2767.21,App,119463.81
T0004599,A00124,C0103,2025-07-17,Withdrawal,7648.34,Branch,138124.23
T0001045,A00033,C0030,2025-07-05,Transfer Out,7203.66,ATM,30037.53
T0001733,A00049,C0042,2026-01-01,Bill Payment,4554.99,Branch,178342.96
T0013013,A00350,C0281,2025-10-23,Transfer Out,6388.08,EFT,83858.72
T0011505,A00310,C0249,2025-08-01,Bill Payment,6343.3,USSD,22072.63
T0004178,A00115,C0095,2025-12-16,Deposit,5072.86,App,61827.5
T0007950,A00208,C0171,2025-11-13,Transfer Out,3593.42,Branch,67219.83
T0011598,A00312,C0250,2025-10-25,Withdrawal,2122.1,ATM,82056.0
T0005903,A00156,C0130,2025-10-31,Salary Credit,23442.05,ATM,186176.25
T0003740,A00103,C0085,2025-12-06,Transfer In,5326.51,POS,41189.51
T0001314,A00040,C0035,2026-06-24,Withdrawal,861.65,App,57395.76
T0003798,A00104,C0086,2025-11-20,Salary Credit,19154.99,Branch,100215.99
T0008999,A00238,C0193,2026-02-27,Salary Credit,6149.12,Branch,47710.26
T0009927,A00265,C0217,2025-09-15,Salary Credit,4390.84,EFT,82984.53
T0005028,A00134,C0111,2025-11-13,Deposit,9490.3,ATM,42473.87
T0013820,A00371,C0296,2026-03-22,Transfer Out,3101.64,EFT,58814.91
T0011185,A00300,C0241,2026-04-21,Bill Payment,4059.0,ATM,67911.06
T0011662,A00313,C0251,2025-07-19,Airtime,6112.76,App,85516.22
T0013150,A00354,C0283,2025-11-05,Deposit,13366.59,POS,121236.25
T0008718,A00230,C0187,2025-07-19,Salary Credit,12433.75,ATM,75517.43
T0007678,A00201,C0165,2025-08-15,Bill Payment,2232.31,Branch,37599.97
T0013860,A00372,C0297,2026-05-18,Salary Credit,5784.47,EFT,19257.67
T0000713,A00021,C0019,2026-05-24,Deposit,23329.05,Branch,22699.35
T0010942,A00295,C0237,2025-08-31,Transfer Out,906.32,Branch,60375.03
T0005049,A00134,C0111,2025-08-09,Salary Credit,15386.61,Branch,68476.55
T0004039,A00110,C0091,2026-03-11,Airtime,6033.23,App,170107.58
T0008779,A00231,C0188,2025-11-04,Purchase,2862.33,POS,52810.01
T0010340,A00278,C0225,2025-10-13,Purchase,6100.16,EFT,36831.92
T0011234,A00301,C0242,2025-08-31,Salary Credit,18490.7,USSD,109643.96
T0004140,A00114,C0094,2026-06-22,Purchase,4623.38,POS,5448.82
T0008990,A00237,C0192,2026-06-08,Transfer Out,433.29,Branch,4431.17
T0008851,A00233,C0189,2026-04-30,Airtime,1975.79,POS,81125.38
T0013177,A00355,C0284,2025-07-31,Withdrawal,-2647.42,USSD,81906.52
T0005075,A00135,C0112,2025-11-03,Purchase,5873.49,Branch,17817.25
T0000017,A00001,C0001,2026-02-16,Deposit,21651.5,EFT,56685.69
T0005997,A00159,C0132,2026-02-03,Deposit,8079.67,App,88784.48
T0005957,A00158,C0131,2025-07-15,Purchase,5035.26,POS,50995.01
T0004435,A00121,C0100,2026-05-15,Deposit,23345.75,ATM,55761.76
T0008220,A00216,C0177,2026-03-02,Bill Payment,5335.31,EFT,59984.87
T0006793,A00180,C0149,2026-01-30,Transfer Out,4386.19,App,57924.38
T0011583,A00311,C0250,2025-10-08,Purchase,686.3,POS,74736.32
T0011809,A00317,C0254,2026-03-31,Salary Credit,1538.67,App,42252.12
T0004053,A00111,C0092,2025-12-25,Transfer In,3148.98,Branch,48954.19
T0009567,A00256,C0208,2025-12-06,Deposit,252.69,USSD,-2073.44
T0001718,A00049,C0042,2026-04-15,Airtime,3686.66,ATM,186321.39
T0011596,A00312,C0250,2025-12-06,Transfer In,21565.8,Branch,71248.62
T0000684,A00021,C0019,2025-09-16,Salary Credit,9307.19,USSD,33216.54
T0000255,A00009,C0009,2026-03-23,Withdrawal,3474.13,EFT,73098.64
T0012308,A00331,C0265,2025-07-13,Transfer In,24021.26,App,86464.11
T0010438,A00280,C0227,2025-10-23,Airtime,5772.26,Branch,58478.29
T0007281,A00191,C0156,2025-09-19,Transfer Out,5134.46,EFT,82078.03
T0012129,A00327,C0262,2026-02-15,Deposit,8707.0,POS,62667.44
T0003308,A00092,C0077,2026-04-04,Transfer In,13724.35,Branch,116707.68
T0002423,A00067,C0055,2025-07-27,Transfer In,12019.46,ATM,175371.66
T0005836,A00155,C0129,2026-04-02,Transfer Out,7385.0,USSD,58891.26
T0006468,A00173,C0143,2025-10-11,Purchase,-7774.31,USSD,36928.81
T0008558,A00226,C0184,2026-04-21,Purchase,5677.16,EFT,63579.38
T0010957,A00295,C0237,2025-09-22,Deposit,12266.51,EFT,102848.45
T0002940,A00082,C0067,2025-11-30,Airtime,6772.16,POS,54383.51
T0007391,A00194,C0159,2025-10-16,Bill Payment,3402.71,EFT,78304.46
T0013157,A00354,C0283,2025-11-15,Withdrawal,7455.39,EFT,138074.37
T0012622,A00342,C0274,2025-07-18,Purchase,2264.27,POS,36583.19
T0001209,A00037,C0032,2025-09-05,Transfer In,7812.95,USSD,96650.23
T0012498,A00338,C0270,2026-05-19,Withdrawal,712.84,App,25091.25
T0000307,A00010,C0010,2026-03-01,Deposit,2956.58,ATM,89665.89
T0003475,A00097,C0081,2025-11-07,Purchase,2781.93,USSD,60239.58
T0011192,A00300,C0241,2026-05-04,Withdrawal,5938.86,App,88472.17
T0013913,A00373,C0298,2026-01-28,Deposit,21080.85,App,27653.49
T0004034,A00110,C0091,2026-02-05,Deposit,3223.42,EFT,186806.49
T0004512,A00122,C0101,2025-09-15,Transfer Out,2223.1,Branch,122716.85
T0012757,A00344,C0276,2025-10-19,Purchase,,App,71042.81
T0010420,A00279,C0226,2026-06-25,Salary Credit,1973.38,POS,104121.19
T0001056,A00033,C0030,2025-10-29,Transfer In,8823.39,USSD,47787.31
T0001818,A00052,C0044,2026-03-21,Bill Payment,7236.0,EFT,54546.96
T0009778,A00261,C0213,2026-06-06,Deposit,14779.17,App,30994.17
T0004342,A00119,C0098,2025-11-20,Transfer Out,1123.63,EFT,62491.45
T0011669,A00313,C0251,2025-09-11,Purchase,3964.2,App,86006.24
T0009597,A00256,C0208,2026-01-01,Purchase,598.59,Branch,95219.87
T0008160,A00215,C0176,2026-01-22,Transfer In,19162.21,App,99314.25
T0007132,A00188,C0154,2025-12-01,Transfer Out,395.46,POS,95697.79
T0013148,A00354,C0283,2025-07-07,Transfer In,15836.87,Branch,115625.77
T0005536,A00147,C0121,2025-07-29,Transfer In,5830.77,App,67041.67
T0002794,A00077,C0063,2025-08-28,Transfer Out,6025.18,App,146303.38
T0009771,A00261,C0213,2025-10-25,Purchase,5054.26,USSD,52333.05
T0005252,A00139,C0115,2026-04-11,Transfer Out,6918.96,EFT,52393.84
T0007588,A00199,C0163,2025-11-15,Purchase,4886.32,POS,94582.9
T0005557,A00148,C0122,2026-06-17,Transfer In,17348.99,POS,51410.75
T0000199,A00007,C0007,2025-12-20,Transfer Out,5131.95,Branch,42147.25
T0012401,A00334,C0267,2026-02-02,Bill Payment,6607.86,App,14015.09
T0012073,A00326,C0261,2026-03-13,Airtime,625.31,USSD,59854.81
T0012342,A00332,C0266,2026-06-09,Bill Payment,-4044.53,POS,129653.62
T0007753,A00203,C0166,2026-06-26,Salary Credit,14842.11,USSD,89901.9
T0012482,A00337,C0269,2026-02-07,Airtime,279.18,ATM,83955.99
T0009685,A00259,C0211,2025-08-04,Purchase,5923.82,USSD,56824.8
T0009431,A00250,C0203,2025-11-21,Transfer In,19623.51,USSD,286119.48
T0011314,A00304,C0244,2025-11-14,Transfer Out,5082.15,Branch,-19240.39
T0001459,A00043,C0037,2025-10-01,Salary Credit,4707.2,ATM,78774.99
T0010284,A00276,C0224,2025-10-09,Bill Payment,4172.68,ATM,-11380.69
T0001010,A00032,C0029,2026-02-07,Bill Payment,6791.96,POS,45071.55
T0000790,A00024,C0022,2025-09-23,Transfer Out,913.96,ATM,119318.81
T0010888,A00294,C0237,2025-09-12,Withdrawal,3253.9,EFT,106151.85
T0002471,A00068,C0056,2026-03-08,Withdrawal,2617.39,Branch,258420.75
T0011613,A00312,C0250,2025-10-06,Transfer In,13309.96,USSD,88680.24
T0012988,A00350,C0281,2025-10-21,Salary Credit,6204.98,EFT,26461.84
T0013472,A00362,C0289,2025-09-21,Deposit,337.56,ATM,92127.48
T0005269,A00140,C0116,2025-11-09,Airtime,1807.68,Branch,17286.04
T0011786,A00316,C0254,2026-04-25,Transfer Out,5747.98,POS,64638.69
T0004471,A00122,C0101,2025-08-09,Transfer Out,529.85,App,4577.41
T0005080,A00135,C0112,2025-07-04,Transfer Out,3524.96,App,-1538.7
T0009328,A00247,C0201,2025-07-14,Transfer Out,7598.32,POS,2710.86
T0011887,A00319,C0255,2025-10-07,Airtime,4424.97,ATM,126629.46
T0003762,A00103,C0085,2026-04-20,Purchase,6670.49,POS,44808.89
T0008267,A00218,C0179,2025-12-01,Bill Payment,7210.87,App,-8335.84
T0006377,A00170,C0141,2025-08-18,Withdrawal,5520.59,POS,119753.61
T0012047,A00325,C0260,2025-08-09,Bill Payment,3290.12,ATM,28339.09
T0010470,A00280,C0227,2026-04-13,Transfer In,18626.77,ATM,108851.35
T0011361,A00305,C0244,2025-09-28,Purchase,973.78,Branch,154642.56
T0010630,A00285,C0230,2025-12-20,Withdrawal,3965.63,POS,54325.27
T0010721,A00288,C0232,2025-08-06,Withdrawal,1488.39,ATM,43953.4
T0012870,A00347,C0279,2025-10-24,Transfer Out,4961.87,POS,169563.68
T0013508,A00363,C0290,2026-06-29,Transfer Out,7930.08,App,121439.56
T0010912,A00294,C0237,2025-10-14,Purchase,4629.48,Branch,155419.64
T0002713,A00074,C0060,2026-01-01,Bill Payment,4344.88,POS,18695.75
T0005505,A00146,C0121,2025-10-22,Bill Payment,6259.48,POS,205882.05
T0013996,A00374,C0298,2026-05-23,Transfer Out,2598.6,ATM,174620.35
T0010897,A00294,C0237,2025-12-19,Airtime,5542.2,EFT,134994.6
T0011961,A00322,C0257,2025-07-15,Withdrawal,4044.89,USSD,59534.79
T0003151,A00086,C0071,2026-05-24,Purchase,7988.66,USSD,102032.26
T0007516,A00197,C0161,2025-11-30,Salary Credit,9726.37,POS,65347.3
T0001391,A00041,C0036,2026-03-30,Withdrawal,3255.66,USSD,74250.19
T0013746,A00369,C0295,2025-09-15,Bill Payment,5468.34,EFT,96798.06
T0004132,A00114,C0094,2026-03-02,Withdrawal,2109.56,Branch,14247.68
T0002934,A00081,C0066,2026-03-25,Purchase,600.57,Branch,179126.11
T0013119,A00354,C0283,2026-03-12,Transfer Out,3562.95,App,37935.02
T0009926,A00265,C0217,2025-10-26,Salary Credit,3367.89,App,78593.69
T0003087,A00085,C0070,2025-12-23,Deposit,11640.04,App,119578.35
T0006680,A00178,C0147,2026-03-05,Withdrawal,3680.27,ATM,48228.71
T0010169,A00273,C0222,2025-07-02,Purchase,152.73,ATM,65630.66
T0001795,A00051,C0043,2025-12-14,Airtime,6636.52,App,95442.67
T0001294,A00039,C0034,2026-05-17,Withdrawal,6949.53,Branch,19650.32
T0007217,A00190,C0156,2025-10-29,Transfer Out,7161.73,USSD,55572.08
T0002514,A00069,C0056,2026-01-15,Withdrawal,1185.98,POS,160435.86
T0000893,A00028,C0026,2025-07-12,Airtime,3034.35,POS,24437.38
T0001893,A00054,C0045,2026-02-10,Withdrawal,331.71,ATM,60548.59
T0005585,A00148,C0122,2025-07-10,Transfer In,2575.6,POS,233175.41
T0002917,A00081,C0066,2025-08-22,Bill Payment,3773.78,ATM,84560.59
T0009576,A00256,C0208,2025-11-27,Withdrawal,3931.04,USSD,8816.28
T0005872,A00156,C0130,2026-06-28,Bill Payment,2072.12,App,24039.8
T0008970,A00237,C0192,2026-02-09,Transfer Out,,POS,12325.31
T0012879,A00348,C0279,2026-02-09,Transfer Out,4339.38,Branch,45239.07
T0009693,A00259,C0211,2025-07-16,Salary Credit,15068.09,EFT,91930.33
T0004297,A00118,C0097,2025-10-30,Deposit,3664.74,POS,18642.68
T0005085,A00135,C0112,2025-12-07,Purchase,2414.65,App,7810.37
T0011349,A00305,C0244,2026-02-10,Deposit,20520.74,USSD,84859.43
T0004256,A00117,C0097,2026-03-18,Deposit,8673.4,App,80222.95
T0002890,A00080,C0066,2025-09-23,Salary Credit,,USSD,100385.26
T0013776,A00370,C0296,2026-01-17,Transfer In,11692.24,Branch,82023.33
T0001303,A00039,C0034,2025-07-02,Salary Credit,21776.48,ATM,99399.98
T0013681,A00367,C0293,2026-05-13,Deposit,4749.71,POS,19659.92
T0005461,A00145,C0120,2025-10-29,Transfer In,19030.02,POS,85479.19
T0008208,A00216,C0177,2026-01-31,Transfer Out,2936.48,POS,52323.94
T0004073,A00112,C0093,2026-01-08,Transfer Out,6882.56,App,30071.53
T0006898,A00183,C0151,2025-08-16,Salary Credit,14829.11,EFT,45588.67
T0001182,A00037,C0032,2026-02-24,Airtime,3420.3,EFT,58620.68
T0013992,A00374,C0298,2025-09-10,Purchase,4004.98,ATM,158052.17
T0001742,A00050,C0042,2025-12-07,Bill Payment,4956.79,App,24658.86
T0010179,A00273,C0222,2026-03-10,Withdrawal,7872.2,POS,53334.61
T0003976,A00109,C0091,2026-03-13,Bill Payment,2091.42,EFT,-15726.28
T0002627,A00072,C0058,2025-07-16,Airtime,7502.0,ATM,25157.32
T0010963,A00296,C0238,2025-09-27,Withdrawal,7119.86,POS,21202.52
T0009851,A00263,C0215,2026-05-13,Withdrawal,6974.17,EFT,17482.82
T0006173,A00165,C0137,2025-09-11,Transfer In,6349.48,ATM,31482.1
T0006252,A00167,C0138,2026-05-31,Withdrawal,4789.94,POS,-5665.65
T0014030,A00375,C0299,2025-07-28,Deposit,13590.16,EFT,59062.1
T0014031,A00375,C0299,2025-12-17,Withdrawal,2530.17,ATM,56531.93
T0006656,A00177,C0146,2025-08-24,Bill Payment,3746.47,USSD,204761.3
T0002225,A00061,C0050,2026-01-21,Bill Payment,5979.41,Branch,110134.4
T0001976,A00056,C0047,2025-12-15,Transfer Out,6561.93,EFT,87464.4
T0001277,A00038,C0033,2026-05-30,Bill Payment,7413.62,ATM,204996.59
T0008637,A00228,C0185,2025-10-27,Transfer In,6632.7,ATM,-11116.82
T0004478,A00122,C0101,2026-02-04,Transfer Out,2121.97,POS,-2461.37
T0012665,A00342,C0274,2025-08-21,Purchase,6340.82,App,177799.0
T0013198,A00355,C0284,2026-01-27,Deposit,-5023.39,USSD,112171.18
T0005434,A00145,C0120,2025-08-05,Withdrawal,460.29,ATM,31614.97
T0006645,A00177,C0146,2026-06-08,Salary Credit,11676.98,EFT,205712.38
T0007398,A00195,C0160,2025-09-18,Transfer Out,5922.32,USSD,44323.83
T0004738,A00127,C0105,2026-06-15,Salary Credit,10377.09,Branch,38668.54
T0007519,A00197,C0161,2026-05-24,Transfer Out,3172.58,USSD,64981.35
T0010658,A00286,C0231,2025-09-09,Airtime,5388.11,USSD,44503.37
T0007533,A00198,C0162,2025-07-19,Bill Payment,5854.29,USSD,68584.65
T0011639,A00312,C0250,2025-12-29,Purchase,665.27,POS,118772.18
T0011304,A00303,C0243,2026-04-20,Purchase,,Branch,54833.41
T0006104,A00164,C0136,2025-09-02,Transfer Out,6494.18,Branch,16523.32
T0001796,A00051,C0043,2026-05-25,Bill Payment,7009.31,Branch,88433.36
T0005427,A00144,C0119,2026-06-16,Bill Payment,4236.83,EFT,168097.88
T0005367,A00143,C0118,2026-02-05,Transfer Out,6246.98,Branch,-48217.84
T0011248,A00301,C0242,2026-02-19,Transfer In,19874.49,USSD,147280.49
T0010006,A00267,C0218,2026-06-11,Purchase,1397.96,POS,91902.42
T0003184,A00087,C0072,2025-07-15,Bill Payment,1064.23,Branch,14784.26
T0001462,A00043,C0037,2026-06-17,Transfer In,1829.41,ATM,102873.85
T0006894,A00183,C0151,2026-01-18,Deposit,5518.4,USSD,41589.01
T0000644,A00019,C0017,2025-08-24,Airtime,4458.08,Branch,57156.11
T0010765,A00290,C0234,2025-07-25,Withdrawal,6795.91,Branch,-10871.46
T0005226,A00138,C0114,2026-04-13,Airtime,4933.16,Branch,64365.34
T0013786,A00370,C0296,2025-08-02,Purchase,7994.22,POS,123549.71
T0004594,A00124,C0103,2026-05-19,Transfer Out,110.56,POS,157558.5
T0001585,A00046,C0039,2026-05-18,Deposit,15995.83,App,62153.38
T0005003,A00133,C0110,2025-08-11,Transfer Out,6392.41,Branch,74788.41
T0014011,A00375,C0299,2025-09-19,Bill Payment,6074.86,Branch,57632.47
T0008717,A00230,C0187,2026-01-15,Bill Payment,677.27,EFT,63083.68
T0000930,A00029,C0027,2025-11-08,Transfer Out,740.2,ATM,70517.63
T0007428,A00195,C0160,2026-03-15,Transfer In,24674.48,EFT,185454.52
T0011649,A00312,C0250,2025-09-10,Deposit,7673.72,App,111134.34
T0006201,A00166,C0138,2025-10-25,Transfer Out,4928.39,Branch,67800.08
T0005154,A00137,C0113,2025-10-11,Transfer Out,724.37,EFT,28668.89
T0001928,A00054,C0045,2026-02-27,Salary Credit,12308.48,USSD,136318.83
T0011290,A00303,C0243,2026-01-23,Bill Payment,2502.69,USSD,8462.45
T0000095,A00003,C0003,2025-08-17,Deposit,23039.73,POS,178937.4
T0008341,A00220,C0180,2025-08-11,Salary Credit,8761.8,USSD,11357.49
T0003491,A00097,C0081,2025-12-23,Airtime,,USSD,84108.8
T0013780,A00370,C0296,2026-01-27,Withdrawal,2339.49,Branch,121638.54
T0011713,A00314,C0252,2026-01-02,Transfer In,2820.28,App,55985.16
T0000945,A00030,C0028,2025-11-12,Purchase,417.27,POS,55649.78
T0011356,A00305,C0244,2026-01-03,Airtime,7334.63,ATM,131431.44
T0006410,A00171,C0141,2025-12-23,Salary Credit,5091.62,EFT,74011.1
T0010500,A00281,C0228,2025-10-01,Salary Credit,6680.3,Branch,45551.24
T0004586,A00124,C0103,2025-08-18,Transfer Out,4299.72,EFT,114621.12
T0011074,A00297,C0239,2026-01-20,Transfer In,1473.48,ATM,90012.53
T0004979,A00132,C0109,2025-07-04,Purchase,6213.39,POS,176479.16
T0010295,A00276,C0224,2025-12-04,Withdrawal,2683.66,POS,47842.73
T0000030,A00001,C0001,2025-12-13,Transfer Out,2328.88,POS,102473.05
T0002252,A00062,C0051,2025-07-07,Deposit,8238.81,POS,101771.1
T0002297,A00063,C0052,2026-01-17,Bill Payment,1241.72,App,167428.12
T0002655,A00072,C0058,2026-06-28,Bill Payment,5274.07,POS,45922.39
T0008202,A00216,C0177,2025-11-18,Salary Credit,23740.2,USSD,52135.49
T0005847,A00155,C0129,2026-05-03,Salary Credit,22361.76,EFT,94104.76
T0004900,A00130,C0107,2026-04-14,Deposit,9672.6,App,252731.06
T0011016,A00296,C0238,2026-01-01,Bill Payment,3235.37,App,213861.39
T0010592,A00284,C0230,2025-11-12,Purchase,608.1,POS,53242.07
T0006994,A00185,C0152,2026-06-04,Deposit,7307.76,POS,44760.59
T0010450,A00280,C0227,2025-09-18,Deposit,12499.18,App,100584.54
T0013332,A00358,C0287,2025-11-18,Salary Credit,18118.32,ATM,181772.71
T0005561,A00148,C0122,2025-08-20,Transfer In,1052.8,EFT,69278.93
T0001125,A00035,C0031,2025-10-07,Deposit,24799.59,POS,71501.45
T0002662,A00072,C0058,2025-10-17,Purchase,2673.49,USSD,46880.51
T0002045,A00058,C0048,2025-07-13,Salary Credit,12072.11,Branch,40318.22
T0011735,A00315,C0253,2025-09-03,Transfer Out,7886.05,POS,66886.37
T0011977,A00323,C0258,2026-01-04,Withdrawal,5118.04,App,8661.23
T0007707,A00201,C0165,2025-12-28,Deposit,13256.24,USSD,72994.69
T0011689,A00314,C0252,2026-01-26,Salary Credit,10304.06,EFT,15639.51
T0007148,A00189,C0155,2026-06-01,Withdrawal,7610.72,Branch,41776.98
T0000708,A00021,C0019,2025-11-13,Purchase,3535.79,ATM,2307.94
T0003500,A00097,C0081,2025-08-07,Purchase,3422.37,ATM,105638.38
T0005409,A00144,C0119,2025-08-29,Salary Credit,19122.7,EFT,152767.84
T0010206,A00274,C0223,2026-05-23,Airtime,200.99,USSD,55656.53
T0009464,A00251,C0204,2025-08-09,Airtime,5309.12,EFT,28309.09
T0006876,A00182,C0150,2025-07-16,Airtime,243.59,Branch,62175.56
T0009178,A00243,C0198,2026-05-12,Purchase,2654.8,USSD,27603.17
T0012281,A00331,C0265,2025-10-24,Bill Payment,6456.27,POS,-9791.5
T0012790,A00345,C0277,2025-07-31,Bill Payment,2332.32,App,58815.42
T0012644,A00342,C0274,2025-09-10,Deposit,9703.01,EFT,44431.38
T0005577,A00148,C0122,2026-01-11,Bill Payment,3606.53,POS,146779.21
T0004226,A00116,C0096,2025-11-23,Withdrawal,1757.46,ATM,67909.47
T0004902,A00130,C0107,2025-09-27,Bill Payment,5216.64,Branch,248107.76
T0000981,A00031,C0029,2026-01-12,Withdrawal,3202.89,EFT,92411.83
T0009301,A00247,C0201,2025-09-29,Purchase,1755.42,App,40053.1
T0000637,A00019,C0017,2026-04-17,Purchase,761.47,USSD,74099.61
T0003448,A00096,C0081,2025-09-17,Salary Credit,23317.48,Branch,180862.91
T0006942,A00183,C0151,2026-03-06,Airtime,2738.59,App,203023.38
T0013151,A00354,C0283,2026-04-01,Transfer In,13622.9,EFT,134859.15
T0009433,A00250,C0203,2025-09-11,Purchase,5521.91,USSD,274851.75
T0005875,A00156,C0130,2026-04-04,Deposit,19892.97,USSD,74022.12
T0002737,A00075,C0061,2025-10-23,Salary Credit,5103.01,EFT,76893.77
T0010781,A00291,C0234,2026-05-08,Transfer In,6243.91,App,26182.75
T0005730,A00152,C0126,2026-03-18,Purchase,4632.73,Branch,67425.66
T0012224,A00329,C0264,2026-01-19,Bill Payment,5860.17,App,63020.75
T0012119,A00327,C0262,2026-05-04,Deposit,9736.0,ATM,14196.78
T0006860,A00182,C0150,2025-11-10,Withdrawal,5103.16,App,70177.76
T0000134,A00005,C0005,2026-01-19,Withdrawal,2705.76,ATM,8232.98
T0002310,A00064,C0053,2026-01-15,Transfer Out,7057.86,App,45406.57
T0010373,A00278,C0225,2026-06-23,Airtime,754.68,ATM,148415.74
T0010993,A00296,C0238,2025-07-10,Airtime,4795.68,App,132545.09
T0011655,A00313,C0251,2026-03-29,Transfer In,11440.98,USSD,48841.08
T0006365,A00170,C0141,2025-09-23,Salary Credit,13934.37,EFT,89460.69
T0002421,A00067,C0055,2026-02-15,Purchase,939.69,Branch,161845.0
T0007177,A00189,C0155,2026-03-16,Transfer Out,3500.59,App,92513.16
T0010571,A00283,C0229,2025-10-16,Salary Credit,22226.79,Branch,86746.92
T0002691,A00074,C0060,2025-08-23,Bill Payment,1714.63,USSD,37435.56
T0011811,A00317,C0254,2026-01-08,Transfer Out,4040.1,USSD,31509.42
T0010274,A00275,C0224,2026-06-27,Bill Payment,1590.89,USSD,74109.55
T0002116,A00059,C0049,2025-08-27,Purchase,6392.76,App,93462.8
T0011499,A00309,C0248,2026-03-07,Purchase,1946.24,USSD,57796.88
T0004382,A00119,C0098,2025-08-04,Bill Payment,4186.81,App,224601.49
T0009655,A00258,C0210,2026-02-24,Bill Payment,4991.14,POS,43148.94
T0006475,A00173,C0143,2026-05-26,Withdrawal,6429.9,App,54228.98
T0007077,A00186,C0153,2026-01-17,Transfer Out,2335.01,ATM,170564.87
T0012979,A00349,C0280,2025-10-16,Transfer Out,3468.65,USSD,141977.07
T0011312,A00304,C0244,2026-03-18,Transfer Out,5438.74,USSD,-12981.15
T0007963,A00209,C0172,2025-10-06,Transfer Out,1256.28,EFT,67140.62
T0000802,A00025,C0023,2026-04-14,Deposit,16672.28,ATM,69282.31
T0006902,A00183,C0151,2026-06-29,Transfer Out,5454.81,ATM,44131.71
T0004838,A00129,C0106,2025-12-31,Salary Credit,22371.33,App,172771.39
T0004691,A00126,C0104,2026-04-26,Deposit,9665.9,POS,61617.29
T0003493,A00097,C0081,2026-02-16,Salary Credit,9008.04,EFT,88369.29
T0007011,A00185,C0152,2026-02-07,Transfer Out,296.91,EFT,81790.13
T0008461,A00223,C0182,2025-12-23,Purchase,2542.44,Branch,171886.34
T0009110,A00241,C0196,2025-11-07,Transfer Out,7361.82,Branch,15051.22
T0011417,A00306,C0245,2026-06-24,Withdrawal,5766.95,EFT,52261.25
T0010220,A00274,C0223,2025-08-02,Bill Payment,3987.83,ATM,76888.44
T0005824,A00154,C0128,2025-09-15,Deposit,1119.77,Branch,120964.82
T0009957,A00266,C0217,2026-03-10,Bill Payment,1962.98,App,27832.39
T0002668,A00072,C0058,2026-04-19,Transfer In,23084.93,ATM,64722.72
T0002346,A00066,C0054,2025-07-21,Transfer Out,6004.98,EFT,12120.18
T0007508,A00197,C0161,2025-08-13,Transfer Out,6131.26,ATM,51851.58
T0012407,A00334,C0267,2025-11-13,Salary Credit,24958.54,EFT,63812.92
T0006116,A00164,C0136,2025-08-22,Purchase,5471.04,USSD,54115.57
T0009513,A00253,C0205,2025-08-01,Purchase,4930.02,Branch,81775.45
T0000699,A00021,C0019,2026-01-27,Withdrawal,4211.61,Branch,11216.83
T0009782,A00261,C0213,2025-09-08,Bill Payment,3918.44,USSD,28705.1
T0008664,A00229,C0186,2026-05-22,Salary Credit,18706.9,ATM,10637.86
T0006360,A00170,C0141,2026-02-21,Deposit,5607.38,Branch,66996.5
T0006674,A00178,C0147,2026-04-29,Transfer In,7330.53,EFT,42347.62
T0011569,A00311,C0250,2025-10-28,Airtime,7223.11,EFT,52565.1
T0001019,A00032,C0029,2026-01-16,Bill Payment,6667.98,USSD,64659.77
T0012764,A00345,C0277,2026-03-22,Bill Payment,5349.25,EFT,11023.68
T0003849,A00106,C0088,2025-07-19,Purchase,864.03,App,19400.4
T0001657,A00048,C0041,2026-06-07,Salary Credit,-10755.27,Branch,63443.97
T0004176,A00115,C0095,2026-03-28,Deposit,2663.61,Branch,63966.64
T0012180,A00329,C0264,2025-10-20,Withdrawal,6726.26,EFT,11983.72
T0005858,A00155,C0129,2026-06-20,Deposit,24003.64,ATM,178952.69
T0010248,A00275,C0224,2026-04-02,Purchase,2659.76,EFT,41462.26
T0010701,A00287,C0231,2026-06-16,Airtime,7530.32,EFT,77022.85
T0008768,A00231,C0188,2025-07-15,Airtime,2407.37,Branch,86115.37
T0011922,A00321,C0256,2025-11-08,Deposit,22450.94,App,73444.91
T0011864,A00319,C0255,2026-05-25,Transfer In,18499.78,POS,19162.6
T0005492,A00146,C0121,2026-04-21,Salary Credit,18217.67,USSD,142808.17
T0002147,A00060,C0050,2026-02-26,Deposit,18400.28,EFT,28234.78
T0003387,A00095,C0080,2026-03-15,Withdrawal,3355.07,EFT,59579.66
T0011117,A00299,C0240,2025-10-17,Transfer In,14207.07,ATM,39434.65
T0013335,A00358,C0287,2025-07-31,Withdrawal,6216.62,USSD,163281.43
T0010401,A00279,C0226,2025-09-16,Deposit,12084.01,App,41529.32
T0002677,A00073,C0059,2026-06-01,Transfer In,453.86,Branch,62756.25
T0001866,A00053,C0045,2025-09-19,Bill Payment,6880.59,ATM,93055.1
T0000513,A00016,C0015,2025-09-09,Transfer Out,2949.32,ATM,17783.44
T0011638,A00312,C0250,2025-07-18,Transfer Out,3269.85,EFT,119437.45
T0008849,A00233,C0189,2026-04-11,Purchase,7725.02,EFT,85306.85
T0001031,A00033,C0030,2026-04-14,Deposit,12731.91,App,21499.73
T0006144,A00164,C0136,2025-07-08,Transfer In,17103.35,App,134021.67
T0013889,A00372,C0297,2025-11-04,Purchase,784.91,App,145138.19
T0013566,A00364,C0291,2025-10-23,Transfer In,19752.7,Branch,167592.27
T0012636,A00342,C0274,2025-10-21,Transfer Out,1160.94,EFT,60286.47
T0013590,A00365,C0292,2026-01-28,Airtime,4848.41,POS,32455.48
T0000273,A00010,C0010,2025-08-25,Bill Payment,391.07,USSD,33557.62
T0009165,A00242,C0197,2026-01-26,Withdrawal,2189.55,USSD,87749.31
T0010502,A00281,C0228,2026-01-18,Bill Payment,-6088.09,USSD,36223.93
T0009878,A00264,C0216,2025-12-03,Salary Credit,6492.2,EFT,92611.11
T0011027,A00297,C0239,2025-07-28,Deposit,5033.94,POS,2415.94
T0012899,A00348,C0279,2026-05-16,Transfer In,19781.16,EFT,97817.91
T0002861,A00080,C0066,2026-03-02,Purchase,3271.51,USSD,9890.32
T0010951,A00295,C0237,2026-02-04,Transfer Out,2982.03,App,73857.81
T0001831,A00052,C0044,2025-11-18,Salary Credit,11029.03,Branch,103625.09
T0005246,A00139,C0115,2025-11-03,Purchase,7606.89,Branch,59591.47
T0003349,A00093,C0078,2025-08-07,Salary Credit,5391.66,Branch,7930.78
T0011491,A00309,C0248,2026-06-23,Bill Payment,6776.95,Branch,41684.55
T0002015,A00057,C0047,2026-03-01,Deposit,8639.47,EFT,63886.1
T0013510,A00363,C0290,2026-01-13,Deposit,13465.68,POS,135912.08
T0009619,A00256,C0208,2025-08-26,Withdrawal,7080.88,ATM,131245.59
T0006895,A00183,C0151,2025-10-27,Transfer Out,1987.27,POS,39601.74
T0004772,A00128,C0106,2026-06-23,Transfer In,9591.65,USSD,63048.91
T0000329,A00011,C0011,2025-09-11,Purchase,1488.26,Branch,23081.74
T0000039,A00001,C0001,2026-03-31,Bill Payment,1758.28,ATM,92669.77
T0006819,A00181,C0149,2025-11-04,Withdrawal,2795.73,Branch,656.77
T0005260,A00140,C0116,2025-07-10,Bill Payment,2242.76,ATM,46948.15
T0010547,A00282,C0228,2025-10-25,Transfer In,11931.74,POS,-4267.5
T0012971,A00349,C0280,2025-09-07,Deposit,18767.51,POS,125687.75
T0004934,A00131,C0108,2025-08-27,Purchase,1927.22,App,103826.96
T0009244,A00245,C0200,2026-01-09,Transfer In,6216.4,Branch,47595.02
T0008494,A00225,C0183,2026-06-17,Airtime,505.76,ATM,42346.75
T0006073,A00163,C0135,2026-01-03,Transfer Out,3318.1,Branch,33322.27
T0007901,A00207,C0170,2026-04-16,Deposit,20739.04,POS,226990.46
T0010347,A00278,C0225,2026-05-04,Airtime,3821.57,USSD,58311.33
T0000033,A00001,C0001,2025-11-05,Purchase,5696.93,USSD,88735.08
T0008425,A00223,C0182,2025-09-25,Transfer Out,3723.85,USSD,31311.22
T0001246,A00038,C0033,2026-05-20,Bill Payment,5429.65,USSD,86307.95
T0013087,A00352,C0282,2026-04-15,Purchase,,Branch,-31286.35
T0013246,A00357,C0286,2026-03-30,Deposit,12825.06,EFT,62147.35
T0011865,A00319,C0255,2026-06-26,Purchase,7431.04,Branch,11731.56
T0006563,A00175,C0145,2025-07-28,Airtime,2711.85,ATM,108669.07
T0000308,A00010,C0010,2026-05-25,Transfer In,23976.53,Branch,113642.42
T0008595,A00227,C0185,2025-08-23,Transfer Out,-3311.02,POS,151319.79
T0000502,A00015,C0014,2025-09-30,Bill Payment,5973.94,POS,67565.9
T0011844,A00318,C0255,2026-04-14,Transfer In,20781.84,USSD,115887.73
T0002820,A00078,C0064,2026-06-11,Airtime,2732.65,Branch,88548.26
T0000002,A00001,C0001,2025-07-12,Airtime,5190.8,ATM,30667.37
T0001384,A00041,C0036,2025-10-02,Salary Credit,24657.53,POS,81942.57
T0002445,A00068,C0056,2025-08-19,Deposit,9264.44,EFT,183422.01
T0004075,A00112,C0093,2025-12-12,Withdrawal,4733.79,App,43071.82
T0002810,A00078,C0064,2025-09-29,Salary Credit,12511.34,POS,82364.43
T0013314,A00358,C0287,2025-11-22,Salary Credit,13171.81,USSD,111229.51
T0004095,A00113,C0093,2026-01-26,Bill Payment,21.97,Branch,25097.86
T0003272,A00091,C0076,2025-08-19,Purchase,2257.04,POS,39044.97
T0009028,A00239,C0194,2026-02-07,Withdrawal,7830.81,EFT,42536.28
T0011952,A00322,C0257,2026-03-06,Withdrawal,2474.43,Branch,42098.55
T0012831,A00347,C0279,2025-08-06,Deposit,5997.43,EFT,56241.82
T0013402,A00360,C0288,2025-08-05,Salary Credit,13811.3,EFT,117524.93
T0013328,A00358,C0287,2026-01-12,Deposit,113.61,Branch,157569.89
T0005350,A00143,C0118,2026-06-07,Deposit,16638.41,USSD,19467.02
T0006542,A00175,C0145,2025-12-05,Transfer Out,6788.86,USSD,50095.68
T0006677,A00178,C0147,2025-07-05,Transfer In,14234.68,USSD,66328.41
T0005059,A00135,C0112,2025-08-24,Purchase,5659.21,App,18239.53
T0008056,A00211,C0173,2025-08-20,Salary Credit,24273.03,App,115725.36
T0000463,A00014,C0014,2026-03-09,Transfer In,8084.03,POS,98550.81
T0009308,A00247,C0201,2026-05-26,Airtime,296.15,ATM,24430.17
T0001228,A00037,C0032,2025-11-20,Purchase,,App,123234.48
T0005166,A00137,C0113,2026-02-15,Transfer Out,3226.31,USSD,24122.09
T0007771,A00203,C0166,2025-09-28,Salary Credit,21459.42,Branch,146332.34
T0011302,A00303,C0243,2026-04-07,Airtime,1700.27,ATM,41405.5
T0013379,A00360,C0288,2026-03-27,Deposit,23365.57,ATM,79656.45
T0000717,A00022,C0020,2025-09-01,Airtime,2680.85,App,28680.81
T0013142,A00354,C0283,2025-11-08,Airtime,5821.48,USSD,63830.71
T0001557,A00046,C0039,2025-12-05,Withdrawal,5600.55,EFT,27527.6
T0001876,A00053,C0045,2026-05-07,Transfer Out,6282.48,USSD,90992.36
T0000236,A00008,C0008,2025-12-31,Bill Payment,2376.9,EFT,67088.58
T0005280,A00140,C0116,2026-05-21,Deposit,6937.4,ATM,20577.93
T0011711,A00314,C0252,2026-05-30,Withdrawal,4539.51,ATM,36068.65
T0008071,A00212,C0173,2026-05-29,Airtime,2340.34,EFT,34315.14
T0005289,A00141,C0117,2026-03-29,Airtime,3281.97,USSD,32570.54
T0008565,A00227,C0185,2026-06-27,Bill Payment,5284.88,USSD,13989.31
T0006039,A00161,C0133,2025-10-14,Withdrawal,3549.3,EFT,17069.91
T0000586,A00018,C0016,2026-04-05,Deposit,15238.8,ATM,59584.45
T0002168,A00060,C0050,2026-03-23,Transfer Out,523.68,USSD,51150.62
T0010686,A00287,C0231,2025-10-17,Purchase,7053.19,Branch,46765.21
T0002033,A00057,C0047,2025-07-15,Transfer In,3550.44,App,61716.63
T0005174,A00137,C0113,2025-10-01,Purchase,3981.11,App,9697.53
T0004539,A00123,C0102,2025-07-28,Bill Payment,5145.67,App,87483.29
T0008624,A00228,C0185,2026-02-04,Bill Payment,786.22,EFT,6471.85
T0006090,A00163,C0135,2025-12-29,Bill Payment,-6307.68,ATM,5495.99
T0009105,A00241,C0196,2025-12-07,Airtime,2133.21,EFT,27473.88
T0009641,A00257,C0209,2025-09-11,Transfer Out,6219.54,USSD,-14436.53
T0003880,A00107,C0089,2025-11-11,Deposit,1803.5,ATM,50888.08
T0004184,A00115,C0095,2026-03-27,Airtime,-6023.08,App,61441.26
T0005537,A00147,C0121,2026-01-21,Deposit,3225.29,Branch,70266.96
T0002621,A00071,C0057,2026-04-29,Transfer Out,6417.36,ATM,129177.05
T0003510,A00098,C0082,2026-04-15,Salary Credit,20008.57,App,59902.96
T0002642,A00072,C0058,2026-01-18,Airtime,5326.77,EFT,44483.88
T0006317,A00169,C0140,2025-11-21,Deposit,20205.39,EFT,30497.21
T0003273,A00091,C0076,2026-01-23,Purchase,3497.22,ATM,35547.75
T0008109,A00213,C0174,2026-05-10,Deposit,12812.01,USSD,30179.29
T0007788,A00203,C0166,2025-07-26,Transfer In,3925.62,EFT,163926.3
T0007772,A00203,C0166,2026-06-20,Bill Payment,3399.84,ATM,142932.5
T0009461,A00251,C0204,2025-07-12,Withdrawal,7991.65,POS,35600.72
T0011375,A00305,C0244,2025-11-11,Purchase,7170.85,USSD,110819.93
T0002517,A00069,C0056,2026-01-02,Transfer In,20716.59,EFT,175328.9
T0010007,A00267,C0218,2025-09-11,Purchase,7035.94,POS,84866.48
T0004878,A00130,C0107,2026-06-19,Deposit,14289.91,EFT,204535.1
T0004085,A00112,C0093,2025-09-25,Airtime,2455.05,USSD,55828.19
T0009717,A00260,C0212,2026-01-23,Deposit,7507.15,EFT,65655.67
T0007219,A00190,C0156,2025-11-03,Transfer Out,6240.76,USSD,70648.6
T0000298,A00010,C0010,2026-03-21,Withdrawal,3030.04,POS,18327.78
T0011825,A00318,C0255,2026-06-19,Purchase,333.7,Branch,36287.74
T0000080,A00003,C0003,2026-06-11,Withdrawal,1842.67,App,96661.91
T0006538,A00174,C0144,2026-01-28,Salary Credit,10863.7,Branch,177935.68
T0002933,A00081,C0066,2025-08-23,Transfer Out,3251.38,App,179726.68
T0010700,A00287,C0231,2025-08-07,Purchase,7291.48,Branch,84553.17
T0000526,A00016,C0015,2026-03-07,Bill Payment,5224.94,POS,11835.99
T0002506,A00069,C0056,2025-10-09,Salary Credit,16530.56,POS,120236.93
T0013789,A00370,C0296,2026-06-07,Airtime,4419.51,EFT,114137.1
T0007338,A00193,C0158,2025-09-25,Transfer Out,6986.72,USSD,7906.57
T0000349,A00011,C0011,2025-09-30,Purchase,5892.64,Branch,47117.26
T0013549,A00364,C0291,2026-02-09,Transfer In,8969.43,Branch,86376.38
T0012422,A00335,C0268,2025-11-11,Transfer In,16042.04,EFT,21480.51
T0009289,A00246,C0200,2025-11-24,Deposit,22500.35,POS,81567.37
T0003855,A00106,C0088,2025-10-27,Salary Credit,20539.52,App,43094.43
T0013739,A00369,C0295,2025-07-11,Withdrawal,6214.06,App,24129.87
T0001885,A00053,C0045,2026-04-30,Transfer In,2188.83,EFT,100438.04
T0005165,A00137,C0113,2026-04-07,Withdrawal,5469.12,ATM,27348.4
T0002020,A00057,C0047,2025-11-27,Airtime,3622.96,ATM,89913.2
T0000886,A00027,C0025,2025-07-15,Deposit,3292.13,USSD,149857.47
T0003084,A00085,C0070,2026-03-08,Purchase,3401.97,App,119190.87
T0013884,A00372,C0297,2026-01-28,Salary Credit,23550.3,POS,123043.31
T0002873,A00080,C0066,2025-11-28,Purchase,6214.62,POS,17262.74
T0003743,A00103,C0085,2025-07-15,Deposit,2892.92,POS,36530.72
T0009364,A00249,C0202,2025-07-06,Transfer Out,7631.14,ATM,25194.47
T0009285,A00246,C0200,2026-05-25,Salary Credit,14222.64,ATM,18408.84
T0011619,A00312,C0250,2026-06-15,Transfer In,6890.49,ATM,116795.28
T0013652,A00366,C0293,2025-07-25,Purchase,5777.27,App,55213.83
T0003704,A00102,C0084,2025-10-01,Withdrawal,4879.73,ATM,42297.53
T0000830,A00026,C0024,2026-05-18,Salary Credit,24359.04,Branch,36214.46
T0003886,A00107,C0089,2026-05-31,Transfer In,12882.14,Branch,46977.42
T0011982,A00323,C0258,2026-01-29,Transfer Out,6777.83,ATM,6652.59
T0003370,A00094,C0079,2026-04-28,Airtime,4560.42,EFT,16047.83
T0010977,A00296,C0238,2025-10-11,Purchase,5941.09,App,91609.16
T0012035,A00325,C0260,2026-01-20,Bill Payment,7942.65,Branch,10317.55
T0013215,A00356,C0285,2025-11-13,Transfer In,264.23,EFT,100029.54
T0004206,A00116,C0096,2026-02-17,Salary Credit,6294.37,USSD,80755.68
T0009833,A00263,C0215,2026-05-01,Transfer Out,6852.99,EFT,-2156.84
T0012056,A00325,C0260,2025-07-14,Transfer Out,865.17,POS,34931.38
T0001421,A00042,C0036,2025-11-18,Transfer In,23234.55,POS,43317.21
T0002332,A00065,C0054,2026-01-26,Purchase,4502.08,USSD,-5813.67
T0013706,A00368,C0294,2025-09-11,Transfer Out,3502.63,EFT,35830.97
T0006379,A00170,C0141,2026-06-29,Airtime,4590.27,App,109253.2
T0008928,A00235,C0190,2026-04-19,Transfer Out,7648.57,EFT,155654.94
T0000892,A00028,C0026,2026-04-17,Bill Payment,2147.62,POS,27471.73
T0006899,A00183,C0151,2025-11-12,Airtime,7413.12,USSD,38175.55
T0010723,A00288,C0232,2026-01-02,Airtime,5623.8,USSD,31096.05
T0006617,A00177,C0146,2026-04-22,Transfer Out,973.75,Branch,65992.82
T0004602,A00124,C0103,2025-10-08,Transfer In,5867.43,ATM,141063.59
T0014075,A00376,C0300,2025-11-28,Salary Credit,24422.42,POS,139272.09
T0012522,A00338,C0270,2025-07-24,Salary Credit,1256.36,POS,25377.11
T0007953,A00208,C0171,2026-03-14,Purchase,4804.77,USSD,58014.62
T0004456,A00121,C0100,2026-03-19,Purchase,-6527.53,EFT,164378.22
T0006944,A00183,C0151,2025-07-23,Transfer Out,4956.53,ATM,193458.03
T0003020,A00084,C0069,2026-02-04,Airtime,5264.83,USSD,39115.66
T0003118,A00086,C0071,2025-09-26,Withdrawal,730.4,ATM,19051.15
T0004190,A00116,C0096,2025-09-07,Deposit,6078.68,App,39010.33
T0005635,A00150,C0124,2026-03-26,Salary Credit,192.38,ATM,43025.74
T0010020,A00268,C0219,2026-03-07,Bill Payment,4433.22,EFT,17055.53
T0008704,A00229,C0186,2025-09-06,Transfer In,2761.52,POS,134177.5
T0002974,A00083,C0068,2026-01-18,Transfer Out,723.89,App,22834.85
T0009617,A00256,C0208,2026-05-10,Transfer In,16567.36,ATM,139207.29
T0001942,A00055,C0046,2026-05-17,Deposit,19191.39,ATM,38383.53
T0008389,A00222,C0181,2025-10-05,Airtime,1272.87,App,37324.49
T0004437,A00121,C0100,2025-08-30,Salary Credit,15654.38,App,89566.96
T0012249,A00330,C0264,2026-03-31,Withdrawal,5400.45,ATM,76595.72
T0007543,A00198,C0162,2026-02-21,Withdrawal,6406.02,App,47095.51
T0007940,A00208,C0171,2026-04-08,Withdrawal,2931.38,Branch,55297.88
T0002830,A00078,C0064,2025-08-18,Salary Credit,13202.66,App,159919.29
T0004870,A00130,C0107,2026-05-07,Transfer In,11911.83,Branch,157991.91
T0010767,A00290,C0234,2026-01-19,Deposit,3657.21,POS,13107.61
T0000465,A00014,C0014,2026-02-10,Deposit,5896.98,EFT,96668.58
T0006991,A00185,C0152,2026-06-17,Purchase,675.62,ATM,20954.71
T0007245,A00190,C0156,2026-04-29,Bill Payment,-931.57,POS,106089.93
T0012365,A00333,C0266,2025-12-22,Withdrawal,4802.29,POS,67964.75
T0012825,A00347,C0279,2026-04-04,Salary Credit,16089.61,App,36530.66
T0009252,A00245,C0200,2025-11-03,Airtime,2312.69,ATM,59194.96
T0004815,A00129,C0106,2026-03-04,Bill Payment,1603.39,App,45836.55
T0010666,A00287,C0231,2025-08-21,Airtime,4989.53,Branch,24163.64
T0002958,A00082,C0067,2026-05-10,Transfer Out,1501.8,ATM,102207.47
T0014071,A00376,C0300,2025-11-16,Transfer In,23997.02,Branch,123696.24
T0012087,A00326,C0261,2025-12-18,Bill Payment,578.45,App,100745.36
T0012326,A00332,C0266,2026-04-21,Purchase,4818.81,USSD,82869.69
T0005249,A00139,C0115,2025-10-31,Airtime,7063.99,EFT,48553.55
T0005241,A00139,C0115,2025-08-15,Withdrawal,6398.93,POS,22985.47
T0005253,A00139,C0115,2026-05-17,Bill Payment,6681.01,USSD,45712.83
T0013449,A00361,C0289,2025-08-11,Purchase,294.73,App,177656.63
T0011851,A00319,C0255,2026-03-09,Airtime,5716.38,POS,28624.33
T0010395,A00279,C0226,2026-02-21,Airtime,172.09,ATM,25099.65
T0008028,A00210,C0172,2025-10-05,Withdrawal,3561.53,USSD,57579.01
T0013654,A00366,C0293,2026-02-23,Deposit,18084.83,ATM,78397.88
T0004378,A00119,C0098,2025-09-21,Airtime,3193.58,POS,232823.71
T0001440,A00042,C0036,2025-07-12,Purchase,4801.25,ATM,36560.88
T0008049,A00211,C0173,2026-02-02,Deposit,4296.44,ATM,65908.64
T0009462,A00251,C0204,2026-01-17,Deposit,3522.4,Branch,39123.12
T0004666,A00125,C0104,2026-04-11,Bill Payment,6402.94,USSD,51626.17
T0006829,A00181,C0149,2025-12-20,Transfer In,16876.87,App,36390.74
T0010842,A00292,C0235,2025-09-28,Withdrawal,7486.16,Branch,84177.08
T0006184,A00165,C0137,2026-02-23,Purchase,-3491.91,ATM,15684.87
T0009327,A00247,C0201,2026-02-02,Bill Payment,3576.67,POS,10309.18
T0000569,A00018,C0016,2025-12-08,Bill Payment,4899.81,POS,38484.3
T0003873,A00107,C0089,2026-04-07,Bill Payment,3850.63,ATM,39397.68
T0012633,A00342,C0274,2025-10-27,Bill Payment,5315.19,POS,50431.6
T0001014,A00032,C0029,2026-01-30,Salary Credit,3011.82,USSD,49207.44
T0005437,A00145,C0120,2025-09-24,Transfer Out,1629.7,USSD,39158.72
T0002929,A00081,C0066,2026-01-03,Deposit,9465.31,USSD,173267.77
T0006855,A00182,C0150,2025-07-30,Deposit,6218.69,EFT,41661.38
T0008549,A00226,C0184,2026-02-02,Withdrawal,6877.78,USSD,38903.62
T0012942,A00349,C0280,2025-12-24,Salary Credit,1549.33,App,17864.34
T0001266,A00038,C0033,2026-02-02,Bill Payment,6087.39,EFT,212881.89
T0003605,A00100,C0083,2026-02-28,Airtime,6362.43,Branch,8735.94
T0005680,A00151,C0125,2026-01-02,Airtime,1026.62,USSD,130795.02
T0004301,A00118,C0097,2026-03-31,Bill Payment,363.12,EFT,26677.29
T0005966,A00159,C0132,2026-01-12,Bill Payment,7841.7,EFT,-1005.97
T0002681,A00073,C0059,2025-11-25,Transfer Out,7983.12,USSD,71527.77
T0001326,A00040,C0035,2026-03-13,Salary Credit,3770.89,USSD,64446.72
T0004883,A00130,C0107,2026-03-03,Salary Credit,3892.12,POS,213859.25
T0010152,A00273,C0222,2026-01-10,Transfer In,19763.69,App,65782.31
T0004014,A00110,C0091,2026-03-08,Bill Payment,4861.84,App,120885.45
T0004416,A00120,C0099,2026-05-18,Deposit,3594.86,App,44267.17
T0011407,A00306,C0245,2025-11-18,Purchase,1526.77,ATM,67542.09
T0005521,A00147,C0121,2025-12-02,Purchase,3623.85,USSD,7139.56
T0002156,A00060,C0050,2025-10-24,Withdrawal,5950.62,Branch,3888.68
T0013834,A00371,C0296,2026-04-28,Bill Payment,6300.02,POS,59784.33
T0004150,A00114,C0094,2026-06-12,Deposit,9741.55,POS,28504.34
T0003298,A00091,C0076,2025-08-29,Bill Payment,6693.93,POS,70711.81
T0004108,A00113,C0093,2026-06-03,Purchase,6861.97,ATM,76990.59
T0010159,A00273,C0222,2025-08-02,Salary Credit,592.04,Branch,50514.65
T0000857,A00026,C0024,2026-06-10,Withdrawal,1463.17,EFT,181304.93
T0005778,A00153,C0127,2026-04-30,Transfer In,556.2,Branch,71161.37
T0006014,A00160,C0133,2025-07-21,Purchase,3799.2,POS,37885.11
T0010033,A00268,C0219,2025-09-03,Withdrawal,3593.19,ATM,53213.86
T0011287,A00302,C0242,2025-12-22,Bill Payment,2769.19,POS,50317.07
T0003856,A00106,C0088,2026-04-16,Withdrawal,4583.66,POS,38510.77
T0006406,A00171,C0141,2026-06-13,Withdrawal,6671.62,EFT,84879.3
T0004927,A00131,C0108,2025-11-01,Deposit,1679.55,POS,65899.91
T0005071,A00135,C0112,2026-03-02,Purchase,985.77,USSD,-9107.4
T0009212,A00244,C0199,2026-06-06,Transfer In,6229.16,ATM,52674.01
T0004172,A00115,C0095,2026-06-23,Purchase,6266.82,USSD,16460.8
T0005734,A00153,C0127,2026-02-04,Airtime,6104.72,Branch,52851.31
T0011443,A00307,C0246,2026-01-21,Transfer In,3753.0,App,74189.37
T0002777,A00077,C0063,2026-02-24,Withdrawal,7000.3,USSD,57697.96
T0013310,A00358,C0287,2026-04-30,Bill Payment,7996.92,App,99872.71
T0008162,A00215,C0176,2026-04-29,Airtime,2708.94,POS,90850.61
T0003348,A00092,C0077,2025-12-19,Airtime,84.24,Branch,177549.66
T0001207,A00037,C0032,2026-01-17,Purchase,7916.97,EFT,91961.44
T0005383,A00144,C0119,2025-08-12,Bill Payment,315.3,USSD,4422.2
T0001028,A00032,C0029,2025-11-14,Purchase,6830.2,POS,88446.36
T0004325,A00118,C0097,2026-01-24,Transfer In,10799.16,App,12526.97
T0009004,A00238,C0193,2026-01-12,Purchase,7107.14,EFT,72954.83
T0000707,A00021,C0019,2025-08-01,Bill Payment,3120.95,Branch,5843.73
T0003416,A00096,C0081,2025-07-18,Transfer In,2030.95,Branch,37068.41
T0004293,A00118,C0097,2025-07-05,Airtime,371.25,USSD,25135.57
T0006688,A00178,C0147,2026-01-10,Salary Credit,24414.37,POS,90326.08
T0001351,A00040,C0035,2025-10-01,Bill Payment,3883.85,EFT,88535.69
T0010577,A00284,C0230,2025-11-26,Withdrawal,6333.18,App,13660.93
T0008422,A00223,C0182,2026-03-29,Deposit,21094.07,ATM,17827.64
T0000006,A00001,C0001,2026-02-16,Bill Payment,3122.91,ATM,39907.59
T0002085,A00058,C0048,2025-12-03,Withdrawal,7403.86,USSD,69697.09
T0012965,A00349,C0280,2025-10-29,Transfer Out,181.58,App,92766.53
T0007514,A00197,C0161,2026-01-04,Deposit,13160.28,POS,58720.69
T0011219,A00301,C0242,2025-10-30,Deposit,,POS,96293.6
T0005904,A00156,C0130,2026-02-13,Bill Payment,6373.85,POS,179802.4
T0007326,A00192,C0157,2025-11-24,Transfer In,18395.54,ATM,149957.81
T0005532,A00147,C0121,2025-12-22,Transfer In,15763.88,ATM,72999.57
T0005316,A00142,C0117,2026-04-01,Salary Credit,3423.95,Branch,-1066.11
T0009160,A00242,C0197,2025-12-26,Salary Credit,21146.3,POS,92424.74
T0004100,A00113,C0093,2025-08-17,Withdrawal,7598.11,App,8912.16
T0001409,A00041,C0036,2026-02-01,Airtime,7209.96,ATM,107606.6
T0005657,A00151,C0125,2025-12-23,Airtime,7522.18,App,31875.14
T0003619,A00100,C0083,2026-01-07,Transfer Out,4100.67,App,-14713.01
T0013242,A00357,C0286,2025-12-12,Bill Payment,674.66,EFT,60922.44
T0011537,A00310,C0249,2025-08-30,Purchase,2347.21,EFT,52994.06
T0004981,A00133,C0110,2026-05-23,Airtime,7046.37,Branch,12904.88
T0008177,A00216,C0177,2025-07-06,Withdrawal,4555.59,EFT,-1633.47
T0004821,A00129,C0106,2026-02-04,Withdrawal,5429.29,EFT,99350.49
T0003179,A00087,C0072,2026-05-11,Bill Payment,3462.09,Branch,4872.92
T0005217,A00138,C0114,2025-09-02,Bill Payment,4293.67,POS,66041.18
T0005963,A00159,C0132,2025-07-23,Transfer In,2073.14,USSD,11810.93
T0005974,A00159,C0132,2025-09-27,Transfer In,23855.59,EFT,53659.03
T0012170,A00329,C0264,2026-01-12,Withdrawal,7253.47,USSD,-7265.69
T0006380,A00170,C0141,2026-05-15,Transfer In,12541.05,App,121794.25
T0003333,A00092,C0077,2026-05-15,Transfer In,24248.88,App,146753.44
T0002897,A00081,C0066,2026-03-25,Transfer In,21808.83,USSD,51181.09
T0001473,A00043,C0037,2025-12-28,Transfer Out,1822.56,EFT,131895.95
T0012905,A00348,C0279,2025-12-05,Airtime,1120.44,Branch,75152.98
T0012706,A00343,C0275,2025-09-26,Purchase,7288.25,POS,85368.61
T0004285,A00118,C0097,2026-04-20,Airtime,5838.97,EFT,15718.69
T0002400,A00067,C0055,2025-11-19,Purchase,2922.98,EFT,106209.32
T0004083,A00112,C0093,2026-06-29,Salary Credit,3460.89,App,61478.47
T0006338,A00169,C0140,2025-09-08,Bill Payment,1044.59,App,60043.89
T0007552,A00198,C0162,2026-04-08,Withdrawal,2865.17,App,115572.71
T0001034,A00033,C0030,2026-01-03,Airtime,6556.9,ATM,32010.25
T0002913,A00081,C0066,2026-06-07,Transfer Out,2470.64,USSD,58417.0
T0006901,A00183,C0151,2025-09-27,Salary Credit,18155.9,EFT,49586.52
T0011159,A00299,C0240,2026-02-05,Withdrawal,2800.98,USSD,151091.58
T0007546,A00198,C0162,2026-05-24,Deposit,21029.29,App,85081.75
T0007319,A00192,C0157,2025-07-26,Purchase,1553.28,USSD,125648.06
T0001154,A00035,C0031,2025-10-12,Withdrawal,2745.58,USSD,133989.08
T0009333,A00248,C0202,2025-10-21,Transfer Out,6950.44,ATM,31834.07
T0007362,A00193,C0158,2025-10-04,Purchase,2101.18,App,112407.42
T0002596,A00071,C0057,2026-02-23,Purchase,3338.08,ATM,64141.42
T0001304,A00039,C0034,2025-07-14,Withdrawal,6954.66,USSD,92445.32
T0004555,A00123,C0102,2025-10-25,Purchase,2921.67,App,105747.32
T0011992,A00323,C0258,2025-10-17,Transfer In,6736.4,USSD,54723.75
T0010752,A00289,C0233,2026-03-05,Transfer Out,630.13,EFT,12071.42
T0002590,A00071,C0057,2026-01-05,Transfer Out,941.98,EFT,45954.65
T0004359,A00119,C0098,2026-01-04,Purchase,3435.66,Branch,151844.02
T0011283,A00302,C0242,2026-01-15,Bill Payment,1221.33,EFT,65777.19
T0013106,A00353,C0283,2026-01-23,Transfer Out,6797.62,EFT,41964.19
T0006494,A00174,C0144,2026-02-18,Bill Payment,844.45,App,47425.24
T0002041,A00058,C0048,2025-12-17,Purchase,1974.01,App,17477.28
T0007854,A00206,C0169,2025-08-29,Transfer In,2919.46,POS,55099.93
T0013975,A00374,C0298,2026-02-28,Salary Credit,3043.74,ATM,117852.05
T0011039,A00297,C0239,2025-08-24,Salary Credit,15703.06,Branch,58107.28
T0006671,A00178,C0147,2025-09-30,Bill Payment,5522.58,POS,42153.62
T0001905,A00054,C0045,2025-11-18,Transfer Out,6569.62,POS,82260.18
T0004769,A00128,C0106,2025-11-07,Transfer In,5194.36,EFT,57660.48
T0004829,A00129,C0106,2025-11-10,Transfer In,24603.45,EFT,101012.31
T0004364,A00119,C0098,2025-11-14,Airtime,4768.2,ATM,163422.81
T0001436,A00042,C0036,2026-03-31,Purchase,369.61,POS,41562.68
T0010318,A00277,C0225,2026-03-03,Salary Credit,2047.49,ATM,75234.64
T0002552,A00070,C0057,2025-08-16,Transfer Out,6480.21,ATM,35857.84
T0004092,A00112,C0093,2025-11-03,Transfer Out,715.77,ATM,44991.79
T0004463,A00122,C0101,2026-03-19,Bill Payment,6900.77,ATM,13319.23
T0000323,A00011,C0011,2026-01-19,Deposit,11902.29,ATM,32341.55
T0001067,A00033,C0030,2026-04-13,Airtime,7375.14,EFT,43689.93
T0012856,A00347,C0279,2025-12-01,Airtime,3342.07,USSD,154631.47
T0008304,A00219,C0180,2026-03-04,Deposit,2177.34,App,73650.87
T0004618,A00124,C0103,2025-08-14,Salary Credit,2988.55,USSD,163222.83
T0004149,A00114,C0094,2026-02-17,Bill Payment,2646.19,Branch,18762.79
T0005889,A00156,C0130,2026-01-28,Withdrawal,5364.13,App,73119.85
T0005661,A00151,C0125,2025-10-18,Bill Payment,5746.71,POS,65443.25
T0004401,A00120,C0099,2026-03-20,Transfer In,20928.79,App,33330.91
T0009079,A00240,C0195,2026-05-24,Salary Credit,17964.49,ATM,119348.24
T0010728,A00288,C0232,2026-05-17,Salary Credit,19101.15,ATM,37801.65
T0005094,A00135,C0112,2025-09-03,Transfer Out,5236.57,Branch,26975.55
T0012015,A00324,C0259,2026-03-25,Airtime,,POS,33234.31
T0003224,A00089,C0074,2025-10-16,Airtime,5513.7,POS,2378.51
T0005554,A00147,C0121,2026-02-09,Withdrawal,2515.03,App,94511.39
T0004309,A00118,C0097,2025-09-02,Salary Credit,15451.62,USSD,44877.92
T0001290,A00039,C0034,2026-02-06,Purchase,1427.68,ATM,25109.97
T0000378,A00012,C0012,2025-10-05,Deposit,17757.81,POS,100153.55
T0011900,A00320,C0256,2026-06-25,Airtime,4389.24,App,106984.06
T0003350,A00093,C0078,2025-09-05,Bill Payment,1485.49,POS,6445.29
T0010178,A00273,C0222,2026-05-03,Withdrawal,7257.26,Branch,61206.81
T0012541,A00339,C0271,2026-05-29,Withdrawal,7990.5,ATM,10546.86
T0006718,A00179,C0148,2025-12-16,Bill Payment,5579.21,POS,-29347.96
T0005169,A00137,C0113,2026-02-22,Bill Payment,3211.16,EFT,28084.24
T0010155,A00273,C0222,2026-05-11,Transfer Out,653.27,EFT,57463.67
T0003230,A00089,C0074,2025-08-01,Transfer Out,7945.8,POS,20630.83
T0003070,A00085,C0070,2026-04-12,Salary Credit,7020.48,POS,48121.8
T0007700,A00201,C0165,2026-05-03,Withdrawal,6780.94,POS,70875.6
T0002231,A00062,C0051,2025-10-23,Salary Credit,6801.42,EFT,49822.39
T0008464,A00223,C0182,2026-02-23,Purchase,1099.46,EFT,163211.9
T0004721,A00127,C0105,2026-02-27,Bill Payment,-553.83,POS,28297.23
T0000528,A00016,C0015,2025-12-13,Withdrawal,917.99,Branch,17051.65
T0001199,A00037,C0032,2025-09-10,Purchase,7818.4,POS,84306.99
T0001586,A00046,C0039,2025-08-26,Salary Credit,23187.26,ATM,85340.64
T0007912,A00207,C0170,2025-11-27,Airtime,6277.81,App,238536.18
T0010149,A00273,C0222,2025-08-29,Purchase,5623.84,ATM,44080.44
T0009799,A00262,C0214,2026-04-26,Salary Credit,10208.73,ATM,42956.33
T0009220,A00244,C0199,2026-01-16,Transfer In,17911.7,EFT,72309.5
T0000057,A00002,C0002,2026-04-28,Bill Payment,2825.25,ATM,54723.24
T0003389,A00095,C0080,2025-12-24,Transfer In,23379.08,EFT,81366.35
T0007027,A00186,C0153,2025-11-06,Withdrawal,3722.52,ATM,27019.73
T0002784,A00077,C0063,2025-09-30,Deposit,10750.25,ATM,115861.5
T0000203,A00008,C0008,2026-01-15,Deposit,14617.29,ATM,56656.52
T0006734,A00179,C0148,2026-06-21,Withdrawal,7969.23,ATM,-54387.89
T0010112,A00271,C0221,2026-05-24,Salary Credit,15315.53,USSD,46928.05
T0008608,A00227,C0185,2026-03-25,Withdrawal,2230.65,POS,134648.68
T0012419,A00335,C0268,2026-03-07,Withdrawal,4292.35,Branch,-2777.44
T0003445,A00096,C0081,2026-04-22,Bill Payment,3214.43,ATM,134228.13
T0012701,A00343,C0275,2026-05-05,Bill Payment,5993.96,EFT,40452.57
T0011998,A00324,C0259,2025-08-15,Transfer In,10835.17,EFT,6978.62
T0008744,A00231,C0188,2026-04-23,Purchase,3131.27,EFT,24243.76
T0004197,A00116,C0096,2025-10-23,Salary Credit,,POS,48241.94
T0011812,A00317,C0254,2025-07-27,Bill Payment,2054.69,EFT,29454.73
T0013459,A00362,C0289,2026-04-29,Transfer In,17341.95,USSD,52572.85
T0001042,A00033,C0030,2025-09-16,Deposit,24445.55,USSD,46385.23
T0013153,A00354,C0283,2026-04-07,Airtime,3345.21,App,125989.98
T0000736,A00022,C0020,2026-04-06,Purchase,2586.29,ATM,165568.54
T0014022,A00375,C0299,2025-08-23,Bill Payment,827.57,USSD,30033.15
T0004395,A00119,C0098,2026-02-14,Airtime,4177.74,POS,222639.75
T0005405,A00144,C0119,2026-02-17,Deposit,22341.97,ATM,108607.68
T0007069,A00186,C0153,2025-08-05,Purchase,4832.11,App,157828.74
T0007213,A00190,C0156,2025-10-28,Airtime,5788.23,USSD,65315.48
T0011152,A00299,C0240,2026-05-30,Salary Credit,12122.28,Branch,152936.12
T0002462,A00068,C0056,2025-09-14,Salary Credit,16925.2,EFT,259768.39
T0013154,A00354,C0283,2025-07-22,Transfer In,434.99,POS,126424.97
T0007871,A00206,C0169,2026-06-09,Deposit,14301.01,ATM,87036.58
T0012045,A00325,C0260,2025-12-15,Purchase,4705.8,USSD,38848.49
T0011343,A00305,C0244,2025-12-18,Deposit,2322.54,ATM,82852.43
T0014041,A00375,C0299,2025-12-22,Deposit,12223.47,App,102657.67
T0010117,A00272,C0221,2026-06-30,Salary Credit,6572.54,Branch,3086.42
T0008393,A00222,C0181,2026-03-20,Deposit,9035.52,Branch,55190.31
T0010264,A00275,C0224,2025-09-01,Airtime,6938.41,USSD,55062.65
T0011382,A00306,C0245,2026-03-13,Withdrawal,2097.01,POS,31693.55
T0013491,A00363,C0290,2026-06-22,Withdrawal,1995.48,POS,53192.35
T0013922,A00373,C0298,2026-06-28,Transfer Out,7427.51,ATM,63225.15
T0012234,A00330,C0264,2026-05-16,Transfer Out,3174.24,ATM,38128.87
T0002494,A00069,C0056,2025-07-21,Transfer Out,4816.94,USSD,60268.14
T0002268,A00063,C0052,2026-03-09,Withdrawal,2585.69,EFT,24027.76
T0011056,A00297,C0239,2026-01-23,Bill Payment,5474.39,EFT,48753.89
T0001824,A00052,C0044,2026-01-06,Salary Credit,9546.43,POS,89443.24
T0011350,A00305,C0244,2026-01-23,Transfer In,17448.85,ATM,102308.28
T0011068,A00297,C0239,2025-11-03,Airtime,2106.91,USSD,52271.3
T0008229,A00217,C0178,2026-03-12,Deposit,13320.59,EFT,79919.61
T0010142,A00272,C0221,2025-12-06,Bill Payment,7413.28,App,105555.35
T0005567,A00148,C0122,2026-04-01,Purchase,3053.94,App,73301.07
T0007411,A00195,C0160,2026-06-07,Deposit,22245.32,POS,75403.22
T0005387,A00144,C0119,2025-07-28,Withdrawal,4427.44,Branch,20246.23
T0002433,A00068,C0056,2025-07-15,Salary Credit,15123.86,POS,26898.08
T0002754,A00076,C0062,2025-08-07,Withdrawal,5454.07,EFT,-15099.32
T0002006,A00057,C0047,2025-10-07,Transfer Out,7959.45,POS,24117.49
T0003421,A00096,C0081,2025-12-19,Transfer In,9076.27,Branch,39649.96
T0007484,A00196,C0161,2026-03-11,Deposit,16260.33,EFT,283850.43
T0002852,A00079,C0065,2025-07-22,Transfer In,21883.24,ATM,66660.86
T0005084,A00135,C0112,2026-06-27,Withdrawal,7180.09,Branch,10225.02
T0012335,A00332,C0266,2026-04-22,Transfer In,13444.26,Branch,107914.27
T0002854,A00080,C0066,2026-01-14,Purchase,5485.57,USSD,8270.16
T0000598,A00018,C0016,2026-04-19,Withdrawal,3879.63,USSD,65594.17
T0000217,A00008,C0008,2026-04-22,Purchase,3926.83,App,63301.53
T0003806,A00104,C0086,2025-10-18,Bill Payment,2286.04,App,117654.93
T0011372,A00305,C0244,2025-07-17,Airtime,1413.96,EFT,124393.74
T0011101,A00298,C0240,2025-11-12,Transfer In,8206.84,Branch,41294.34
T0006511,A00174,C0144,2025-10-22,Airtime,7215.07,EFT,61586.9
T0000676,A00020,C0018,2025-07-06,Salary Credit,11405.47,POS,77370.07
T0007215,A00190,C0156,2026-04-10,Bill Payment,5298.88,ATM,54329.9
T0011907,A00321,C0256,2025-07-31,Purchase,,POS,32233.65
T0003237,A00089,C0074,2026-04-17,Transfer In,24586.8,POS,45254.56
T0013453,A00361,C0289,2026-02-07,Salary Credit,,App,167082.53
T0009873,A00264,C0216,2025-11-21,Bill Payment,838.31,Branch,75445.68
T0010075,A00270,C0220,2026-04-19,Withdrawal,2858.19,POS,38196.94
T0003100,A00085,C0070,2026-05-17,Deposit,18901.89,App,144526.24
T0011109,A00298,C0240,2026-06-08,Transfer Out,1586.75,App,62702.99
T0012243,A00330,C0264,2025-08-12,Transfer In,16257.98,USSD,92774.53
T0001878,A00053,C0045,2026-06-01,Salary Credit,9476.86,ATM,98262.3
T0003269,A00091,C0076,2025-12-19,Airtime,7772.69,EFT,50049.49
T0012445,A00336,C0268,2025-11-08,Salary Credit,12898.81,Branch,63351.06
T0004748,A00127,C0105,2025-12-05,Bill Payment,5011.28,EFT,51122.49
T0004473,A00122,C0101,2025-12-13,Deposit,5041.46,EFT,3593.58
T0004965,A00132,C0109,2025-10-12,Transfer Out,2004.88,Branch,113758.4
T0002163,A00060,C0050,2025-12-13,Deposit,14344.96,Branch,43627.06
T0011783,A00316,C0254,2025-08-12,Salary Credit,17194.37,Branch,68239.94
T0004976,A00132,C0109,2026-02-17,Salary Credit,124.37,Branch,186118.3
T0007512,A00197,C0161,2026-01-11,Airtime,3555.37,POS,50801.28
T0007999,A00209,C0172,2025-08-23,Purchase,6953.22,USSD,179898.37
T0013181,A00355,C0284,2026-02-14,Withdrawal,6199.81,Branch,79052.4
T0007603,A00199,C0163,2025-12-08,Bill Payment,5006.7,ATM,169718.58
T0011543,A00311,C0250,2025-08-22,Bill Payment,3967.44,App,4163.01
T0002061,A00058,C0048,2026-05-26,Purchase,4705.34,POS,58033.72
T0003940,A00108,C0090,2026-04-28,Salary Credit,19072.0,App,9434.62
T0006724,A00179,C0148,2025-07-04,Withdrawal,1746.86,Branch,-30053.29
T0014015,A00375,C0299,2025-12-29,Airtime,4340.83,POS,42776.49
T0010735,A00288,C0232,2025-09-18,Deposit,9614.89,USSD,89344.29
T0008476,A00224,C0183,2026-02-05,Bill Payment,6896.96,USSD,-364.29
T0003961,A00108,C0090,2026-06-15,Airtime,549.02,App,59952.52
T0008486,A00224,C0183,2026-03-13,Transfer In,4030.36,EFT,-9819.38
T0001280,A00038,C0033,2026-05-06,Salary Credit,23612.2,ATM,269120.4
T0004856,A00130,C0107,2025-08-03,Salary Credit,13073.92,Branch,77144.43
T0013962,A00374,C0298,2025-10-21,Transfer Out,6703.77,ATM,109025.17
T0003297,A00091,C0076,2026-01-28,Airtime,1069.41,EFT,77405.74
T0008196,A00216,C0177,2026-03-29,Deposit,17447.34,USSD,32788.6
T0013457,A00361,C0289,2026-05-21,Withdrawal,6455.74,App,157027.62
T0004517,A00122,C0101,2025-10-20,Withdrawal,4549.54,Branch,138172.06
T0005264,A00140,C0116,2026-06-16,Airtime,4805.61,POS,27572.88
T0001057,A00033,C0030,2026-04-20,Purchase,5720.52,ATM,42066.79
T0002870,A00080,C0066,2025-11-05,Purchase,2656.22,App,25243.78
T0002469,A00068,C0056,2026-04-05,Deposit,13037.26,Branch,266961.04
T0012127,A00327,C0262,2025-08-16,Airtime,1854.04,POS,48809.73
T0010184,A00273,C0222,2026-02-24,Transfer In,15926.74,EFT,76315.92
T0012195,A00329,C0264,2026-01-31,Airtime,575.11,Branch,46998.31
T0000480,A00014,C0014,2026-05-17,Deposit,1588.4,USSD,162028.84
T0011461,A00308,C0247,2026-05-01,Transfer Out,5438.77,App,114342.99
T0000770,A00023,C0021,2025-08-20,Salary Credit,12432.6,App,116614.73
T0003242,A00090,C0075,2025-11-29,Transfer In,9379.52,Branch,40818.13
T0013072,A00352,C0282,2025-10-04,Salary Credit,13777.29,EFT,3734.76
T0006455,A00172,C0142,2026-03-08,Withdrawal,6072.79,EFT,29715.56
T0008290,A00218,C0179,2025-12-10,Salary Credit,5588.0,App,53721.73
T0003053,A00085,C0070,2026-02-10,Transfer In,5028.99,USSD,16111.86
T0003336,A00092,C0077,2025-08-02,Withdrawal,4351.23,App,141974.3
T0012380,A00333,C0266,2025-08-31,Transfer Out,1150.9,USSD,94119.67
T0000404,A00013,C0013,2025-11-02,Airtime,7690.69,EFT,19975.12
T0005859,A00155,C0129,2026-02-01,Deposit,22548.27,USSD,201500.96
T0004633,A00124,C0103,2026-03-12,Transfer Out,,USSD,181648.31
T0007939,A00208,C0171,2026-04-06,Transfer Out,3050.23,ATM,58229.26
T0004950,A00131,C0108,2025-07-31,Bill Payment,4576.74,EFT,122006.79
T0009251,A00245,C0200,2025-12-07,Airtime,1372.39,ATM,61507.65
T0004428,A00120,C0099,2026-05-26,Airtime,5786.12,POS,21101.18
T0006438,A00172,C0142,2026-06-28,Transfer Out,6548.93,App,33917.45
T0000358,A00012,C0012,2025-07-04,Purchase,3530.39,POS,-13776.8
T0005346,A00143,C0118,2025-09-23,Salary Credit,15917.8,ATM,17355.2
T0012795,A00346,C0278,2025-11-26,Bill Payment,890.89,Branch,17782.47
T0003038,A00084,C0069,2026-05-23,Bill Payment,7395.93,App,89795.49
T0000687,A00021,C0019,2026-03-11,Bill Payment,6167.53,EFT,23911.74
T0014130,A00377,C0300,2026-01-23,Withdrawal,6997.61,App,25735.9
T0005985,A00159,C0132,2026-01-17,Airtime,,Branch,58527.13
T0013920,A00373,C0298,2025-09-08,Salary Credit,10216.42,POS,50478.24
T0001238,A00038,C0033,2025-09-24,Deposit,10450.43,Branch,40086.04
T0004151,A00114,C0094,2026-01-29,Transfer In,7686.53,USSD,36190.87
T0002906,A00081,C0066,2026-02-18,Transfer In,2320.75,Branch,57275.17
T0010093,A00270,C0220,2026-04-21,Purchase,2621.55,EFT,73670.3
T0013999,A00375,C0299,2026-04-12,Transfer In,18394.94,EFT,57716.3
T0002295,A00063,C0052,2026-04-18,Deposit,23719.88,Branch,172376.88
T0009945,A00265,C0217,2026-01-28,Transfer Out,6917.16,Branch,45803.52
T0009651,A00258,C0210,2025-11-22,Transfer In,11677.81,USSD,33371.36
T0013969,A00374,C0298,2025-10-17,Transfer In,-20816.36,Branch,126419.11
T0012031,A00324,C0259,2026-04-09,Deposit,3364.49,App,71743.2
T0000954,A00030,C0028,2026-06-20,Bill Payment,5501.08,USSD,88242.09
T0006684,A00178,C0147,2025-09-11,Salary Credit,4032.24,POS,59204.31
T0000414,A00013,C0013,2026-06-12,Salary Credit,15384.29,POS,52971.78
T0000047,A00002,C0002,2025-09-23,Deposit,9968.91,USSD,71158.34
T0004663,A00125,C0104,2025-07-13,Transfer Out,836.57,USSD,57867.26
T0007693,A00201,C0165,2026-02-07,Deposit,15905.62,ATM,64718.11
T0001865,A00053,C0045,2025-08-02,Deposit,13014.36,ATM,99935.69
T0010211,A00274,C0223,2026-01-20,Transfer Out,1185.37,USSD,47443.35
T0008883,A00234,C0190,2025-09-19,Bill Payment,4895.35,App,66962.63
T0011993,A00323,C0258,2026-06-18,Bill Payment,2251.45,POS,52472.3
T0005180,A00137,C0113,2026-02-18,Airtime,1357.92,Branch,13221.76
T0007554,A00198,C0162,2026-04-07,Deposit,3092.94,EFT,117538.89
T0001708,A00049,C0042,2025-11-01,Purchase,4101.89,ATM,121219.02
T0012642,A00342,C0274,2026-06-21,Airtime,3442.82,EFT,32648.86
T0008097,A00212,C0173,2025-09-18,Airtime,6696.73,USSD,56409.03
T0009391,A00249,C0202,2025-08-12,Bill Payment,,EFT,45807.79
T0011884,A00319,C0255,2026-03-26,Salary Credit,14016.74,Branch,135243.32
T0010439,A00280,C0227,2025-10-24,Transfer Out,7611.46,EFT,50866.83
T0011526,A00310,C0249,2025-09-06,Airtime,7814.16,ATM,57329.26
T0003775,A00103,C0085,2026-02-11,Withdrawal,1751.92,USSD,109328.91
T0007918,A00207,C0170,2025-08-15,Transfer In,,Branch,250191.66
T0010150,A00273,C0222,2026-05-11,Deposit,8033.91,App,52114.35
T0005251,A00139,C0115,2025-10-22,Purchase,5266.91,App,59312.8
T0011213,A00301,C0242,2026-01-04,Transfer Out,4280.03,App,85352.64
T0004616,A00124,C0103,2026-04-29,Withdrawal,1659.16,App,166536.17
T0003711,A00102,C0084,2025-09-24,Deposit,182.78,ATM,62905.68
T0007313,A00192,C0157,2026-02-18,Transfer In,21347.46,EFT,116675.6
T0002592,A00071,C0057,2025-07-09,Transfer In,10944.88,ATM,53898.02
T0013428,A00361,C0289,2026-02-27,Salary Credit,16681.87,POS,85661.12
T0004347,A00119,C0098,2026-05-15,Withdrawal,1629.88,App,66999.59
T0003829,A00105,C0087,2026-04-25,Deposit,348.41,POS,41828.73
T0001651,A00048,C0041,2025-10-24,Bill Payment,3147.43,USSD,69210.91
T0007609,A00199,C0163,2026-01-31,Salary Credit,23332.81,ATM,221614.33
T0011426,A00306,C0245,2025-11-13,Transfer Out,3656.44,ATM,26188.59
T0006294,A00168,C0139,2025-08-13,Airtime,1578.1,Branch,77323.16
T0006384,A00171,C0141,2026-04-13,Bill Payment,593.78,Branch,28058.11
T0003824,A00105,C0087,2026-02-06,Withdrawal,5506.59,EFT,33314.19
T0013571,A00364,C0291,2025-10-07,Purchase,208.55,USSD,157572.04
T0009095,A00241,C0196,2025-11-12,Transfer In,6925.38,EFT,11597.79
T0007624,A00200,C0164,2026-02-02,Transfer Out,7752.55,POS,50999.19
T0011339,A00305,C0244,2025-11-15,Airtime,3288.09,Branch,69796.99
T0011353,A00305,C0244,2026-03-07,Transfer In,8260.78,POS,121969.67
T0010988,A00296,C0238,2026-06-16,Transfer In,5657.76,ATM,134861.4
T0003173,A00087,C0072,2026-01-19,Transfer In,10589.1,USSD,12759.38
T0012685,A00343,C0275,2025-07-02,Withdrawal,6719.85,USSD,11533.08
T0005895,A00156,C0130,2025-08-11,Deposit,24744.96,EFT,152876.69
T0011008,A00296,C0238,2025-11-05,Transfer In,21040.14,App,209747.61
T0001347,A00040,C0035,2026-01-12,Transfer Out,5066.02,App,97981.54
T0004697,A00126,C0104,2026-05-06,Bill Payment,3150.63,USSD,77694.38
T0005503,A00146,C0121,2025-09-24,Bill Payment,3067.91,USSD,215081.95
T0009014,A00238,C0193,2025-07-10,Salary Credit,18866.75,EFT,109570.71
T0001433,A00042,C0036,2026-05-05,Withdrawal,347.49,USSD,26712.03
T0007852,A00206,C0169,2026-03-27,Airtime,4201.3,POS,59407.67
T0007278,A00191,C0156,2025-08-23,Deposit,21923.58,Branch,79609.26
T0011270,A00302,C0242,2026-02-21,Airtime,1562.75,POS,54697.98
T0010530,A00282,C0228,2026-01-25,Purchase,7051.39,POS,5047.85
T0012310,A00331,C0265,2026-05-06,Purchase,1293.69,ATM,77655.09
T0001549,A00045,C0038,2025-10-10,Withdrawal,5787.33,ATM,31020.2
T0007653,A00200,C0164,2026-06-05,Purchase,3155.11,Branch,155222.67
T0009612,A00256,C0208,2025-09-08,Transfer In,16669.49,App,129800.42
T0011032,A00297,C0239,2026-02-11,Purchase,7487.54,EFT,15547.82
T0013587,A00365,C0292,2025-08-06,Withdrawal,5297.69,Branch,51785.3
T0009808,A00262,C0214,2026-06-15,Deposit,22927.33,ATM,75273.84
T0010619,A00285,C0230,2026-06-26,Withdrawal,2844.98,ATM,36671.31
T0013832,A00371,C0296,2025-07-14,Salary Credit,5802.22,App,69755.71
T0013375,A00360,C0288,2026-01-29,Withdrawal,,USSD,45176.03
T0011555,A00311,C0250,2026-06-14,Deposit,11378.03,ATM,33622.32
T0000987,A00031,C0029,2026-05-11,Purchase,3484.17,App,117935.14
T0000316,A00010,C0010,2025-12-17,Deposit,2279.27,Branch,103195.94
T0004552,A00123,C0102,2026-01-10,Purchase,5247.02,USSD,89084.04
T0010653,A00286,C0231,2025-08-06,Purchase,1390.64,EFT,40174.5
T0001601,A00046,C0039,2025-12-07,Purchase,6356.91,EFT,71397.96
T0005675,A00151,C0125,2026-01-18,Transfer Out,3217.14,POS,131085.48
T0012379,A00333,C0266,2025-07-28,Transfer Out,1855.29,EFT,95270.57
T0013649,A00366,C0293,2025-10-25,Airtime,1283.92,USSD,56055.08
T0012166,A00328,C0263,2025-12-04,Deposit,23171.29,EFT,138324.93
T0009910,A00265,C0217,2026-05-11,Airtime,1899.74,App,80572.01
T0011006,A00296,C0238,2025-09-29,Transfer In,4104.91,Branch,187463.71
T0009355,A00248,C0202,2025-07-08,Bill Payment,3570.08,USSD,82858.73
T0006409,A00171,C0141,2026-06-18,Bill Payment,-6039.51,POS,68919.48
T0005042,A00134,C0111,2025-08-22,Bill Payment,4781.53,ATM,52749.04
T0000050,A00002,C0002,2026-06-14,Salary Credit,331.24,App,68279.48
T0005854,A00155,C0129,2026-03-19,Transfer In,16343.96,Branch,139895.91
T0002826,A00078,C0064,2026-06-18,Airtime,319.58,App,126039.38
T0008010,A00209,C0172,2026-05-13,Deposit,15109.02,App,220656.13
T0009637,A00257,C0209,2026-02-21,Withdrawal,2997.55,POS,3478.5
T0011212,A00301,C0242,2026-04-23,Deposit,22323.39,Branch,89632.67
T0013487,A00363,C0290,2025-08-07,Purchase,6590.82,Branch,49107.75
T0007436,A00196,C0161,2025-07-26,Airtime,4149.52,POS,20759.47
T0012168,A00329,C0264,2025-09-15,Salary Credit,6382.06,Branch,4936.52
T0007226,A00190,C0156,2025-08-13,Withdrawal,859.92,POS,59334.68
T0009798,A00262,C0214,2026-05-13,Withdrawal,7533.53,EFT,32747.6
T0011750,A00315,C0253,2025-08-06,Salary Credit,13595.97,USSD,171247.29
T0006297,A00168,C0139,2025-12-11,Deposit,3455.29,USSD,71188.53
T0008939,A00235,C0190,2026-05-09,Withdrawal,7454.0,App,143434.45
T0000516,A00016,C0015,2026-06-25,Withdrawal,4769.94,USSD,5912.72
T0003064,A00085,C0070,2025-07-09,Withdrawal,1846.33,ATM,26300.63
T0006109,A00164,C0136,2025-07-07,Withdrawal,3330.95,USSD,24429.71
T0013578,A00364,C0291,2026-02-17,Airtime,7633.85,App,151044.61
T0003802,A00104,C0086,2026-04-13,Withdrawal,6314.91,Branch,124007.88
T0012113,A00326,C0261,2026-02-13,Withdrawal,1703.4,ATM,137613.81
T0000819,A00025,C0023,2026-01-29,Purchase,6687.38,ATM,101944.28
T0003050,A00085,C0070,2025-08-28,Withdrawal,945.15,App,17226.37
T0007787,A00203,C0166,2025-10-26,Airtime,3132.58,ATM,160000.68
T0006350,A00169,C0140,2026-04-09,Bill Payment,5022.65,POS,42419.87
T0003293,A00091,C0076,2026-02-06,Airtime,,EFT,80705.9
T0001753,A00050,C0042,2026-03-04,Deposit,9739.41,ATM,66793.27
T0012628,A00342,C0274,2025-11-14,Bill Payment,1154.11,Branch,55412.39
T0001317,A00040,C0035,2025-09-08,Salary Credit,2352.0,ATM,76317.07
T0011521,A00310,C0249,2025-08-08,Salary Credit,7864.1,EFT,52457.17
T0008338,A00220,C0180,2025-10-24,Salary Credit,9846.7,USSD,3793.79
T0003321,A00092,C0077,2026-05-21,Deposit,10212.46,ATM,106391.27
T0000677,A00020,C0018,2025-12-17,Bill Payment,2836.26,Branch,74533.81
T0008413,A00222,C0181,2025-10-10,Deposit,7101.66,ATM,144608.02
T0000432,A00013,C0013,2025-12-19,Transfer Out,2900.48,Branch,38829.49
T0011509,A00310,C0249,2025-10-07,Bill Payment,6152.84,POS,-429.31
T0004891,A00130,C0107,2026-03-27,Bill Payment,334.23,Branch,207923.95
T0012430,A00335,C0268,2026-01-06,Transfer Out,472.61,POS,14246.97
T0009892,A00264,C0216,2026-05-19,Deposit,23932.22,EFT,166536.09
T0013756,A00370,C0296,2025-07-26,Withdrawal,6651.1,ATM,44016.08
T0013045,A00351,C0281,2026-05-22,Airtime,6728.5,POS,-39818.4
T0000244,A00009,C0009,2025-09-26,Airtime,2873.07,POS,4778.95
T0002707,A00074,C0060,2026-04-25,Withdrawal,1867.52,POS,28330.3
T0006118,A00164,C0136,2025-10-31,Deposit,21425.23,POS,71942.0
T0000900,A00028,C0026,2026-03-29,Salary Credit,10734.94,App,70500.52
T0005834,A00155,C0129,2025-12-22,Airtime,427.42,ATM,69717.32
T0005334,A00142,C0117,2025-08-21,Deposit,2038.04,USSD,48670.34
T0006875,A00182,C0150,2026-05-18,Airtime,7009.64,POS,62419.15
T0003822,A00105,C0087,2026-05-27,Transfer In,4392.54,POS,37838.17
T0008540,A00226,C0184,2026-04-27,Transfer In,24546.83,EFT,70385.89
T0001425,A00042,C0036,2026-01-03,Transfer Out,7545.13,ATM,29318.66
T0001504,A00044,C0037,2025-10-17,Bill Payment,4959.97,ATM,86340.8
T0012489,A00337,C0269,2026-06-07,Airtime,4179.22,ATM,67622.51
T0008764,A00231,C0188,2026-01-31,Deposit,11048.29,App,57112.38
T0002393,A00067,C0055,2026-06-18,Transfer In,22762.64,USSD,56568.73
T0002263,A00063,C0052,2025-10-05,Bill Payment,351.89,EFT,46545.63
T0013349,A00359,C0288,2026-01-02,Deposit,1549.11,App,93848.15
T0005627,A00150,C0124,2026-04-27,Deposit,7811.97,POS,29847.83
T0013393,A00360,C0288,2025-08-25,Withdrawal,271.49,Branch,120084.37
T0006968,A00184,C0151,2026-03-12,Withdrawal,1145.05,EFT,17131.74
T0009264,A00245,C0200,2025-07-02,Salary Credit,15631.32,ATM,155438.06
T0013407,A00361,C0289,2026-01-01,Salary Credit,10713.0,ATM,28977.46
T0002628,A00072,C0058,2026-03-07,Salary Credit,23203.1,ATM,48360.42
T0012239,A00330,C0264,2026-01-08,Salary Credit,22281.76,Branch,52398.51
T0000765,A00023,C0021,2025-10-19,Salary Credit,20941.03,USSD,84698.53
T0012927,A00348,C0279,2026-03-16,Deposit,9122.31,EFT,98000.83
T0001715,A00049,C0042,2026-02-25,Salary Credit,6994.91,Branch,182634.57
T0002035,A00057,C0047,2025-09-24,Salary Credit,17140.64,App,71292.27
T0012502,A00338,C0270,2025-12-31,Bill Payment,2141.98,EFT,9387.81
T0011255,A00302,C0242,2025-07-22,Bill Payment,5884.74,App,38907.43
T0010482,A00280,C0227,2026-01-09,Bill Payment,6693.94,Branch,132967.74
T0012331,A00332,C0266,2025-10-01,Salary Credit,1431.75,Branch,76818.81
T0012372,A00333,C0266,2025-12-22,Transfer In,4130.96,ATM,93927.56
T0007802,A00204,C0167,2026-02-14,Salary Credit,21766.16,USSD,52394.29
T0002545,A00069,C0056,2025-07-22,Withdrawal,2233.3,Branch,257425.9
T0012531,A00338,C0270,2026-04-14,Bill Payment,3085.95,POS,-775.32
T0007883,A00207,C0170,2026-01-24,Airtime,1198.78,Branch,118171.35
T0007817,A00205,C0168,2025-09-08,Withdrawal,4219.88,USSD,90034.13
T0004811,A00129,C0106,2026-02-27,Purchase,7090.29,USSD,22863.46
T0007456,A00196,C0161,2025-11-04,Salary Credit,17016.6,EFT,142075.68
T0008346,A00220,C0180,2025-09-06,Withdrawal,4840.82,ATM,36278.76
T0013915,A00373,C0298,2025-08-05,Withdrawal,6674.7,USSD,16848.89
T0010291,A00276,C0224,2025-12-18,Deposit,2523.44,App,36056.41
T0004476,A00122,C0101,2026-02-16,Salary Credit,13489.4,ATM,6098.89
T0009907,A00265,C0217,2026-05-15,Withdrawal,,App,70243.95
T0001312,A00040,C0035,2026-06-10,Salary Credit,4284.52,App,52097.85
T0010471,A00280,C0227,2026-05-31,Bill Payment,445.94,POS,108405.41
T0000767,A00023,C0021,2026-04-29,Purchase,7311.76,EFT,83657.77
T0001508,A00045,C0038,2026-01-02,Airtime,243.83,POS,-10568.51
T0007334,A00193,C0158,2026-01-13,Airtime,5007.03,USSD,20036.09
T0002283,A00063,C0052,2026-01-26,Deposit,10455.6,Branch,115290.88
T0001744,A00050,C0042,2025-07-16,Deposit,8517.33,Branch,56605.67
T0010916,A00295,C0237,2025-07-15,Deposit,9552.09,App,27978.47
T0004414,A00120,C0099,2026-04-20,Airtime,3996.16,ATM,46093.42
T0000409,A00013,C0013,2025-08-08,Purchase,3822.91,POS,40304.48
T0002685,A00073,C0059,2026-03-31,Salary Credit,12818.41,POS,64125.68
T0005876,A00156,C0130,2026-01-22,Bill Payment,2458.8,POS,71563.32
T0013405,A00361,C0289,2025-08-07,Withdrawal,4371.82,EFT,-6281.0
T0008663,A00229,C0186,2025-07-11,Withdrawal,693.17,ATM,-8069.04
T0000757,A00023,C0021,2025-10-11,Bill Payment,7133.09,POS,50766.69
T0011561,A00311,C0250,2025-07-07,Deposit,11528.74,ATM,60860.78
T0001784,A00051,C0043,2025-09-30,Salary Credit,11621.83,EFT,90797.59
T0000851,A00026,C0024,2025-10-14,Transfer In,4701.07,App,126196.44
T0011549,A00311,C0250,2025-07-25,Salary Credit,9153.1,EFT,11179.27
T0013813,A00371,C0296,2026-02-21,Transfer In,2518.65,ATM,49226.23
T0008048,A00211,C0173,2026-03-03,Withdrawal,453.49,USSD,61612.2
T0005867,A00156,C0130,2025-11-17,Bill Payment,2558.28,App,14765.22
T0012573,A00340,C0272,2025-10-21,Airtime,3722.57,EFT,15962.96
T0013634,A00366,C0293,2026-06-26,Withdrawal,3493.45,EFT,33778.01
T0011637,A00312,C0250,2025-08-04,Purchase,7650.54,App,122707.3
T0002139,A00060,C0050,2026-05-28,Airtime,382.05,ATM,7323.97
T0001095,A00034,C0030,2026-02-23,Bill Payment,-542.36,USSD,105072.12
T0009756,A00261,C0213,2025-08-06,Salary Credit,8325.69,EFT,24292.5
T0009917,A00265,C0217,2026-06-14,Withdrawal,7856.33,USSD,45574.85
T0010923,A00295,C0237,2026-04-28,Withdrawal,5489.76,App,7824.57
T0008349,A00220,C0180,2025-08-26,Airtime,1284.35,USSD,66321.23
T0001970,A00056,C0047,2025-12-02,Transfer Out,661.39,ATM,78310.82
T0006005,A00159,C0132,2025-12-13,Transfer In,17239.39,POS,117773.78
T0009213,A00244,C0199,2025-11-25,Withdrawal,4935.67,EFT,47738.34
T0007376,A00194,C0159,2025-07-03,Bill Payment,6309.17,App,25861.23
T0007320,A00192,C0157,2025-08-12,Transfer In,9194.06,App,134842.12
T0011554,A00311,C0250,2025-11-24,Airtime,7435.54,ATM,22244.29
T0003626,A00100,C0083,2025-12-08,Airtime,6211.99,USSD,5073.66
T0002026,A00057,C0047,2026-01-22,Bill Payment,2829.16,POS,65898.22
T0002799,A00078,C0064,2026-05-03,Deposit,169.61,ATM,57167.69
T0004905,A00131,C0108,2026-06-19,Withdrawal,6457.94,Branch,38252.08
T0013947,A00374,C0298,2025-12-08,Deposit,,ATM,26763.02
T0004279,A00117,C0097,2026-05-01,Bill Payment,278.14,USSD,109735.15
T0007417,A00195,C0160,2026-01-21,Salary Credit,12937.65,ATM,65889.29
T0007672,A00200,C0164,2025-12-19,Airtime,522.01,POS,185651.86
T0009654,A00258,C0210,2025-07-13,Purchase,3430.83,POS,48140.08
T0008441,A00223,C0182,2026-04-03,Bill Payment,7345.14,USSD,18525.52
T0008740,A00230,C0187,2026-05-03,Deposit,3597.07,App,95437.61
T0000737,A00022,C0020,2025-07-24,Purchase,2697.32,ATM,162871.22
T0013544,A00364,C0291,2026-03-28,Transfer In,7699.59,App,85747.73
T0014056,A00376,C0300,2025-10-27,Bill Payment,2513.21,POS,33027.05
T0013626,A00366,C0293,2025-09-11,Purchase,1837.0,ATM,40815.38
T0011316,A00304,C0244,2026-01-19,Transfer Out,2423.68,USSD,-25960.3
T0000792,A00024,C0022,2025-09-06,Salary Credit,8732.84,USSD,135451.57
T0004105,A00113,C0093,2025-11-22,Transfer In,17746.92,Branch,72899.53
T0012033,A00324,C0259,2025-11-28,Bill Payment,3476.33,EFT,61018.58
T0009640,A00257,C0209,2025-09-09,Withdrawal,3881.63,Branch,-8216.99
T0006916,A00183,C0151,2026-02-19,Transfer In,18312.08,EFT,66174.25
T0008623,A00228,C0185,2025-08-07,Transfer Out,2480.24,USSD,7258.07
T0008836,A00233,C0189,2025-08-19,Transfer In,21956.96,EFT,71923.64
T0008233,A00217,C0178,2026-02-14,Salary Credit,24152.72,App,119886.73
T0011892,A00320,C0256,2026-01-06,Salary Credit,22444.65,POS,59239.38
T0006267,A00167,C0138,2025-10-01,Bill Payment,6316.17,USSD,58773.13
T0005203,A00138,C0114,2026-01-22,Withdrawal,1589.2,USSD,93617.19
T0013175,A00355,C0284,2025-12-28,Bill Payment,4416.3,POS,88144.19
T0009827,A00263,C0215,2026-02-08,Withdrawal,6297.8,USSD,2976.6
T0009863,A00263,C0215,2026-06-26,Withdrawal,2121.2,Branch,44665.74
T0001722,A00049,C0042,2025-12-26,Bill Payment,-559.21,USSD,169618.85
T0012144,A00328,C0263,2025-07-21,Transfer In,15907.12,Branch,85123.96
T0005238,A00138,C0114,2026-03-09,Salary Credit,18227.33,EFT,124395.31
T0010632,A00285,C0230,2025-12-18,Transfer In,5147.24,App,81948.84
T0001568,A00046,C0039,2025-12-27,Salary Credit,10382.08,USSD,44721.3
T0007877,A00207,C0170,2025-11-04,Bill Payment,6767.44,POS,43423.32
T0013678,A00367,C0293,2025-07-23,Airtime,2695.2,USSD,24739.13
T0009899,A00265,C0217,2026-03-03,Deposit,19281.84,USSD,37696.93
T0009862,A00263,C0215,2026-05-12,Transfer Out,7300.73,POS,46786.94
T0008143,A00215,C0176,2025-07-04,Transfer In,11214.69,POS,62951.0
T0011795,A00316,C0254,2025-09-16,Airtime,2091.25,POS,80989.56
T0001654,A00048,C0041,2025-08-18,Purchase,4035.86,EFT,55550.87
T0004833,A00129,C0106,2026-06-25,Withdrawal,369.97,ATM,113491.04
T0009017,A00238,C0193,2026-05-24,Salary Credit,8981.36,Branch,135928.13
T0000042,A00001,C0001,2026-06-15,Deposit,1243.98,EFT,86779.48
T0012275,A00331,C0265,2025-07-01,Bill Payment,7996.57,EFT,15611.67
T0013640,A00366,C0293,2026-02-03,Transfer Out,6282.75,EFT,43232.98
T0003284,A00091,C0076,2025-07-03,Deposit,2315.09,POS,97891.7
T0009302,A00247,C0201,2026-01-14,Purchase,-3893.06,POS,36160.04
T0009991,A00267,C0218,2025-09-25,Transfer In,8917.54,ATM,50251.9
T0011707,A00314,C0252,2025-08-01,Airtime,3289.51,ATM,49906.84
T0011684,A00313,C0251,2026-05-15,Withdrawal,2775.49,POS,114113.25
T0000301,A00010,C0010,2025-12-13,Deposit,19364.16,USSD,54158.99
T0002270,A00063,C0052,2026-06-23,Deposit,13236.0,App,62071.72
T0008192,A00216,C0177,2026-01-14,Transfer In,7462.7,EFT,14515.43
T0000620,A00019,C0017,2026-03-17,Deposit,19995.73,ATM,63531.12
T0003396,A00095,C0080,2025-09-16,Withdrawal,6415.64,App,68290.02
T0012057,A00325,C0260,2026-01-23,Airtime,2102.65,USSD,32828.73
T0005584,A00148,C0122,2025-10-31,Salary Credit,17617.3,ATM,230599.81
T0011229,A00301,C0242,2025-09-14,Bill Payment,4147.34,App,83189.63
T0005015,A00134,C0111,2025-09-29,Salary Credit,10664.15,App,27814.64
T0003606,A00100,C0083,2026-04-17,Purchase,159.94,EFT,8576.0
T0011648,A00312,C0250,2025-10-05,Airtime,679.32,USSD,103460.62
T0000020,A00001,C0001,2026-02-13,Salary Credit,4264.61,ATM,91636.63
T0003159,A00086,C0071,2026-03-05,Withdrawal,6183.75,Branch,102848.93
T0013716,A00369,C0295,2026-05-09,Withdrawal,3583.9,App,29165.6
T0011321,A00304,C0244,2025-11-22,Bill Payment,939.8,ATM,-9103.88
T0006504,A00174,C0144,2025-11-23,Withdrawal,1027.0,ATM,35062.83
T0011335,A00305,C0244,2025-09-07,Salary Credit,24232.7,USSD,58611.92
T0011459,A00308,C0247,2025-10-03,Transfer In,13400.74,USSD,126036.76
T0008860,A00233,C0189,2025-07-20,Transfer In,18956.31,POS,93258.4
T0007572,A00199,C0163,2026-04-17,Withdrawal,5540.68,EFT,61924.71
T0011984,A00323,C0258,2025-07-28,Salary Credit,1595.14,POS,6785.25
T0009368,A00249,C0202,2026-05-28,Transfer Out,2580.63,ATM,37117.47
T0008560,A00226,C0184,2026-06-12,Salary Credit,7999.76,USSD,65376.97
T0009766,A00261,C0213,2025-10-04,Purchase,3886.61,POS,72898.77
T0006284,A00168,C0139,2025-11-09,Deposit,20130.61,ATM,58676.98
T0006859,A00182,C0150,2026-06-09,Purchase,1659.93,Branch,75280.92
T0001458,A00043,C0037,2026-02-08,Airtime,1203.71,EFT,74067.79
T0002339,A00065,C0054,2025-09-29,Purchase,4999.77,ATM,12625.0
T0001576,A00046,C0039,2025-09-27,Bill Payment,7235.29,EFT,52765.93
T0000206,A00008,C0008,2026-04-12,Purchase,2364.4,USSD,67413.07
T0002422,A00067,C0055,2025-10-25,Transfer In,1507.2,App,163352.2
T0002070,A00058,C0048,2026-03-25,Transfer In,6192.84,ATM,66294.62
T0006042,A00161,C0133,2025-10-20,Withdrawal,4954.68,EFT,900.52
T0003751,A00103,C0085,2026-03-24,Purchase,7564.67,POS,42900.24
T0006905,A00183,C0151,2025-10-15,Bill Payment,6902.73,EFT,25767.05
T0007396,A00194,C0159,2025-11-20,Deposit,20831.81,ATM,107212.55
T0008635,A00228,C0185,2026-03-17,Transfer In,4610.63,POS,-19910.0
T0013281,A00357,C0286,2025-07-20,Bill Payment,3360.87,Branch,127893.11
T0002962,A00082,C0067,2026-03-05,Purchase,7313.35,ATM,84329.87
T0001052,A00033,C0030,2026-04-03,Transfer Out,1945.89,USSD,50421.23
T0004809,A00129,C0106,2025-12-01,Bill Payment,869.83,POS,6413.47
T0007145,A00188,C0154,2025-10-02,Airtime,4843.07,ATM,111027.63
T0000542,A00017,C0016,2026-01-14,Transfer In,24496.84,USSD,54813.47
T0013908,A00373,C0298,2025-10-20,Withdrawal,4772.78,USSD,7208.38
T0010403,A00279,C0226,2026-03-28,Bill Payment,2197.23,USSD,36789.41
T0012852,A00347,C0279,2025-07-02,Bill Payment,7978.95,Branch,129352.87
T0008040,A00211,C0173,2026-02-24,Transfer Out,388.69,POS,17649.47
T0006188,A00166,C0138,2026-05-05,Salary Credit,15378.87,USSD,67410.06
T0006957,A00184,C0151,2026-05-25,Purchase,7827.13,App,16069.66
T0013184,A00355,C0284,2026-05-10,Salary Credit,19186.31,USSD,93254.67
T0000615,A00019,C0017,2026-05-17,Purchase,4576.43,POS,32173.88
T0008434,A00223,C0182,2026-02-02,Withdrawal,5427.37,ATM,-1713.77
T0001881,A00053,C0045,2026-01-18,Airtime,6106.35,EFT,97900.79
T0004674,A00126,C0104,2026-06-23,Deposit,13663.81,POS,69445.78
T0009626,A00257,C0209,2025-12-20,Airtime,5012.65,EFT,-714.94
T0005632,A00150,C0124,2026-02-20,Airtime,5297.91,Branch,26745.83
T0006332,A00169,C0140,2025-10-04,Salary Credit,4055.06,EFT,49354.83
T0004451,A00121,C0100,2026-03-03,Bill Payment,652.6,EFT,164563.86
T0014124,A00377,C0300,2026-06-30,Bill Payment,7798.81,App,42751.83
T0011775,A00316,C0254,2026-02-28,Transfer In,18863.17,USSD,53850.81
T0008173,A00216,C0177,2026-06-04,Deposit,8448.69,EFT,-114.46
T0004617,A00124,C0103,2025-08-10,Airtime,6301.89,USSD,160234.28
T0000768,A00023,C0021,2025-07-23,Deposit,24782.71,POS,108440.48
T0009880,A00264,C0216,2025-09-03,Transfer In,12091.43,POS,122439.05
T0010325,A00277,C0225,2026-02-11,Salary Credit,11408.25,App,157993.55
T0012042,A00325,C0260,2025-11-12,Deposit,17009.28,EFT,48125.69
T0007598,A00199,C0163,2026-04-21,Salary Credit,23650.62,EFT,175748.56
T0003668,A00102,C0084,2026-06-09,Bill Payment,,EFT,12535.11
T0009459,A00251,C0204,2026-04-08,Bill Payment,1565.24,ATM,51433.49
T0013573,A00364,C0291,2025-10-25,Purchase,6803.08,App,150493.03
T0010279,A00276,C0224,2025-09-14,Bill Payment,673.39,POS,4207.2
T0005430,A00144,C0119,2026-04-07,Salary Credit,940.87,EFT,165434.6
T0007084,A00187,C0154,2025-07-23,Deposit,22497.86,ATM,48504.25
T0001243,A00038,C0033,2026-05-29,Airtime,370.63,EFT,69188.83
T0003074,A00085,C0070,2026-06-16,Deposit,5623.74,Branch,79359.7
T0002316,A00064,C0053,2025-10-14,Transfer In,5502.29,ATM,103804.45
T0003358,A00093,C0078,2025-12-19,Salary Credit,8149.61,ATM,1240.89
T0006212,A00166,C0138,2025-07-18,Deposit,7628.86,EFT,82248.49
T0002459,A00068,C0056,2026-02-27,Purchase,2998.67,USSD,248411.91
T0003960,A00108,C0090,2026-01-20,Salary Credit,596.09,USSD,60501.54
T0012128,A00327,C0262,2025-10-21,Transfer In,5150.71,EFT,53960.44
T0009909,A00265,C0217,2026-03-03,Purchase,4179.12,ATM,82471.75
T0007549,A00198,C0162,2025-12-10,Airtime,2058.63,ATM,100258.51
T0004145,A00114,C0094,2025-11-03,Transfer In,773.54,EFT,28448.8
T0013124,A00354,C0283,2025-12-16,Withdrawal,3437.07,USSD,43377.61
T0009616,A00256,C0208,2026-06-20,Salary Credit,1625.02,App,122639.93
T0011260,A00302,C0242,2026-03-16,Withdrawal,6706.2,EFT,25559.89
T0007785,A00203,C0166,2025-11-17,Salary Credit,3873.87,USSD,160052.56
T0002468,A00068,C0056,2026-01-19,Withdrawal,6591.08,POS,253923.78
T0001896,A00054,C0045,2026-06-12,Transfer Out,4189.39,Branch,67430.95
T0014034,A00375,C0299,2025-12-26,Transfer Out,4547.77,Branch,60484.91
T0003702,A00102,C0084,2025-12-13,Airtime,4898.03,EFT,54638.12
T0003530,A00098,C0082,2025-11-19,Salary Credit,7198.71,Branch,97908.78
T0012322,A00332,C0266,2025-10-09,Purchase,7861.74,App,102385.45
T0005614,A00149,C0123,2025-08-09,Transfer Out,2948.59,App,86284.43
T0013631,A00366,C0293,2026-05-20,Purchase,2870.16,Branch,21185.68
T0008225,A00217,C0178,2026-02-07,Bill Payment,5559.72,App,75106.65
T0000791,A00024,C0022,2025-10-13,Deposit,7399.92,POS,126718.73
T0000561,A00018,C0016,2025-10-27,Transfer In,17215.71,USSD,42678.47
T0003327,A00092,C0077,2026-04-28,Transfer Out,3532.43,Branch,79276.28
T0004377,A00119,C0098,2026-03-29,Transfer Out,7513.59,USSD,236017.29
T0006424,A00171,C0141,2025-11-21,Deposit,19344.02,App,113025.15
T0005372,A00143,C0118,2025-07-06,Transfer In,140.32,EFT,-57981.57
T0000108,A00003,C0003,2026-01-24,Salary Credit,13943.25,App,188838.86
T0011286,A00302,C0242,2026-06-20,Transfer Out,994.69,EFT,53086.26
T0012568,A00339,C0271,2026-04-13,Airtime,951.52,EFT,-4571.72
T0002679,A00073,C0059,2025-11-10,Purchase,5266.51,EFT,81159.55
T0001943,A00055,C0046,2026-05-23,Airtime,3693.59,ATM,34689.94
T0000106,A00003,C0003,2025-08-16,Transfer In,24213.16,App,176991.74
T0002765,A00076,C0062,2025-10-28,Deposit,18337.76,ATM,83178.47
T0011345,A00305,C0244,2025-07-28,Airtime,7010.45,POS,71354.43
T0003372,A00094,C0079,2025-07-26,Airtime,7339.0,USSD,5642.71
T0004360,A00119,C0098,2026-04-18,Deposit,21062.25,ATM,172906.27
T0006035,A00161,C0133,2025-07-26,Withdrawal,4635.6,Branch,12416.97
T0000428,A00013,C0013,2026-03-13,Purchase,7964.58,POS,41819.5
T0010481,A00280,C0227,2025-10-22,Airtime,440.03,Branch,139661.68
T0009346,A00248,C0202,2025-09-04,Withdrawal,917.51,Branch,80185.79
T0007272,A00191,C0156,2025-07-14,Purchase,4255.3,USSD,44616.55
T0000976,A00031,C0029,2026-06-03,Salary Credit,11405.98,POS,54676.13
T0010390,A00279,C0226,2026-01-04,Airtime,7761.46,EFT,46440.47
T0010490,A00281,C0228,2025-07-14,Purchase,3655.44,Branch,36758.54
T0008749,A00231,C0188,2026-04-12,Salary Credit,19636.14,ATM,20810.55
T0005883,A00156,C0130,2025-08-30,Salary Credit,129.25,USSD,61084.25
T0006524,A00174,C0144,2025-11-28,Transfer In,2078.5,Branch,107308.35
T0012587,A00340,C0272,2025-10-13,Deposit,17978.77,ATM,21937.87
T0010222,A00274,C0223,2026-03-30,Transfer Out,5259.99,POS,64360.38
T0004304,A00118,C0097,2026-05-06,Transfer Out,5554.02,ATM,44121.06
T0009610,A00256,C0208,2025-07-20,Transfer Out,4127.35,USSD,118926.33
T0002144,A00060,C0050,2026-06-08,Purchase,2933.24,ATM,4900.25
T0001932,A00054,C0045,2025-08-19,Transfer Out,7867.56,POS,132296.71
T0010744,A00289,C0233,2025-11-22,Transfer In,21187.98,App,41967.42
T0001862,A00053,C0045,2025-10-14,Withdrawal,7584.06,Branch,70458.97
T0012212,A00329,C0264,2025-09-22,Purchase,7576.25,App,79073.53
T0012834,A00347,C0279,2026-04-24,Transfer In,5289.72,Branch,80319.69
T0004814,A00129,C0106,2025-08-31,Transfer Out,1138.86,USSD,47439.94
T0003553,A00098,C0082,2025-10-27,Salary Credit,17883.72,USSD,183350.47
T0003786,A00104,C0086,2025-08-12,Bill Payment,6461.76,USSD,19508.27
T0000965,A00031,C0029,2026-02-11,Deposit,4804.11,ATM,32120.75
T0006422,A00171,C0141,2026-01-20,Airtime,7030.39,Branch,87679.25
T0010066,A00269,C0219,2026-06-14,Salary Credit,5701.8,ATM,141195.85
T0012940,A00349,C0280,2025-11-01,Bill Payment,3648.32,ATM,23573.62
T0012084,A00326,C0261,2025-08-17,Withdrawal,7195.42,Branch,94079.17
T0004213,A00116,C0096,2026-05-14,Purchase,108.42,App,64771.74
T0011198,A00300,C0241,2026-06-03,Transfer Out,5340.33,App,74612.42
T0005053,A00134,C0111,2025-10-24,Airtime,5564.86,ATM,84951.49
T0008331,A00220,C0180,2025-10-25,Salary Credit,16760.13,ATM,1893.74
T0009313,A00247,C0201,2025-07-12,Airtime,-1953.63,USSD,31699.64
T0004907,A00131,C0108,2025-11-08,Deposit,18036.99,EFT,49076.76
T0005986,A00159,C0132,2026-03-21,Transfer Out,5974.1,USSD,52553.03
T0004994,A00133,C0110,2026-01-29,Deposit,6015.22,USSD,44258.9
T0007853,A00206,C0169,2026-05-01,Airtime,7227.2,EFT,52180.47
T0004155,A00114,C0094,2025-07-31,Transfer Out,5190.34,USSD,47769.54
T0005499,A00146,C0121,2025-11-16,Deposit,16053.61,EFT,220155.83
T0011766,A00316,C0254,2025-10-22,Transfer Out,5340.35,Branch,8633.12
T0004439,A00121,C0100,2025-07-29,Deposit,17739.89,EFT,105467.42
T0006891,A00182,C0150,2026-04-20,Transfer In,3619.25,Branch,122737.91
T0013345,A00359,C0288,2025-12-15,Deposit,19953.26,Branch,51341.76
T0000348,A00011,C0011,2026-06-16,Purchase,6062.5,ATM,53009.9
T0012070,A00326,C0261,2026-03-28,Salary Credit,12917.21,App,53160.19
T0013427,A00361,C0289,2026-05-17,Salary Credit,12588.78,POS,68979.25
T0000836,A00026,C0024,2026-05-03,Purchase,4358.82,USSD,73030.41
T0005007,A00133,C0110,2026-06-16,Withdrawal,5511.03,POS,57299.18
T0001258,A00038,C0033,2025-11-05,Transfer In,15240.77,Branch,174961.16
T0006081,A00163,C0135,2026-01-11,Withdrawal,600.08,App,23065.64
T0004695,A00126,C0104,2025-10-22,Withdrawal,2590.82,ATM,82671.36
T0011965,A00322,C0257,2026-04-23,Deposit,14698.65,Branch,123467.59
T0006456,A00172,C0142,2026-05-25,Airtime,-970.46,EFT,28745.1
T0004023,A00110,C0091,2025-10-19,Withdrawal,3212.5,App,166947.81
T0005157,A00137,C0113,2026-01-26,Airtime,3199.46,ATM,41365.65
T0011739,A00315,C0253,2025-10-07,Transfer In,12993.78,App,83582.6
T0002138,A00060,C0050,2026-05-26,Bill Payment,,Branch,7706.02
T0001916,A00054,C0045,2026-06-27,Salary Credit,8939.29,Branch,104896.52
T0006664,A00177,C0146,2026-05-10,Transfer In,1633.39,Branch,217266.86
T0012796,A00346,C0278,2025-09-19,Purchase,2336.64,App,15445.83
T0007230,A00190,C0156,2026-01-10,Transfer In,12691.11,App,56511.98
T0001567,A00046,C0039,2026-01-12,Withdrawal,1580.57,App,34339.22
T0006416,A00171,C0141,2025-12-19,Salary Credit,16429.98,POS,71906.93
T0011129,A00299,C0240,2025-09-01,Transfer In,18318.2,App,90039.85
T0002007,A00057,C0047,2025-11-02,Deposit,9418.49,EFT,33535.98
T0002519,A00069,C0056,2026-01-08,Bill Payment,3609.63,ATM,165469.83
T0009077,A00240,C0195,2026-02-24,Transfer Out,7816.5,Branch,78241.7
T0010430,A00279,C0226,2026-01-23,Transfer In,15025.52,ATM,98348.29
T0006354,A00169,C0140,2026-03-21,Purchase,3938.53,App,29078.16
T0007632,A00200,C0164,2025-11-02,Salary Credit,22753.68,USSD,84079.01
T0002067,A00058,C0048,2025-07-07,Transfer In,18560.31,App,75483.06
T0010872,A00293,C0236,2026-05-06,Deposit,22198.97,EFT,87533.56
T0003716,A00102,C0084,2026-06-11,Airtime,4442.07,POS,93462.59
T0014117,A00377,C0300,2025-07-24,Bill Payment,7667.26,POS,24872.1
T0006491,A00174,C0144,2026-06-04,Withdrawal,2705.62,App,31604.7
T0002448,A00068,C0056,2025-08-31,Deposit,22019.24,ATM,200756.66
T0000683,A00021,C0019,2025-07-08,Withdrawal,4838.5,USSD,23909.35
T0002482,A00068,C0056,2026-03-02,Deposit,17010.02,EFT,271727.61
T0006890,A00182,C0150,2025-10-10,Bill Payment,367.32,App,119118.66
T0003031,A00084,C0069,2025-12-15,Purchase,4645.04,POS,78520.84
T0001617,A00047,C0040,2025-07-03,Salary Credit,7180.71,EFT,54081.09
T0006710,A00179,C0148,2025-08-25,Bill Payment,1535.29,Branch,8406.16
T0010016,A00267,C0218,2025-12-22,Salary Credit,14391.93,USSD,97980.16
T0008988,A00237,C0192,2026-02-23,Transfer Out,4955.13,USSD,-4555.71
T0011046,A00297,C0239,2025-11-14,Transfer Out,2013.44,EFT,58737.82
T0010374,A00278,C0225,2026-03-04,Withdrawal,2225.29,EFT,146190.45
T0000325,A00011,C0011,2026-05-28,Airtime,,POS,16999.69
T0011444,A00307,C0246,2025-10-31,Transfer In,11207.71,Branch,85397.08
T0011240,A00301,C0242,2025-12-24,Salary Credit,22054.24,App,119967.39
T0003215,A00089,C0074,2025-12-29,Deposit,16410.86,App,18396.21
T0012513,A00338,C0270,2025-09-28,Salary Credit,6412.19,USSD,53485.19
T0003539,A00098,C0082,2025-07-20,Transfer In,353.0,POS,113854.97
T0009482,A00253,C0205,2025-08-02,Transfer Out,4076.27,USSD,7837.51
T0010907,A00294,C0237,2026-05-27,Transfer In,3827.01,POS,140431.46
T0011002,A00296,C0238,2026-03-09,Deposit,16665.91,Branch,178667.65
T0007405,A00195,C0160,2026-05-03,Transfer In,12741.19,App,76092.87
T0003868,A00107,C0089,2026-03-22,Withdrawal,988.12,App,26668.08
T0000872,A00027,C0025,2025-11-06,Salary Credit,12482.12,ATM,58096.63
T0011873,A00319,C0255,2025-09-03,Deposit,7604.53,EFT,69555.73
T0010452,A00280,C0227,2026-06-16,Withdrawal,7608.4,Branch,88073.46
T0005276,A00140,C0116,2025-09-27,Transfer Out,1173.78,POS,29504.9
T0004532,A00123,C0102,2026-03-28,Airtime,4026.35,USSD,66551.98
T0003528,A00098,C0082,2025-12-04,Withdrawal,3176.26,POS,69848.86
T0000809,A00025,C0023,2026-06-13,Withdrawal,2478.5,ATM,71810.66
T0013692,A00368,C0294,2025-12-16,Purchase,5091.42,App,1708.7
T0008083,A00212,C0173,2025-11-09,Airtime,1522.83,App,1026.92
T0001633,A00047,C0040,2026-06-03,Transfer In,17404.63,EFT,96191.18
T0003211,A00088,C0073,2026-02-16,Salary Credit,22539.14,ATM,182989.28
T0013162,A00354,C0283,2026-06-14,Salary Credit,9069.44,Branch,156569.47
T0007438,A00196,C0161,2025-09-08,Purchase,3390.92,ATM,38629.44
T0013601,A00365,C0292,2025-07-18,Withdrawal,186.47,EFT,32270.15
T0004216,A00116,C0096,2026-04-07,Transfer In,5461.87,USSD,64089.64
T0006019,A00160,C0133,2025-10-11,Bill Payment,1883.74,App,37827.28
T0010641,A00286,C0231,2025-09-12,Salary Credit,8330.35,POS,22867.53
T0004913,A00131,C0108,2026-06-04,Airtime,5246.21,USSD,41091.23
T0008889,A00234,C0190,2026-02-27,Airtime,4712.66,App,85812.94
T0005786,A00154,C0128,2026-05-22,Transfer In,275.11,EFT,16468.63
T0006888,A00182,C0150,2025-08-21,Purchase,987.84,Branch,115472.7
T0010183,A00273,C0222,2026-05-21,Salary Credit,2870.39,ATM,60389.18
T0002107,A00059,C0049,2025-11-11,Transfer Out,5522.77,App,81913.81
T0008101,A00212,C0173,2026-02-15,Transfer Out,5161.22,Branch,46421.61
T0013395,A00360,C0288,2026-03-11,Airtime,6019.78,POS,111000.72
T0004357,A00119,C0098,2026-02-28,Transfer Out,5828.84,EFT,138362.28
T0011197,A00300,C0241,2026-05-27,Bill Payment,3375.31,App,79952.75
T0011447,A00307,C0246,2025-07-15,Deposit,21844.97,POS,104504.48
T0011824,A00318,C0255,2025-12-12,Deposit,11457.03,App,36621.44
T0002928,A00081,C0066,2025-10-29,Bill Payment,4155.85,App,163802.46
T0005940,A00157,C0131,2026-05-05,Deposit,2860.91,POS,108387.49
T0009850,A00263,C0215,2025-10-12,Airtime,4295.54,Branch,24456.99
T0010758,A00290,C0234,2025-10-06,Purchase,5483.33,App,313.98
T0012747,A00344,C0276,2026-02-24,Purchase,1879.06,POS,91749.48
T0003667,A00102,C0084,2026-05-12,Purchase,2760.56,Branch,17568.74
T0012677,A00343,C0275,2026-03-10,Transfer In,12007.51,Branch,47776.28
T0009416,A00250,C0203,2025-12-29,Purchase,7147.2,App,162515.53
T0012164,A00328,C0263,2025-11-05,Salary Credit,4008.85,POS,120354.73
T0002684,A00073,C0059,2025-09-30,Withdrawal,6123.9,POS,51307.27
T0009631,A00257,C0209,2025-10-11,Deposit,8634.2,App,-1405.68
T0012720,A00343,C0275,2026-05-22,Bill Payment,4045.03,Branch,107564.62
T0010824,A00292,C0235,2026-05-05,Deposit,6853.73,POS,32191.06
T0003364,A00094,C0079,2026-02-13,Withdrawal,744.86,ATM,2005.5
T0001573,A00046,C0039,2026-05-04,Airtime,2694.02,EFT,62607.04
T0002358,A00066,C0054,2026-05-20,Airtime,6293.33,App,22957.0
T0013183,A00355,C0284,2026-05-24,Bill Payment,40.79,POS,74068.36
T0000524,A00016,C0015,2025-07-26,Bill Payment,2115.21,EFT,23161.95
T0013880,A00372,C0297,2026-03-22,Transfer In,23791.8,POS,87911.26
T0013684,A00367,C0293,2026-05-14,Transfer Out,5758.18,App,6983.22
T0002815,A00078,C0064,2026-01-31,Purchase,2958.69,POS,63264.41
T0013030,A00350,C0281,2025-07-01,Airtime,2555.64,App,91849.9
T0001418,A00042,C0036,2026-06-07,Bill Payment,1603.33,App,23458.73
T0013718,A00369,C0295,2026-03-25,Transfer Out,558.56,EFT,20842.42
T0009672,A00258,C0210,2026-04-25,Deposit,22846.26,Branch,111158.14
T0001120,A00034,C0030,2025-07-19,Transfer Out,3952.85,POS,172106.41
T0010314,A00277,C0225,2025-12-27,Deposit,5526.68,App,68221.03
T0012900,A00348,C0279,2025-10-14,Deposit,1223.37,ATM,99041.28
T0006311,A00169,C0140,2026-01-01,Transfer In,8328.4,ATM,20678.99
T0008935,A00235,C0190,2025-09-09,Airtime,2415.25,ATM,163664.54
T0004499,A00122,C0101,2025-10-13,Salary Credit,20290.45,USSD,89597.01
T0012989,A00350,C0281,2026-02-17,Deposit,6850.35,USSD,33312.19
T0004864,A00130,C0107,2025-12-03,Salary Credit,22363.82,EFT,127736.48
T0000562,A00018,C0016,2026-03-02,Purchase,4028.55,USSD,38649.92
T0010290,A00276,C0224,2026-03-31,Salary Credit,21893.69,EFT,33532.97
T0001771,A00051,C0043,2025-11-20,Bill Payment,3972.95,EFT,68035.37
T0012371,A00333,C0266,2026-06-18,Deposit,19282.73,ATM,89796.6
T0011401,A00306,C0245,2025-07-14,Purchase,5271.03,POS,25034.66
T0006625,A00177,C0146,2025-10-30,Transfer In,860.11,App,78847.48
T0014047,A00375,C0299,2026-04-03,Bill Payment,7285.06,EFT,92027.69
T0008119,A00213,C0174,2026-03-09,Transfer In,17518.49,ATM,78587.6
T0004163,A00115,C0095,2026-03-31,Bill Payment,6582.42,Branch,29934.43
T0008154,A00215,C0176,2026-03-31,Transfer Out,3947.39,POS,86471.77
T0002632,A00072,C0058,2025-09-15,Bill Payment,3951.33,USSD,35645.01
T0002249,A00062,C0051,2026-05-21,Withdrawal,2730.97,POS,72319.7
T0010660,A00286,C0231,2025-10-04,Salary Credit,19857.89,EFT,60128.44
T0001074,A00034,C0030,2025-12-06,Salary Credit,22517.15,EFT,62177.06
T0013511,A00363,C0290,2025-10-01,Transfer Out,1145.32,POS,134766.76
T0006569,A00175,C0145,2026-03-19,Bill Payment,3555.75,App,120783.05
T0012235,A00330,C0264,2025-08-24,Salary Credit,7374.67,EFT,45503.54
T0001813,A00052,C0044,2025-12-08,Withdrawal,670.42,ATM,5798.66
T0011966,A00322,C0257,2026-03-12,Withdrawal,4282.51,USSD,119185.08
T0006779,A00180,C0149,2025-11-06,Withdrawal,3940.07,ATM,48902.91
T0007112,A00188,C0154,2026-02-25,Transfer In,16514.85,EFT,55050.72
T0004018,A00110,C0091,2026-02-03,Deposit,5262.53,ATM,125647.9
T0008877,A00234,C0190,2025-08-01,Purchase,981.93,POS,66796.69
T0001220,A00037,C0032,2025-10-20,Salary Credit,10340.83,App,96893.13
T0008572,A00227,C0185,2025-10-07,Withdrawal,5231.18,ATM,36002.6
T0012198,A00329,C0264,2025-07-04,Withdrawal,3374.23,ATM,33726.61
T0006679,A00178,C0147,2025-12-09,Airtime,7724.18,EFT,51908.98
T0007088,A00187,C0154,2026-04-10,Transfer Out,7712.14,ATM,56923.4
T0006666,A00178,C0147,2026-04-22,Withdrawal,4557.41,POS,22850.04
T0006041,A00161,C0133,2026-06-22,Withdrawal,7292.04,USSD,5855.2
T0005145,A00136,C0112,2026-02-05,Purchase,5408.11,EFT,95466.36
T0002329,A00065,C0054,2026-01-02,Airtime,4675.92,EFT,2343.33
T0012938,A00349,C0280,2026-06-12,Withdrawal,2199.77,Branch,34324.56
T0005491,A00146,C0121,2025-08-10,Transfer In,17358.21,USSD,124590.5
T0003276,A00091,C0076,2025-08-23,Airtime,5454.5,App,32742.88
T0002066,A00058,C0048,2026-05-29,Transfer In,8976.89,USSD,56922.75
T0008098,A00212,C0173,2026-03-05,Airtime,409.28,POS,55999.75
T0007501,A00197,C0161,2025-10-03,Bill Payment,4222.34,ATM,51918.93
T0009380,A00249,C0202,2025-11-11,Purchase,3844.04,USSD,22606.06
T0005450,A00145,C0120,2025-12-02,Purchase,2934.0,EFT,80215.24
T0001388,A00041,C0036,2025-10-31,Withdrawal,1337.6,USSD,61125.66
T0004128,A00114,C0094,2025-07-07,Deposit,14930.94,Branch,5138.46
T0005159,A00137,C0113,2025-12-18,Bill Payment,2936.35,ATM,32644.94
T0004467,A00122,C0101,2026-06-14,Airtime,3531.03,Branch,22863.4
T0003052,A00085,C0070,2026-02-14,Purchase,5789.53,POS,11082.87
T0012257,A00330,C0264,2025-10-18,Purchase,6480.92,ATM,130007.9
T0000451,A00014,C0014,2026-05-22,Bill Payment,4197.21,Branch,25591.12
T0002576,A00071,C0057,2025-10-29,Deposit,20212.45,USSD,83804.94
T0013569,A00364,C0291,2025-12-04,Withdrawal,6091.6,USSD,158464.24
T0013390,A00360,C0288,2026-03-24,Purchase,3174.33,ATM,107877.41
T0006397,A00171,C0141,2026-03-29,Deposit,9597.37,POS,77324.47
T0008602,A00227,C0185,2026-06-17,Bill Payment,7969.94,Branch,153139.98
T0013662,A00366,C0293,2025-07-17,Bill Payment,2594.16,App,56624.13
T0006515,A00174,C0144,2025-08-02,Transfer Out,6539.95,USSD,55256.63
T0003783,A00104,C0086,2026-02-27,Salary Credit,-4624.6,ATM,41258.86
T0011466,A00308,C0247,2026-02-18,Airtime,3425.01,USSD,98712.47
T0012390,A00334,C0267,2025-07-09,Purchase,-305.63,Branch,25989.04
T0003891,A00107,C0089,2025-12-24,Salary Credit,533.18,ATM,38913.59
T0005378,A00143,C0118,2026-03-13,Purchase,353.54,POS,-26655.95
T0010991,A00296,C0238,2026-02-27,Salary Credit,10181.24,EFT,137698.32
T0009624,A00257,C0209,2025-07-31,Deposit,2017.71,ATM,1145.91
T0011914,A00321,C0256,2025-10-24,Transfer Out,165.44,EFT,29918.14
T0010308,A00276,C0224,2025-12-07,Bill Payment,6767.54,EFT,50347.15
T0013518,A00363,C0290,2025-10-27,Transfer Out,3222.79,App,133921.99
T0004922,A00131,C0108,2025-09-28,Transfer Out,3219.13,App,53861.04
T0001741,A00050,C0042,2025-08-08,Transfer In,21344.56,POS,29615.65
T0000004,A00001,C0001,2026-02-22,Transfer In,19964.12,ATM,46207.25
T0002501,A00069,C0056,2026-02-06,Deposit,17739.38,Branch,93394.44
T0002025,A00057,C0047,2025-11-26,Purchase,6921.85,USSD,68727.38
T0004562,A00123,C0102,2026-06-09,Salary Credit,15665.05,ATM,102580.21
T0004596,A00124,C0103,2026-01-28,Bill Payment,5754.47,App,143856.09
T0010522,A00282,C0228,2026-04-07,Transfer In,10157.02,POS,18520.81
T0011556,A00311,C0250,2025-12-17,Transfer Out,6257.26,EFT,27365.06
T0008950,A00235,C0190,2026-01-27,Withdrawal,3241.96,ATM,163841.78
T0008872,A00234,C0190,2025-12-21,Transfer In,10408.56,USSD,45464.38
T0014101,A00376,C0300,2026-06-05,Withdrawal,6759.66,ATM,223676.94
T0007485,A00196,C0161,2026-03-30,Deposit,24266.82,POS,308117.25
T0004773,A00128,C0106,2026-06-12,Transfer Out,4860.59,EFT,58188.32
T0004931,A00131,C0108,2025-09-10,Salary Credit,14955.96,USSD,83068.64
T0010133,A00272,C0221,2025-08-25,Salary Credit,4027.09,USSD,48006.04
T0005467,A00145,C0120,2026-03-29,Salary Credit,15525.9,USSD,84048.17
T0013732,A00369,C0295,2025-11-16,Transfer In,2009.71,POS,37574.34
T0000324,A00011,C0011,2026-01-17,Transfer Out,7681.87,USSD,24659.68
T0005575,A00148,C0122,2026-05-08,Transfer In,10350.24,Branch,143726.2
T0008856,A00233,C0189,2026-01-16,Salary Credit,13858.26,POS,88546.53
T0013847,A00371,C0296,2026-01-10,Salary Credit,21920.21,App,49521.71
T0008775,A00231,C0188,2026-01-12,Transfer Out,3103.98,EFT,71782.26
T0006971,A00184,C0151,2025-12-26,Withdrawal,2951.93,Branch,9254.98
T0000460,A00014,C0014,2026-05-10,Transfer Out,2291.72,Branch,53633.62
T0008512,A00225,C0183,2025-11-27,Transfer Out,7874.65,ATM,29782.21
T0009768,A00261,C0213,2025-07-03,Purchase,4491.31,ATM,63128.53
T0000761,A00023,C0021,2025-07-17,Deposit,7087.04,EFT,69211.06
T0005010,A00133,C0110,2026-02-11,Transfer In,23504.9,EFT,72936.26
T0000127,A00004,C0004,2026-06-23,Airtime,-7313.56,USSD,99458.96
T0011469,A00309,C0248,2025-12-18,Bill Payment,3648.29,EFT,42831.02
T0004794,A00128,C0106,2026-02-10,Airtime,4641.56,ATM,60907.85
T0004795,A00128,C0106,2026-06-05,Transfer In,4079.8,App,64987.65
T0001487,A00044,C0037,2026-03-30,Transfer In,9677.22,EFT,3523.24
T0004446,A00121,C0100,2026-03-21,Withdrawal,2834.88,EFT,135452.36
T0012504,A00338,C0270,2025-08-05,Deposit,9132.27,ATM,20866.7
T0009565,A00256,C0208,2025-08-10,Bill Payment,4479.31,USSD,1786.48
T0009918,A00265,C0217,2026-06-14,Airtime,5434.85,Branch,40140.0
T0012471,A00337,C0269,2025-10-10,Transfer Out,4835.34,App,50042.08
T0013259,A00357,C0286,2025-07-24,Transfer In,8388.71,USSD,134960.27
T0002864,A00080,C0066,2026-04-16,Withdrawal,6430.23,ATM,18195.44
T0012233,A00330,C0264,2025-07-07,Withdrawal,6593.8,EFT,41303.11
T0010979,A00296,C0238,2026-06-04,Bill Payment,4875.17,USSD,85481.22
T0009293,A00246,C0200,2026-01-09,Deposit,3308.62,App,114346.42
T0010575,A00284,C0230,2025-09-19,Salary Credit,,Branch,25238.82
T0006853,A00182,C0150,2026-06-18,Bill Payment,6528.41,App,26199.32
T0005508,A00146,C0121,2025-08-28,Salary Credit,4690.23,Branch,201983.62
T0008618,A00228,C0185,2026-06-15,Withdrawal,2642.3,ATM,5314.12
T0010610,A00284,C0230,2025-08-24,Airtime,5175.1,App,92640.18
T0000686,A00021,C0019,2025-12-23,Withdrawal,7739.42,ATM,30079.27
T0005902,A00156,C0130,2025-07-21,Airtime,761.47,ATM,162734.2
T0011284,A00302,C0242,2025-08-22,Withdrawal,3894.36,App,61882.83
T0003449,A00096,C0081,2025-12-14,Deposit,1005.53,EFT,181868.44
T0001135,A00035,C0031,2025-11-06,Transfer In,2785.23,Branch,142087.83
T0011276,A00302,C0242,2026-04-09,Deposit,11712.15,ATM,91589.04
T0013719,A00369,C0295,2026-05-21,Purchase,3013.06,USSD,17829.36
T0003920,A00108,C0090,2026-01-10,Purchase,7580.84,Branch,2403.16
T0008273,A00218,C0179,2026-04-20,Transfer Out,6620.19,ATM,-7308.52
T0003212,A00089,C0074,2026-06-06,Transfer Out,5167.62,ATM,7737.34
T0003912,A00108,C0090,2026-06-26,Bill Payment,7480.88,EFT,13295.23
T0004889,A00130,C0107,2025-09-10,Airtime,6941.87,App,206159.24
T0005791,A00154,C0128,2025-10-17,Salary Credit,18729.39,USSD,37687.38
T0000890,A00028,C0026,2026-06-18,Withdrawal,6954.14,ATM,29937.62
T0008577,A00227,C0185,2025-07-01,Withdrawal,28.05,USSD,35182.09
T0005565,A00148,C0122,2026-05-02,Deposit,24825.98,USSD,79040.9
T0013798,A00370,C0296,2026-06-19,Deposit,1636.97,App,146800.44
T0012880,A00348,C0279,2026-02-22,Withdrawal,1986.66,Branch,43252.41
T0009118,A00242,C0197,2026-01-29,Bill Payment,2512.98,Branch,-26145.09
T0009050,A00239,C0194,2025-11-21,Salary Credit,23298.48,App,113227.45
T0011373,A00305,C0244,2025-08-22,Transfer Out,6947.71,EFT,117446.03
T0004181,A00115,C0095,2025-07-16,Deposit,12987.78,App,75910.42
T0002325,A00064,C0053,2025-09-05,Salary Credit,7973.74,POS,110022.55
T0005301,A00141,C0117,2025-12-21,Transfer In,16837.39,Branch,47025.3
T0012630,A00342,C0274,2026-06-07,Bill Payment,5444.42,USSD,46153.24
T0008821,A00232,C0188,2025-11-15,Transfer In,13765.59,Branch,41886.54
T0008468,A00223,C0182,2026-05-12,Purchase,6431.81,USSD,150186.03
T0009349,A00248,C0202,2025-08-06,Transfer Out,7341.77,App,84618.53
T0009943,A00265,C0217,2026-03-06,Deposit,8106.77,Branch,56443.07
T0009891,A00264,C0216,2025-10-13,Transfer Out,5751.98,USSD,142603.87
T0003352,A00093,C0078,2026-04-20,Purchase,1766.3,Branch,13.73
T0010920,A00295,C0237,2026-01-16,Transfer In,2144.46,USSD,23514.8
T0007060,A00186,C0153,2025-12-12,Transfer Out,4468.18,EFT,124458.93
T0010890,A00294,C0237,2025-08-28,Airtime,1877.08,Branch,100015.23
T0009429,A00250,C0203,2025-08-28,Bill Payment,3200.72,EFT,269009.16
T0002645,A00072,C0058,2025-12-15,Transfer In,6092.96,ATM,68090.5
T0004542,A00123,C0102,2025-10-09,Deposit,10165.69,ATM,83531.99
T0010106,A00271,C0221,2026-01-20,Deposit,17395.64,POS,9585.49
T0009810,A00262,C0214,2026-04-29,Airtime,4332.78,Branch,79174.97
T0004398,A00120,C0099,2025-12-02,Transfer Out,568.31,POS,19760.48
T0011203,A00301,C0242,2025-12-04,Withdrawal,2243.2,EFT,29547.4
T0011190,A00300,C0241,2025-12-13,Salary Credit,2134.86,EFT,93025.86
T0011666,A00313,C0251,2026-03-24,Transfer Out,1260.83,EFT,100895.41
T0003275,A00091,C0076,2025-07-28,Transfer Out,5773.63,ATM,38197.38
T0003777,A00103,C0085,2026-05-13,Deposit,17637.43,POS,122410.91
T0014070,A00376,C0300,2025-09-03,Airtime,4207.66,EFT,99699.22
T0008020,A00210,C0172,2025-10-29,Withdrawal,4056.76,Branch,20332.73
T0007110,A00188,C0154,2025-11-11,Deposit,11575.55,USSD,40137.0
T0011267,A00302,C0242,2025-08-18,Airtime,1776.24,App,66243.34
T0012538,A00338,C0270,2026-03-04,Transfer In,1510.57,App,36103.56
T0000547,A00017,C0016,2025-12-28,Airtime,5009.34,POS,58782.56
T0011296,A00303,C0243,2026-02-05,Transfer Out,1022.95,USSD,50257.88
T0005489,A00146,C0121,2025-08-26,Transfer Out,7319.63,EFT,108516.73
T0006194,A00166,C0138,2026-05-27,Salary Credit,5656.53,EFT,84708.47
T0001637,A00047,C0040,2026-06-01,Purchase,6785.5,ATM,86446.79
T0004120,A00114,C0094,2025-09-25,Transfer Out,4491.69,Branch,18731.02
T0008231,A00217,C0178,2026-02-09,Transfer In,19932.94,USSD,99623.81
T0006997,A00185,C0152,2026-02-23,Bill Payment,3136.89,EFT,31609.04
T0008082,A00212,C0173,2025-09-14,Withdrawal,6767.1,EFT,2549.75
T0013691,A00368,C0294,2026-01-24,Transfer Out,4688.93,App,6800.12
T0000306,A00010,C0010,2026-01-01,Transfer Out,1763.19,POS,86709.31
T0005631,A00150,C0124,2025-12-29,Bill Payment,2188.69,ATM,32043.74
T0009448,A00250,C0203,2026-03-28,Transfer In,16382.72,POS,358713.94
T0013967,A00374,C0298,2026-01-03,Purchase,2861.38,App,108445.67
T0000871,A00027,C0025,2026-03-19,Transfer Out,1196.05,App,45614.51
T0010057,A00269,C0219,2026-04-15,Withdrawal,4231.6,POS,108887.32
T0002366,A00066,C0054,2026-06-24,Withdrawal,5628.89,ATM,27024.35
T0008705,A00229,C0186,2025-08-28,Salary Credit,,ATM,153862.62
T0000124,A00004,C0004,2025-09-20,Withdrawal,1997.9,POS,93763.07
T0009736,A00260,C0212,2025-09-25,Bill Payment,856.54,Branch,185670.7
T0013722,A00369,C0295,2026-03-19,Purchase,4998.57,ATM,3231.61
T0011258,A00302,C0242,2025-10-26,Airtime,1458.08,App,27848.42
T0007774,A00203,C0166,2025-12-24,Withdrawal,3663.97,ATM,132735.95
T0003360,A00093,C0078,2025-12-07,Purchase,3174.03,ATM,-6688.62
T0007450,A00196,C0161,2026-06-04,Transfer Out,5244.87,Branch,108544.15
T0011950,A00322,C0257,2026-05-31,Withdrawal,4658.12,POS,32257.48
T0002778,A00077,C0063,2025-09-03,Deposit,5820.47,App,63518.43
T0008966,A00236,C0191,2025-12-08,Salary Credit,8243.65,USSD,31831.26
T0000515,A00016,C0015,2025-08-09,Airtime,6347.38,USSD,10682.66
T0008189,A00216,C0177,2025-12-31,Transfer Out,,App,-8397.77
T0000947,A00030,C0028,2025-08-30,Deposit,17992.73,EFT,72911.8
T0008667,A00229,C0186,2026-03-18,Bill Payment,1708.12,ATM,-3770.94
T0008000,A00209,C0172,2025-08-20,Transfer In,8500.04,ATM,188398.41
T0009173,A00243,C0198,2026-01-20,Airtime,5885.45,EFT,25584.67
T0002891,A00081,C0066,2026-02-08,Bill Payment,7260.57,App,33994.73
T0012555,A00339,C0271,2025-07-20,Salary Credit,14816.81,EFT,13867.29
T0000068,A00003,C0003,2026-04-01,Purchase,2234.19,POS,60250.02
T0008489,A00224,C0183,2025-08-03,Withdrawal,6513.84,USSD,-5180.99
T0000510,A00016,C0015,2025-12-02,Deposit,7578.32,Branch,28859.68
T0004291,A00118,C0097,2025-10-19,Bill Payment,4145.15,App,24372.72
T0009964,A00266,C0217,2026-05-27,Airtime,1162.36,EFT,15138.59
T0004410,A00120,C0099,2026-04-11,Transfer Out,893.94,POS,56484.98
T0012437,A00335,C0268,2026-04-30,Transfer Out,1381.89,USSD,25993.03
T0013591,A00365,C0292,2026-01-29,Airtime,7418.38,POS,25037.1
T0012726,A00343,C0275,2026-04-27,Transfer Out,903.02,EFT,98522.98
T0001271,A00038,C0033,2025-09-18,Transfer In,204.1,USSD,198904.64
T0008790,A00232,C0188,2026-02-23,Bill Payment,4747.92,App,57097.14
T0002605,A00071,C0057,2026-03-22,Withdrawal,7070.59,EFT,71605.02
T0002849,A00079,C0065,2025-07-22,Airtime,5051.21,Branch,22331.14
T0003519,A00098,C0082,2025-08-10,Withdrawal,7064.2,Branch,69949.99
T0010358,A00278,C0225,2025-07-26,Deposit,13043.11,App,83347.65
T0002857,A00080,C0066,2025-10-02,Bill Payment,4584.89,EFT,-4373.35
T0006448,A00172,C0142,2026-02-26,Deposit,12074.05,USSD,41138.02
T0004598,A00124,C0103,2026-06-15,Transfer In,5539.43,App,145772.57
T0010473,A00280,C0227,2025-08-04,Transfer Out,,ATM,103591.07
T0000254,A00009,C0009,2026-06-26,Transfer In,24449.6,Branch,76572.77
T0005472,A00145,C0120,2026-01-20,Deposit,12083.91,Branch,121271.84
T0013266,A00357,C0286,2025-12-23,Transfer In,18899.1,USSD,165290.74
T0009869,A00264,C0216,2025-10-27,Deposit,24121.67,USSD,58467.45
T0012557,A00339,C0271,2025-07-12,Salary Credit,13031.11,EFT,25073.65
T0010341,A00278,C0225,2026-01-17,Bill Payment,4345.15,POS,32486.77
T0004392,A00119,C0098,2025-12-13,Airtime,6017.83,EFT,234812.9
T0002412,A00067,C0055,2025-09-11,Airtime,6657.8,App,134908.77
T0011419,A00306,C0245,2025-11-19,Airtime,1860.04,Branch,42864.01
T0006374,A00170,C0141,2025-08-30,Deposit,21835.66,EFT,109322.25
T0000242,A00008,C0008,2025-11-26,Airtime,6416.74,USSD,70583.03
T0001071,A00033,C0030,2026-02-01,Deposit,23426.83,Branch,61959.8
T0002111,A00059,C0049,2026-05-06,Deposit,3592.72,EFT,92238.31
T0008571,A00227,C0185,2025-09-18,Airtime,727.61,App,41233.78
T0005205,A00138,C0114,2025-12-12,Transfer In,1070.89,Branch,93105.78
T0004668,A00125,C0104,2026-04-11,Transfer In,662.06,Branch,56752.86
T0004278,A00117,C0097,2025-09-22,Bill Payment,1942.93,App,110013.29
T0010810,A00291,C0234,2026-06-30,Transfer In,4769.56,POS,68520.13
T0012553,A00339,C0271,2026-06-06,Transfer Out,,EFT,4602.42
T0004203,A00116,C0096,2025-11-08,Withdrawal,5605.3,Branch,51154.44
T0013597,A00365,C0292,2025-11-03,Withdrawal,7050.58,Branch,38756.03
T0002806,A00078,C0064,2026-05-05,Salary Credit,15490.47,App,66300.14
T0002184,A00061,C0050,2025-11-19,Purchase,7143.26,USSD,37897.18
T0013744,A00369,C0295,2026-05-26,Deposit,16631.37,Branch,110069.58
T0006009,A00160,C0133,2025-08-01,Salary Credit,22366.08,USSD,59859.34
T0007931,A00207,C0170,2025-07-19,Deposit,18267.82,ATM,318459.4
T0010840,A00292,C0235,2025-08-11,Transfer Out,-7007.85,ATM,93373.36
T0001323,A00040,C0035,2026-01-15,Bill Payment,2570.75,USSD,64454.7
T0009673,A00258,C0210,2026-05-28,Airtime,7487.53,App,103670.61
T0012386,A00333,C0266,2026-01-18,Transfer Out,1212.96,POS,95030.4
T0003423,A00096,C0081,2026-05-01,Bill Payment,7698.96,ATM,56730.09
T0008949,A00235,C0190,2025-10-01,Bill Payment,3262.96,POS,167083.74
T0001426,A00042,C0036,2025-12-11,Deposit,,USSD,33944.28
T0010914,A00295,C0237,2025-10-06,Salary Credit,1427.97,Branch,21220.97
T0008658,A00228,C0185,2026-02-17,Deposit,19177.2,ATM,51164.18
T0003719,A00102,C0084,2025-12-15,Salary Credit,9269.26,App,100523.57
T0001548,A00045,C0038,2026-04-19,Bill Payment,6587.67,POS,36807.53
T0002882,A00080,C0066,2026-01-24,Airtime,4365.11,USSD,66143.15
T0011893,A00320,C0256,2025-10-12,Purchase,4069.94,App,55169.44
T0004027,A00110,C0091,2025-09-20,Transfer Out,6264.51,ATM,176276.3
T0008411,A00222,C0181,2026-03-31,Salary Credit,15472.5,EFT,113110.66
T0000450,A00014,C0014,2026-04-03,Purchase,4734.83,USSD,29788.33
T0007160,A00189,C0155,2025-10-18,Purchase,2137.08,ATM,66071.5
T0013623,A00365,C0292,2025-08-22,Deposit,3675.55,EFT,106212.87
T0000449,A00014,C0014,2026-04-03,Transfer Out,4397.39,USSD,34523.16
T0007524,A00198,C0162,2026-03-13,Transfer Out,4576.29,EFT,46444.38
T0001975,A00056,C0047,2026-01-15,Purchase,2560.49,EFT,94026.33
T0002425,A00067,C0055,2026-06-09,Bill Payment,173.66,EFT,171183.34
T0011652,A00312,C0250,2026-01-02,Airtime,1721.94,USSD,123176.73
T0013120,A00354,C0283,2026-03-13,Transfer In,5662.32,USSD,43597.34
T0001646,A00048,C0041,2025-08-20,Deposit,16250.68,EFT,38823.51
T0008811,A00232,C0188,2025-11-12,Transfer In,7252.34,USSD,49962.67
T0006400,A00171,C0141,2026-02-20,Purchase,3470.14,ATM,89582.36
T0013522,A00363,C0290,2026-02-10,Purchase,582.55,POS,145871.68
T0013114,A00353,C0283,2025-08-13,Deposit,10618.47,EFT,58211.72
T0000697,A00021,C0019,2026-06-10,Transfer In,13046.81,ATM,-1424.33
T0014122,A00377,C0300,2025-10-20,Salary Credit,15240.42,ATM,46229.79
T0009449,A00251,C0204,2025-07-07,Purchase,2298.38,USSD,25787.31
T0006579,A00175,C0145,2026-03-16,Withdrawal,5898.69,App,157417.99
T0014114,A00377,C0300,2025-08-31,Bill Payment,1764.23,USSD,35817.77
T0003932,A00108,C0090,2025-10-04,Transfer In,21593.43,EFT,-23085.16
T0001270,A00038,C0033,2026-03-04,Withdrawal,2679.21,ATM,198700.54
T0011926,A00321,C0256,2025-11-14,Deposit,24406.91,EFT,89881.97
T0000719,A00022,C0020,2025-08-11,Salary Credit,19035.28,ATM,44780.55
T0009198,A00243,C0198,2025-12-17,Bill Payment,4468.44,POS,135757.41
T0010185,A00273,C0222,2025-10-19,Purchase,7499.52,EFT,68816.4
T0005216,A00138,C0114,2026-06-25,Purchase,1297.1,USSD,70334.85
T0010067,A00269,C0219,2025-09-07,Transfer Out,,POS,136005.27
T0011438,A00307,C0246,2025-08-11,Transfer Out,6064.39,POS,68007.21
T0005365,A00143,C0118,2025-10-05,Deposit,17210.02,ATM,-36444.53
T0012543,A00339,C0271,2025-11-12,Salary Credit,9863.33,App,20636.23
T0012509,A00338,C0270,2025-09-06,Salary Credit,11608.46,EFT,46625.03
T0007727,A00202,C0165,2026-01-14,Transfer Out,2154.3,Branch,64285.76
T0003001,A00083,C0068,2025-11-27,Bill Payment,,Branch,72517.0
T0002174,A00060,C0050,2026-03-29,Deposit,20026.47,ATM,61057.88
T0005620,A00149,C0123,2025-09-03,Airtime,6779.05,USSD,75978.96
T0005885,A00156,C0130,2025-09-26,Deposit,12040.51,USSD,69227.29
T0002019,A00057,C0047,2025-08-12,Transfer In,18725.47,Branch,93536.16
T0000201,A00007,C0007,2025-07-30,Bill Payment,5291.03,USSD,35333.11
T0008703,A00229,C0186,2025-12-30,Salary Credit,,App,131415.98
T0009206,A00244,C0199,2026-06-23,Transfer Out,2987.58,USSD,44371.67
T0003658,A00101,C0084,2026-03-25,Withdrawal,6853.28,ATM,91865.7
T0005915,A00157,C0131,2026-03-23,Airtime,6409.43,POS,49861.79
T0007408,A00195,C0160,2025-08-13,Bill Payment,6859.8,Branch,66088.44
T0008456,A00223,C0182,2026-05-29,Salary Credit,10271.71,POS,138306.37
T0007628,A00200,C0164,2026-04-21,Purchase,7171.11,USSD,31063.18
T0006945,A00183,C0151,2025-11-05,Bill Payment,3310.17,EFT,190147.86
T0007581,A00199,C0163,2026-06-13,Transfer Out,57.88,ATM,82115.44
T0012425,A00335,C0268,2025-09-03,Purchase,5454.68,Branch,9416.88
T0012728,A00343,C0275,2025-08-19,Withdrawal,4348.2,Branch,88734.42
T0014049,A00375,C0299,2026-05-19,Transfer In,11112.36,EFT,125857.7
T0002813,A00078,C0064,2025-09-11,Bill Payment,4960.22,ATM,69496.08
T0010511,A00281,C0228,2025-11-29,Transfer Out,3432.93,POS,38858.15
T0004389,A00119,C0098,2026-01-13,Bill Payment,1076.62,Branch,250699.83
T0006033,A00161,C0133,2025-10-23,Deposit,2397.45,Branch,12899.82
T0002980,A00083,C0068,2025-07-19,Airtime,1435.05,POS,81929.27
T0013714,A00369,C0295,2025-10-27,Airtime,5492.39,App,40210.31
T0002328,A00065,C0054,2025-10-12,Purchase,7664.49,App,7019.25
T0002087,A00058,C0048,2025-10-18,Transfer Out,4024.2,POS,64108.0
T0000097,A00003,C0003,2025-08-18,Purchase,5104.98,POS,170153.92
T0004560,A00123,C0102,2026-03-20,Bill Payment,3446.6,USSD,88910.35
T0000143,A00005,C0005,2026-06-20,Withdrawal,2816.84,USSD,22.61
T0000117,A00004,C0004,2026-05-14,Transfer In,16217.23,POS,70525.56
T0010250,A00275,C0224,2025-09-02,Bill Payment,677.92,USSD,34491.65
T0011337,A00305,C0244,2026-01-18,Purchase,5405.82,ATM,52616.34
T0013712,A00369,C0295,2025-09-01,Transfer In,10613.8,POS,29632.72
T0000845,A00026,C0024,2025-09-04,Purchase,5510.62,ATM,83847.7
T0002755,A00076,C0062,2025-09-08,Transfer In,18476.81,App,3377.49
T0011136,A00299,C0240,2025-11-24,Bill Payment,4388.25,App,100539.93
T0009102,A00241,C0196,2026-01-17,Transfer In,18261.26,App,38775.03
T0012431,A00335,C0268,2026-05-06,Bill Payment,,Branch,11552.44
T0005076,A00135,C0112,2025-07-08,Withdrawal,7134.65,Branch,10682.6
T0013071,A00352,C0282,2025-11-26,Airtime,6632.57,POS,-10042.53
T0004305,A00118,C0097,2026-03-21,Withdrawal,,POS,43108.7
T0007520,A00197,C0161,2025-10-18,Bill Payment,1690.51,ATM,63290.84
T0011087,A00298,C0240,2026-02-03,Salary Credit,1640.45,POS,23658.28
T0009720,A00260,C0212,2026-04-29,Purchase,7126.78,Branch,90118.53
T0012882,A00348,C0279,2025-11-07,Withdrawal,1840.39,Branch,35798.35
T0012341,A00332,C0266,2025-07-21,Transfer Out,1142.82,EFT,133698.15
T0006595,A00176,C0146,2025-12-21,Deposit,10521.15,EFT,53590.07
T0003463,A00096,C0081,2026-02-02,Bill Payment,715.12,App,233555.33
T0012582,A00340,C0272,2026-02-10,Purchase,6382.78,EFT,-12641.48
T0005982,A00159,C0132,2026-05-29,Deposit,7399.97,EFT,71428.9
T0009857,A00263,C0215,2025-12-23,Airtime,2789.83,Branch,31630.8
T0003593,A00099,C0083,2026-01-15,Transfer Out,2013.19,ATM,60698.98
T0005649,A00151,C0125,2025-10-22,Salary Credit,7898.65,POS,38675.11
T0004069,A00112,C0093,2025-10-26,Airtime,2849.91,Branch,26893.35
T0000669,A00020,C0018,2026-05-06,Deposit,14490.67,ATM,27747.1
T0003863,A00106,C0088,2025-07-05,Purchase,546.03,USSD,59550.53
T0002326,A00064,C0053,2026-03-29,Deposit,16937.12,App,126959.67
T0002562,A00070,C0057,2025-12-08,Airtime,3252.72,Branch,76710.9
T0011504,A00309,C0248,2025-12-02,Bill Payment,7349.95,EFT,54454.75
T0000504,A00015,C0014,2025-09-24,Purchase,4408.72,USSD,80750.69
T0008137,A00214,C0175,2025-12-12,Salary Credit,1574.94,USSD,70006.62
T0013917,A00373,C0298,2025-08-16,Airtime,2968.26,USSD,16218.31
T0004749,A00127,C0105,2026-04-23,Purchase,7766.14,EFT,43356.35
T0005067,A00135,C0112,2025-07-17,Purchase,5626.89,USSD,-3715.76
T0012254,A00330,C0264,2026-04-28,Withdrawal,7093.3,ATM,121736.3
T0001737,A00049,C0042,2026-04-18,Withdrawal,1035.0,App,190022.66
T0002848,A00079,C0065,2026-06-22,Transfer Out,1057.82,USSD,27382.35
T0012659,A00342,C0274,2025-10-19,Transfer Out,748.08,EFT,118283.88
T0012354,A00333,C0266,2026-05-05,Bill Payment,2313.6,USSD,42994.17
T0012013,A00324,C0259,2025-08-29,Deposit,8896.3,USSD,34299.03
T0002075,A00058,C0048,2025-12-11,Withdrawal,1587.48,App,73538.38
T0010621,A00285,C0230,2026-01-12,Deposit,21999.0,Branch,69652.61
T0002931,A00081,C0066,2025-09-20,Withdrawal,7937.36,USSD,163523.62
T0004249,A00117,C0097,2026-05-08,Deposit,19515.3,App,53667.37
T0003281,A00091,C0076,2025-11-18,Deposit,11538.02,ATM,77880.45
T0010760,A00290,C0234,2026-03-24,Airtime,5487.45,POS,-11833.22
T0002963,A00082,C0067,2026-04-21,Purchase,3241.14,USSD,81088.73
T0001944,A00055,C0046,2025-12-05,Transfer In,18710.47,Branch,53400.41
T0013126,A00354,C0283,2026-05-18,Deposit,15728.79,POS,51739.89
T0003842,A00106,C0088,2025-11-16,Withdrawal,1152.49,USSD,11270.03
T0013960,A00374,C0298,2025-07-28,Transfer In,16353.98,EFT,107298.56
T0010141,A00272,C0221,2026-01-30,Purchase,3590.5,EFT,112968.63
T0006100,A00164,C0136,2025-11-10,Deposit,6089.65,USSD,29761.92
T0005979,A00159,C0132,2025-12-07,Purchase,6313.5,USSD,42250.06
T0012000,A00324,C0259,2026-06-25,Salary Credit,16265.94,Branch,28792.28
T0008063,A00212,C0173,2025-07-28,Airtime,3815.18,ATM,14752.42
T0006396,A00171,C0141,2026-05-05,Withdrawal,2754.16,ATM,67727.1
T0006668,A00178,C0147,2026-05-18,Withdrawal,1977.62,POS,30174.49
T0009944,A00265,C0217,2025-07-27,Bill Payment,3722.39,POS,52720.68
T0003653,A00101,C0084,2025-10-23,Airtime,7183.74,POS,85588.64
T0009515,A00253,C0205,2026-01-14,Deposit,13527.64,ATM,102911.52
T0012160,A00328,C0263,2025-09-19,Airtime,6177.69,POS,102425.52
T0013101,A00353,C0283,2026-01-16,Transfer In,22285.06,ATM,27205.18
T0009524,A00254,C0206,2026-05-13,Bill Payment,3846.56,ATM,36087.04
T0013760,A00370,C0296,2026-04-17,Deposit,4853.8,ATM,44251.32
T0011810,A00317,C0254,2026-02-07,Purchase,6702.6,EFT,35549.52
T0002986,A00083,C0068,2025-11-21,Transfer Out,6903.49,USSD,83059.29
T0010417,A00279,C0226,2025-09-17,Bill Payment,5308.08,POS,98550.06
T0007769,A00203,C0166,2025-07-08,Deposit,138.97,Branch,102357.67
T0003354,A00093,C0078,2025-07-21,Bill Payment,6714.66,ATM,-6842.49
T0006031,A00160,C0133,2025-09-04,Withdrawal,6148.67,ATM,49061.39
T0001017,A00032,C0029,2026-04-27,Airtime,7375.45,USSD,67961.9
T0007647,A00200,C0164,2025-08-06,Bill Payment,5129.99,POS,135178.62
T0010809,A00291,C0234,2025-09-09,Airtime,3694.21,App,63750.57
T0009566,A00256,C0208,2026-05-18,Bill Payment,4112.61,App,-2326.13
T0008606,A00227,C0185,2025-10-19,Bill Payment,3629.58,USSD,143564.94
T0008224,A00217,C0178,2025-09-03,Salary Credit,7734.63,EFT,80666.37
T0008580,A00227,C0185,2026-01-02,Salary Credit,22071.89,POS,46857.86
T0010613,A00285,C0230,2026-05-24,Airtime,6097.21,ATM,39583.99
T0002790,A00077,C0063,2025-12-13,Purchase,6065.32,POS,166222.75
T0005831,A00154,C0128,2026-05-29,Transfer In,16439.76,Branch,125465.83
T0008490,A00225,C0183,2025-07-01,Purchase,2873.65,EFT,38950.02
T0002520,A00069,C0056,2025-09-04,Salary Credit,15410.9,EFT,180880.73
T0010268,A00275,C0224,2025-11-26,Airtime,7626.8,ATM,63863.85
T0002177,A00060,C0050,2026-04-03,Bill Payment,6869.2,EFT,72277.04
T0007169,A00189,C0155,2026-03-17,Bill Payment,6999.89,EFT,67960.23
T0003255,A00090,C0075,2025-11-15,Salary Credit,1144.75,Branch,104979.09
T0000051,A00002,C0002,2026-02-02,Purchase,3832.05,App,64447.43
T0005899,A00156,C0130,2025-12-25,Purchase,3080.95,POS,170196.71
T0001276,A00038,C0033,2025-12-26,Salary Credit,15911.0,App,212410.21
T0005646,A00151,C0125,2026-05-22,Transfer Out,4079.95,EFT,20386.97
T0011869,A00319,C0255,2026-02-02,Transfer Out,2267.27,POS,25380.64
T0007062,A00186,C0153,2025-12-21,Transfer In,14544.43,POS,131728.44
T0004698,A00126,C0104,2026-05-13,Withdrawal,3552.12,Branch,74142.26
T0011483,A00309,C0248,2026-01-03,Salary Credit,5784.04,USSD,83817.74
T0008477,A00224,C0183,2025-07-19,Bill Payment,622.24,App,-986.53
T0010228,A00274,C0223,2025-09-16,Withdrawal,190.21,USSD,101376.69
T0010844,A00292,C0235,2025-10-09,Airtime,6728.67,ATM,74938.97
T0007779,A00203,C0166,2026-03-30,Salary Credit,8134.5,App,161581.52
T0008443,A00223,C0182,2025-08-05,Deposit,10616.69,USSD,26034.83
T0005678,A00151,C0125,2026-05-03,Transfer In,6338.38,USSD,135013.95
T0007544,A00198,C0162,2026-06-17,Salary Credit,18923.14,Branch,66018.65
T0002456,A00068,C0056,2026-02-15,Deposit,24896.35,POS,234515.68
T0008293,A00218,C0179,2026-05-01,Transfer Out,2009.83,EFT,79086.13
T0012355,A00333,C0266,2025-07-06,Salary Credit,17043.41,Branch,60037.58
T0007561,A00198,C0162,2026-04-14,Transfer In,12695.13,App,177994.34
T0006543,A00175,C0145,2026-04-13,Transfer In,19185.75,EFT,69281.43
T0009826,A00263,C0215,2026-01-31,Airtime,816.51,POS,9274.4
T0002242,A00062,C0051,2026-03-29,Bill Payment,5848.44,ATM,99050.18
T0008643,A00228,C0185,2025-08-31,Airtime,5190.67,EFT,-3383.52
T0005040,A00134,C0111,2025-10-11,Withdrawal,1361.94,Branch,37062.97
T0008002,A00209,C0172,2026-03-03,Salary Credit,,ATM,224768.04
T0002832,A00078,C0064,2025-08-16,Transfer In,12365.27,USSD,187485.33
T0010968,A00296,C0238,2026-04-19,Deposit,7357.5,EFT,35222.92
T0004796,A00128,C0106,2025-12-12,Deposit,8387.7,ATM,73375.35
T0012654,A00342,C0274,2025-07-22,Deposit,8425.36,POS,88895.0
T0000425,A00013,C0013,2025-10-01,Purchase,7834.59,App,39650.55
T0005199,A00138,C0114,2025-12-07,Purchase,840.31,Branch,70520.14
T0005215,A00138,C0114,2026-01-12,Bill Payment,5526.37,App,71631.95
T0009072,A00240,C0195,2026-03-05,Transfer In,20720.27,App,77316.08
T0010346,A00278,C0225,2025-10-23,Transfer In,8498.99,Branch,62132.9
T0004538,A00123,C0102,2026-03-26,Airtime,3397.49,EFT,92628.96
T0005486,A00146,C0121,2026-01-07,Airtime,6488.22,ATM,120309.95
T0003817,A00105,C0087,2025-12-06,Withdrawal,7638.92,ATM,35440.29
T0013937,A00373,C0298,2025-08-22,Deposit,,EFT,95881.16
T0008873,A00234,C0190,2026-03-20,Transfer In,11051.31,POS,56515.69
T0013252,A00357,C0286,2026-01-16,Salary Credit,23539.74,App,113895.84
T0012095,A00326,C0261,2025-10-02,Bill Payment,1567.57,USSD,99264.77
T0004296,A00118,C0097,2026-04-30,Withdrawal,7907.72,USSD,14977.94
T0001684,A00049,C0042,2026-01-14,Bill Payment,3204.93,Branch,31438.43
T0000594,A00018,C0016,2025-07-19,Withdrawal,6152.73,EFT,64360.32
T0011060,A00297,C0239,2026-04-02,Bill Payment,2981.83,EFT,53992.65
T0008901,A00234,C0190,2026-01-15,Salary Credit,8270.7,Branch,124983.32
T0008103,A00213,C0174,2026-05-03,Airtime,3875.08,POS,19512.65
T0003108,A00086,C0071,2025-10-23,Withdrawal,1605.34,USSD,24540.72
T0006069,A00163,C0135,2025-12-07,Purchase,6230.72,EFT,24745.29
T0004261,A00117,C0097,2025-12-07,Airtime,7144.45,Branch,67359.31
T0002680,A00073,C0059,2025-09-21,Bill Payment,1648.66,App,79510.89
T0000638,A00019,C0017,2026-02-25,Withdrawal,3655.56,USSD,70444.05
T0006806,A00180,C0149,2025-09-07,Deposit,18046.72,ATM,117440.85
T0000810,A00025,C0023,2026-02-14,Airtime,758.0,USSD,71052.66
T0010766,A00290,C0234,2026-02-05,Transfer In,20321.86,EFT,9450.4
T0003918,A00108,C0090,2026-03-05,Transfer Out,7788.96,Branch,2224.77
T0007899,A00207,C0170,2025-09-26,Transfer Out,694.08,EFT,184468.6
T0010569,A00283,C0229,2025-09-23,Bill Payment,6065.81,Branch,63114.83
T0012475,A00337,C0269,2025-08-11,Transfer In,1938.15,App,46626.48
T0009413,A00250,C0203,2025-08-30,Salary Credit,10942.79,App,144142.24
T0002046,A00058,C0048,2026-01-20,Deposit,9147.99,POS,49466.21
T0012987,A00350,C0281,2025-08-25,Airtime,2849.63,ATM,20256.86
T0004968,A00132,C0109,2025-12-12,Deposit,10259.21,App,129065.29
T0009789,A00262,C0214,2026-02-03,Bill Payment,,USSD,28867.64
T0003826,A00105,C0087,2025-09-25,Deposit,23362.83,App,52298.7
T0005609,A00149,C0123,2025-07-18,Bill Payment,6401.27,Branch,85829.92
T0005256,A00139,C0115,2026-04-01,Deposit,19027.4,ATM,53004.43
T0006078,A00163,C0135,2025-12-31,Transfer Out,58.87,USSD,35723.49
T0005396,A00144,C0119,2025-10-27,Transfer Out,1553.15,USSD,28222.37
T0001647,A00048,C0041,2025-10-08,Transfer Out,1531.81,Branch,37291.7
T0006449,A00172,C0142,2026-04-04,Withdrawal,7532.69,ATM,33605.33
T0005224,A00138,C0114,2026-05-18,Salary Credit,1323.99,ATM,45290.44
T0012002,A00324,C0259,2026-03-03,Purchase,212.48,ATM,22085.32
T0006632,A00177,C0146,2026-04-19,Transfer In,23291.75,App,91460.9
T0000667,A00020,C0018,2026-05-06,Bill Payment,4993.52,EFT,3577.03
T0005328,A00142,C0117,2026-05-21,Withdrawal,2050.79,USSD,39829.31
T0004706,A00126,C0104,2025-07-04,Purchase,1226.77,USSD,120265.2
T0001368,A00040,C0035,2026-02-19,Withdrawal,7559.03,USSD,78174.83
T0011667,A00313,C0251,2026-02-11,Bill Payment,4190.11,Branch,96705.3
T0007935,A00208,C0171,2026-02-10,Deposit,14159.26,EFT,74173.2
T0011942,A00322,C0257,2026-05-07,Withdrawal,580.45,App,48781.96
T0007868,A00206,C0169,2025-08-22,Purchase,1523.78,App,66731.96
T0009847,A00263,C0215,2026-06-12,Deposit,5529.9,Branch,34187.18
T0007659,A00200,C0164,2025-11-20,Transfer In,8440.01,POS,179119.52
T0009704,A00259,C0211,2025-09-08,Purchase,208.89,Branch,93533.33
T0002747,A00076,C0062,2025-12-04,Bill Payment,2024.32,POS,-3512.32
T0012488,A00337,C0269,2026-01-05,Deposit,2350.04,ATM,71801.73
T0002935,A00081,C0066,2026-04-17,Bill Payment,7751.95,App,171374.16
T0001346,A00040,C0035,2026-06-03,Withdrawal,6226.29,USSD,103047.56
T0011171,A00300,C0241,2026-03-27,Transfer In,8390.66,USSD,35375.26
T0000751,A00023,C0021,2025-07-28,Airtime,2294.81,Branch,28081.7
T0000755,A00023,C0021,2026-01-31,Transfer In,18702.46,ATM,59737.48
T0008934,A00235,C0190,2025-11-11,Salary Credit,7043.05,EFT,166079.79
T0003130,A00086,C0071,2026-01-11,Withdrawal,2410.45,USSD,79857.83
T0003138,A00086,C0071,2026-04-10,Transfer In,8399.34,App,89117.53
T0011611,A00312,C0250,2025-09-19,Salary Credit,1918.48,EFT,78390.47
T0008543,A00226,C0184,2025-08-23,Airtime,4834.15,ATM,63928.98
T0013645,A00366,C0293,2026-06-08,Purchase,345.87,EFT,39616.2
T0005571,A00148,C0122,2026-02-01,Transfer Out,161.59,USSD,86417.81
T0009104,A00241,C0196,2026-06-10,Purchase,4490.0,POS,29607.09
T0001903,A00054,C0045,2025-08-18,Deposit,15661.82,App,80140.36
T0005928,A00157,C0131,2025-09-28,Transfer In,23393.34,EFT,101773.44
T0010136,A00272,C0221,2025-09-17,Transfer Out,337.62,EFT,52150.76
T0005103,A00135,C0112,2025-12-25,Purchase,7793.17,USSD,24753.55
T0003628,A00100,C0083,2025-08-30,Bill Payment,5799.28,USSD,-8292.56
T0006378,A00170,C0141,2025-12-27,Airtime,5910.14,USSD,113843.47
T0007905,A00207,C0170,2025-12-20,Bill Payment,386.5,EFT,234762.64
T0002960,A00082,C0067,2025-10-08,Withdrawal,2734.68,App,93152.3
T0002845,A00079,C0065,2026-01-25,Transfer In,4347.96,ATM,29679.13
T0010928,A00295,C0237,2025-07-01,Salary Credit,12504.15,POS,13263.62
T0009965,A00266,C0217,2026-05-30,Airtime,651.76,POS,14486.83
T0009569,A00256,C0208,2026-06-24,Transfer In,3050.79,Branch,-5986.62
T0002029,A00057,C0047,2026-01-23,Salary Credit,18945.02,EFT,74646.26
T0011071,A00297,C0239,2026-03-21,Salary Credit,17042.94,USSD,66641.62
T0003818,A00105,C0087,2025-11-19,Salary Credit,801.22,POS,36241.51
T0004744,A00127,C0105,2026-03-08,Airtime,5387.68,EFT,42084.59
T0007965,A00209,C0172,2025-09-17,Withdrawal,1678.42,App,69132.32
T0012251,A00330,C0264,2026-04-21,Salary Credit,19328.19,App,110489.47
T0012494,A00337,C0269,2025-07-26,Airtime,779.36,USSD,71811.67
T0004785,A00128,C0106,2025-12-06,Salary Credit,8061.0,ATM,73764.83
T0011493,A00309,C0248,2025-08-24,Airtime,2116.53,ATM,38590.42
T0006071,A00163,C0135,2026-04-15,Transfer In,3719.72,App,42205.33
T0003548,A00098,C0082,2026-01-15,Transfer In,2207.59,POS,163873.73
T0009101,A00241,C0196,2026-03-13,Transfer Out,1061.25,ATM,20513.77
T0013059,A00351,C0281,2026-02-23,Transfer Out,6435.14,App,-48845.23
T0013062,A00352,C0282,2026-04-25,Salary Credit,20165.1,ATM,30429.71
T0003575,A00099,C0083,2026-02-10,Bill Payment,7332.01,POS,16601.12
T0007716,A00201,C0165,2025-09-11,Salary Credit,12922.46,POS,117772.65
T0012977,A00349,C0280,2025-08-22,Transfer In,18776.8,POS,149191.47
T0010657,A00286,C0231,2026-04-01,Withdrawal,3639.33,Branch,49891.48
T0004247,A00117,C0097,2025-10-16,Salary Credit,1103.84,ATM,36367.06
T0003506,A00098,C0082,2025-12-16,Transfer Out,1523.24,USSD,25853.2
T0012721,A00343,C0275,2026-04-25,Purchase,3809.04,Branch,103755.58
T0011597,A00312,C0250,2025-12-16,Transfer In,12929.48,ATM,84178.1
T0009832,A00263,C0215,2025-10-31,Withdrawal,1409.16,POS,4696.15
T0010930,A00295,C0237,2026-02-06,Deposit,11947.68,EFT,30431.79
T0013434,A00361,C0289,2026-01-30,Deposit,23411.79,Branch,134832.53
T0010854,A00293,C0236,2025-07-10,Airtime,962.46,ATM,10356.37
T0000992,A00031,C0029,2025-11-05,Bill Payment,2377.94,App,90110.14
T0000356,A00012,C0012,2025-11-06,Bill Payment,7781.94,EFT,-6341.25
T0003036,A00084,C0069,2026-03-23,Salary Credit,8797.89,USSD,102536.86
T0000393,A00012,C0012,2025-11-24,Transfer In,936.87,POS,93426.2
T0001221,A00037,C0032,2026-01-05,Withdrawal,6048.07,Branch,90845.06
T0001090,A00034,C0030,2026-05-11,Airtime,1468.03,Branch,104489.94
T0004087,A00112,C0093,2026-04-11,Purchase,1397.46,App,53771.11
T0004827,A00129,C0106,2026-06-15,Airtime,1586.29,ATM,77443.79
T0002925,A00081,C0066,2026-02-16,Deposit,12371.37,POS,153659.73
T0002076,A00058,C0048,2026-03-01,Transfer In,2586.91,POS,76125.29
T0004379,A00119,C0098,2026-06-22,Salary Credit,1698.93,POS,234522.64
T0002591,A00071,C0057,2026-01-09,Transfer Out,3001.51,ATM,42953.14
T0010992,A00296,C0238,2026-02-09,Withdrawal,357.55,App,137340.77
T0005655,A00151,C0125,2026-04-30,Bill Payment,3592.96,ATM,44712.78
T0013599,A00365,C0292,2025-07-05,Transfer Out,6989.63,ATM,34377.37
T0004565,A00123,C0102,2025-09-29,Bill Payment,7855.05,Branch,86607.91
T0006818,A00181,C0149,2026-03-13,Bill Payment,6235.3,App,3452.5
T0004048,A00110,C0091,2025-10-24,Airtime,2283.77,USSD,155383.21
T0012025,A00324,C0259,2025-11-19,Withdrawal,5680.54,ATM,45599.03
T0001300,A00039,C0034,2026-05-06,Bill Payment,2705.67,Branch,29707.72
T0004520,A00123,C0102,2025-08-17,Transfer Out,-4870.69,POS,43612.24
T0010663,A00287,C0231,2025-09-01,Transfer Out,7072.1,POS,13789.16
T0013748,A00369,C0295,2025-10-28,Airtime,2087.44,App,98167.23
T0011728,A00315,C0253,2026-06-30,Deposit,10199.03,USSD,59443.11
T0006525,A00174,C0144,2026-06-14,Salary Credit,14022.97,App,121331.32
T0002235,A00062,C0051,2025-11-19,Transfer Out,7579.86,USSD,68211.2
T0005808,A00154,C0128,2025-08-06,Bill Payment,3826.07,ATM,68165.16
T0008353,A00220,C0180,2025-11-24,Salary Credit,15738.45,POS,126565.54
T0011346,A00305,C0244,2026-04-20,Transfer In,692.64,ATM,72047.07
T0011885,A00319,C0255,2025-09-03,Bill Payment,1810.32,USSD,133433.0
T0001174,A00036,C0032,2026-06-05,Withdrawal,1356.12,USSD,80108.75
T0011320,A00304,C0244,2025-11-16,Transfer In,22597.9,EFT,-8164.08
T0009639,A00257,C0209,2026-05-15,Bill Payment,2062.76,ATM,-4335.36
T0004743,A00127,C0105,2025-11-21,Airtime,7545.68,ATM,47472.27
T0013338,A00359,C0288,2025-10-29,Salary Credit,649.57,Branch,20989.42
T0002921,A00081,C0066,2026-01-31,Purchase,4588.71,EFT,116715.95
T0006959,A00184,C0151,2026-04-02,Airtime,1748.68,App,29978.85
T0001856,A00053,C0045,2026-03-08,Bill Payment,-5504.03,Branch,54319.82
T0005737,A00153,C0127,2026-04-05,Salary Credit,6409.27,EFT,80358.63
T0011912,A00321,C0256,2026-02-08,Withdrawal,5042.81,USSD,11832.66
T0010108,A00271,C0221,2026-02-05,Deposit,3159.25,Branch,35566.78
T0005185,A00137,C0113,2026-01-25,Bill Payment,2494.55,EFT,54056.97
T0013171,A00355,C0284,2026-01-05,Bill Payment,3408.31,App,73213.14
T0011770,A00316,C0254,2026-01-03,Bill Payment,688.37,POS,25907.59
T0004324,A00118,C0097,2025-08-10,Bill Payment,3489.12,Branch,1727.81
T0007984,A00209,C0172,2026-01-20,Withdrawal,7217.49,ATM,128891.98
T0005315,A00142,C0117,2025-11-01,Withdrawal,6552.8,USSD,-4490.06
T0000287,A00010,C0010,2025-11-24,Bill Payment,6470.27,App,-22171.18
T0014020,A00375,C0299,2025-09-02,Withdrawal,1800.4,POS,36758.06
T0006922,A00183,C0151,2025-12-23,Transfer In,21877.2,Branch,84420.71
T0011395,A00306,C0245,2025-08-21,Bill Payment,2386.42,USSD,47597.77
T0002599,A00071,C0057,2026-04-09,Salary Credit,1109.06,EFT,62229.61
T0002499,A00069,C0056,2025-08-21,Purchase,1130.86,POS,64646.44
T0007752,A00203,C0166,2025-12-06,Bill Payment,668.09,USSD,75059.79
T0000834,A00026,C0024,2025-07-25,Transfer Out,2347.48,App,58204.81
T0004447,A00121,C0100,2026-05-05,Deposit,13989.88,POS,149442.24
T0012521,A00338,C0270,2026-04-29,Salary Credit,6057.35,ATM,24120.75
T0006557,A00175,C0145,2026-06-27,Transfer Out,444.81,USSD,77914.21
T0006007,A00159,C0132,2025-11-24,Withdrawal,4482.02,ATM,109735.74
T0002523,A00069,C0056,2025-08-13,Purchase,6187.89,Branch,167940.36
T0006947,A00183,C0151,2025-08-23,Withdrawal,2318.5,App,192361.1
T0013295,A00358,C0287,2025-09-29,Withdrawal,96.36,App,39606.07
T0005440,A00145,C0120,2026-06-28,Deposit,20879.51,EFT,77500.5
T0000285,A00010,C0010,2026-06-29,Withdrawal,6090.98,POS,-10300.45
T0013526,A00363,C0290,2025-12-06,Deposit,,EFT,176839.34
T0013382,A00360,C0288,2025-07-31,Withdrawal,273.26,Branch,75461.92
T0011502,A00309,C0248,2026-04-25,Salary Credit,3383.12,App,65075.69
T0009834,A00263,C0215,2026-05-15,Salary Credit,3596.63,EFT,1439.79
T0007988,A00209,C0172,2025-08-19,Deposit,2724.46,POS,170885.66
T0000894,A00028,C0026,2025-08-20,Salary Credit,2591.41,Branch,27028.79
T0008557,A00226,C0184,2026-05-03,Transfer In,4348.05,USSD,69256.54
T0007127,A00188,C0154,2026-03-20,Bill Payment,1367.07,EFT,81395.61
T0000695,A00021,C0019,2025-11-17,Airtime,2177.2,Branch,-10771.49
T0009287,A00246,C0200,2025-08-29,Salary Credit,24935.79,Branch,62342.05
T0007696,A00201,C0165,2025-09-21,Transfer Out,7247.63,EFT,76424.98
T0012833,A00347,C0279,2026-06-19,Transfer In,19585.47,Branch,75029.97
T0000527,A00016,C0015,2026-03-26,Transfer In,6133.65,EFT,17969.64
T0009478,A00252,C0204,2026-01-13,Deposit,16342.53,EFT,81832.52
T0006326,A00169,C0140,2025-12-25,Purchase,3347.75,Branch,58420.34
T0012600,A00341,C0273,2026-06-07,Transfer Out,-1193.13,POS,44274.11
T0001274,A00038,C0033,2025-08-06,Bill Payment,7082.3,App,198069.15
T0012611,A00341,C0273,2025-09-23,Airtime,86.39,EFT,90361.26
T0004547,A00123,C0102,2025-12-09,Withdrawal,2063.63,POS,74346.44
T0010367,A00278,C0225,2025-08-20,Deposit,20409.61,EFT,149556.44
T0011055,A00297,C0239,2026-05-22,Bill Payment,4356.75,EFT,54228.28
T0010821,A00292,C0235,2026-02-07,Airtime,5891.54,Branch,29201.63
T0001024,A00032,C0029,2025-07-10,Airtime,7049.63,ATM,78141.32
T0002498,A00069,C0056,2025-10-26,Salary Credit,20229.62,App,65777.3
T0013545,A00364,C0291,2026-02-19,Transfer In,730.69,POS,86478.42
T0000176,A00006,C0006,2026-05-13,Bill Payment,329.48,Branch,51101.99
T0011804,A00317,C0254,2026-03-23,Transfer Out,625.4,ATM,13057.26
T0002507,A00069,C0056,2025-11-12,Salary Credit,1763.79,ATM,122000.72
T0006772,A00180,C0149,2025-09-22,Airtime,4669.94,ATM,28553.51
T0007926,A00207,C0170,2025-09-10,Purchase,2449.12,POS,310721.88
T0007205,A00189,C0155,2025-07-31,Airtime,5096.17,ATM,154814.26
T0005721,A00152,C0126,2026-04-19,Transfer In,15080.94,EFT,89123.25
T0014064,A00376,C0300,2025-12-27,Airtime,1125.95,App,75411.39
T0001442,A00042,C0036,2025-10-06,Bill Payment,3970.31,POS,56490.06
T0002280,A00063,C0052,2025-07-23,Purchase,1150.52,USSD,86772.05
T0000732,A00022,C0020,2025-08-19,Salary Credit,15319.52,App,164036.76
T0011449,A00307,C0246,2025-09-28,Airtime,4914.25,ATM,119663.5
T0002236,A00062,C0051,2026-05-03,Salary Credit,10827.67,ATM,79038.87
T0002739,A00075,C0061,2025-07-09,Transfer In,16165.99,POS,91759.3
T0010789,A00291,C0234,2025-09-10,Transfer In,19540.45,Branch,30516.7
T0006527,A00174,C0144,2026-01-13,Deposit,19483.07,ATM,155432.86
T0008965,A00236,C0191,2025-09-07,Transfer Out,136.36,App,23587.61
T0003355,A00093,C0078,2025-07-03,Bill Payment,4093.29,ATM,-10935.78
T0013893,A00372,C0297,2025-07-26,Deposit,16050.33,ATM,147819.93
T0008059,A00211,C0173,2025-12-04,Bill Payment,3528.01,USSD,104498.33
T0002760,A00076,C0062,2025-09-24,Deposit,23163.08,ATM,49199.12
T0002626,A00072,C0058,2026-02-09,Bill Payment,6524.19,EFT,32659.32
T0011626,A00312,C0250,2026-05-16,Bill Payment,1739.27,Branch,146060.36
T0005363,A00143,C0118,2026-03-24,Withdrawal,6382.39,USSD,-52953.63
T0006780,A00180,C0149,2025-09-11,Transfer In,6594.29,USSD,55497.2
T0013825,A00371,C0296,2025-09-20,Salary Credit,11346.41,Branch,67130.13
T0008131,A00214,C0175,2026-06-03,Withdrawal,1930.25,App,65406.57
T0013043,A00351,C0281,2026-06-05,Purchase,6508.28,USSD,-26698.54
T0005936,A00157,C0131,2025-08-29,Purchase,5781.91,USSD,108602.69
T0001855,A00053,C0045,2026-06-22,Bill Payment,5644.45,EFT,59823.85
T0007049,A00186,C0153,2025-08-01,Purchase,7075.48,ATM,54314.86
T0000459,A00014,C0014,2025-10-21,Transfer Out,652.09,POS,55925.34
T0003450,A00096,C0081,2026-06-15,Purchase,5841.32,ATM,176027.12
T0008442,A00223,C0182,2026-05-21,Purchase,3107.38,ATM,15418.14
T0005863,A00156,C0130,2025-09-18,Transfer Out,7336.19,ATM,-803.42
T0004321,A00118,C0097,2026-06-29,Bill Payment,7749.66,Branch,2612.39
T0000846,A00026,C0024,2025-09-05,Withdrawal,3409.94,App,80437.76
T0000781,A00024,C0022,2026-06-26,Withdrawal,4494.85,ATM,41331.72
T0010548,A00282,C0228,2025-11-16,Deposit,18123.44,Branch,13855.94
T0006948,A00183,C0151,2025-12-05,Transfer In,16317.39,USSD,208678.49
T0009628,A00257,C0209,2026-01-15,Transfer Out,813.54,Branch,-3315.23
T0010864,A00293,C0236,2026-02-21,Deposit,3026.46,EFT,15272.59
T0004383,A00119,C0098,2025-10-11,Transfer Out,4612.77,Branch,219988.72
T0000903,A00028,C0026,2026-03-21,Salary Credit,16821.85,App,81658.74
T0006754,A00179,C0148,2026-02-09,Transfer In,14878.84,EFT,69056.49
T0013455,A00361,C0289,2026-02-15,Transfer Out,4723.73,USSD,168551.61
T0002923,A00081,C0066,2026-04-03,Transfer In,21928.41,ATM,144567.59
T0004099,A00113,C0093,2026-04-02,Purchase,1093.06,EFT,16510.27
T0008237,A00217,C0178,2026-05-13,Transfer Out,305.53,POS,117884.27
T0013499,A00363,C0290,2025-09-25,Transfer Out,2667.36,POS,121692.4
T0001399,A00041,C0036,2025-12-04,Deposit,23391.82,EFT,112454.67
T0011532,A00310,C0249,2025-08-22,Transfer In,4880.68,POS,62260.97
T0004221,A00116,C0096,2025-12-15,Transfer In,15117.75,POS,62605.45
T0003088,A00085,C0070,2026-01-26,Salary Credit,2631.49,USSD,122209.84
T0008321,A00220,C0180,2025-12-20,Transfer Out,7040.88,ATM,-6537.57
T0010665,A00287,C0231,2026-04-27,Deposit,15224.14,Branch,29153.17
T0006488,A00173,C0143,2026-03-21,Purchase,3503.99,ATM,73349.39
T0009594,A00256,C0208,2025-10-10,Withdrawal,5021.6,USSD,84161.66
T0006740,A00179,C0148,2025-11-06,Bill Payment,1409.76,App,-55417.89
T0005261,A00140,C0116,2026-03-03,Transfer Out,5877.85,POS,41070.3
T0008301,A00219,C0180,2026-01-01,Bill Payment,7613.57,ATM,67641.13
T0004522,A00123,C0102,2025-12-23,Withdrawal,5834.29,Branch,62100.74
T0009664,A00258,C0210,2026-03-05,Deposit,18332.33,USSD,76946.36
T0008394,A00222,C0181,2025-08-22,Purchase,196.08,App,54994.23
T0002058,A00058,C0048,2025-11-09,Transfer In,797.32,Branch,60005.73
T0010845,A00292,C0235,2025-10-19,Bill Payment,5312.32,ATM,69626.65
T0011200,A00300,C0241,2025-08-27,Airtime,4902.32,App,69176.99
T0006435,A00172,C0142,2026-02-07,Deposit,6266.24,ATM,22591.38
T0013222,A00356,C0285,2026-04-26,Transfer Out,5062.73,ATM,157630.02
T0006792,A00180,C0149,2026-03-30,Withdrawal,,USSD,62310.57
T0011328,A00304,C0244,2025-07-27,Salary Credit,8657.16,ATM,20986.61
T0001443,A00042,C0036,2025-08-08,Purchase,3513.2,POS,52976.86
T0005439,A00145,C0120,2025-10-26,Transfer Out,-2253.79,EFT,56620.99
T0000733,A00022,C0020,2025-08-24,Withdrawal,3987.21,ATM,160049.55
T0006127,A00164,C0136,2025-07-20,Transfer Out,602.41,App,90752.53
T0004088,A00112,C0093,2025-08-24,Purchase,2834.3,USSD,50936.81
T0006607,A00177,C0146,2025-07-29,Salary Credit,14583.87,App,51513.09
T0002654,A00072,C0058,2026-06-29,Airtime,3607.91,USSD,51196.46
T0001316,A00040,C0035,2025-11-09,Salary Credit,23792.45,USSD,73965.07
T0000165,A00006,C0006,2026-01-19,Deposit,12602.33,POS,32217.55
T0010667,A00287,C0231,2026-05-29,Transfer In,5969.78,ATM,30133.42
T0010191,A00273,C0222,2026-01-13,Bill Payment,2624.34,POS,51603.2
T0010924,A00295,C0237,2025-10-02,Withdrawal,2743.05,ATM,5081.52
T0006624,A00177,C0146,2026-02-13,Airtime,313.74,EFT,77987.37
T0011623,A00312,C0250,2026-04-13,Purchase,7352.17,USSD,119894.56
T0007780,A00203,C0166,2025-07-05,Transfer Out,5676.7,POS,155904.82
T0002378,A00067,C0055,2026-02-23,Salary Credit,11359.19,EFT,-239.91
T0006334,A00169,C0140,2025-07-23,Purchase,4331.88,Branch,55958.14
T0004311,A00118,C0097,2025-08-22,Bill Payment,6726.04,EFT,38035.55
T0010260,A00275,C0224,2025-12-11,Bill Payment,6059.13,Branch,49787.77
T0011580,A00311,C0250,2026-03-19,Withdrawal,3418.32,USSD,70859.06
T0008385,A00222,C0181,2025-07-13,Bill Payment,1296.11,Branch,46713.56
T0000157,A00005,C0005,2026-05-23,Transfer Out,7816.92,App,43842.97
T0013918,A00373,C0298,2025-09-16,Salary Credit,24579.17,USSD,40797.48
T0012358,A00333,C0266,2025-10-24,Airtime,1535.21,POS,74156.87
T0014061,A00376,C0300,2026-02-10,Bill Payment,2295.32,App,69087.22
T0008447,A00223,C0182,2025-10-17,Salary Credit,13148.55,USSD,72784.91
T0006056,A00162,C0134,2026-01-20,Transfer In,21546.29,ATM,42978.04
T0005139,A00136,C0112,2026-02-02,Transfer In,6417.86,ATM,83050.77
T0012748,A00344,C0276,2025-08-02,Airtime,6208.43,ATM,85541.05
T0010586,A00284,C0230,2026-02-13,Salary Credit,8948.66,App,42460.77
T0009804,A00262,C0214,2025-09-18,Bill Payment,1596.3,EFT,49737.96
T0008313,A00219,C0180,2025-12-09,Transfer In,23075.83,POS,105651.18
T0001584,A00046,C0039,2026-01-10,Transfer Out,5280.88,ATM,46157.55
T0010861,A00293,C0236,2026-02-15,Purchase,3985.05,ATM,-982.07
T0005358,A00143,C0118,2026-01-10,Withdrawal,7387.72,USSD,-26626.75
T0010620,A00285,C0230,2026-02-18,Salary Credit,10982.3,USSD,47653.61
T0008023,A00210,C0172,2025-10-19,Bill Payment,3300.51,POS,7488.3
T0006613,A00177,C0146,2025-08-20,Deposit,15209.11,EFT,53458.54
T0013112,A00353,C0283,2026-01-22,Transfer Out,128.81,EFT,51673.1
T0008242,A00217,C0178,2026-01-26,Transfer In,6126.44,Branch,139601.8
T0013350,A00359,C0288,2026-03-06,Withdrawal,7787.13,Branch,86061.02
T0002112,A00059,C0049,2026-01-19,Salary Credit,19972.62,App,112210.93
T0013313,A00358,C0287,2025-12-26,Purchase,5395.2,USSD,98057.7
T0005482,A00146,C0121,2025-09-18,Airtime,1028.1,ATM,89627.03
T0011023,A00297,C0239,2026-04-06,Bill Payment,1759.21,USSD,-2866.12
T0008148,A00215,C0176,2026-06-09,Transfer Out,4607.41,Branch,84899.06
T0011837,A00318,C0255,2025-10-28,Transfer In,11154.11,Branch,60608.9
T0001966,A00056,C0047,2026-05-02,Transfer In,23792.2,ATM,75201.53
T0002964,A00082,C0067,2025-10-22,Airtime,4247.33,Branch,76841.4
T0008737,A00230,C0187,2025-10-24,Transfer Out,6152.93,Branch,92428.61
T0008015,A00210,C0172,2026-03-30,Withdrawal,7120.27,ATM,36371.11
T0001933,A00054,C0045,2025-07-09,Airtime,6701.44,Branch,125595.27
T0009401,A00250,C0203,2025-12-29,Deposit,-13200.54,App,107603.55
T0010504,A00281,C0228,2026-04-21,Airtime,7367.55,ATM,29737.6
T0013818,A00371,C0296,2026-03-14,Purchase,1769.93,USSD,44175.56
T0004486,A00122,C0101,2025-12-17,Airtime,7375.7,USSD,54585.08
T0000896,A00028,C0026,2025-10-12,Salary Credit,15922.56,App,41601.66
T0007551,A00198,C0162,2025-09-19,Deposit,20535.17,USSD,118437.88
T0010061,A00269,C0219,2026-06-01,Airtime,2728.43,ATM,110362.14
T0003882,A00107,C0089,2026-04-21,Transfer Out,2281.4,Branch,45305.98
T0009111,A00242,C0197,2025-10-02,Purchase,2440.74,EFT,1076.66
T0007261,A00191,C0156,2025-11-09,Bill Payment,130.45,EFT,265.87
T0002589,A00071,C0057,2026-03-13,Purchase,6442.61,POS,46896.63
T0011347,A00305,C0244,2026-05-31,Purchase,1229.27,USSD,70817.8
T0003078,A00085,C0070,2026-01-06,Salary Credit,14794.06,Branch,102721.87
T0012076,A00326,C0261,2026-02-22,Salary Credit,5156.3,App,79367.76
T0005397,A00144,C0119,2025-08-12,Deposit,10265.52,Branch,38487.89
T0006436,A00172,C0142,2026-03-06,Transfer In,20573.68,EFT,43165.06
T0009138,A00242,C0197,2026-04-11,Transfer Out,282.83,ATM,6550.11
T0004789,A00128,C0106,2025-07-20,Purchase,7110.85,USSD,65423.31
T0003201,A00088,C0073,2025-12-23,Transfer In,10809.08,USSD,119377.38
T0003699,A00102,C0084,2026-01-18,Salary Credit,6929.04,EFT,67239.05
T0005029,A00134,C0111,2026-04-23,Withdrawal,674.01,ATM,41799.86
T0000069,A00003,C0003,2025-10-13,Purchase,4300.39,USSD,55949.63
T0010005,A00267,C0218,2026-05-27,Deposit,21057.82,ATM,93300.38
T0002005,A00057,C0047,2025-11-09,Withdrawal,6698.09,App,32076.94
T0009600,A00256,C0208,2025-07-17,Purchase,2625.97,POS,103531.44
T0011193,A00300,C0241,2025-10-27,Airtime,1525.48,ATM,86946.69
T0000248,A00009,C0009,2025-08-27,Purchase,5575.44,ATM,8528.25
T0006951,A00183,C0151,2025-10-08,Transfer Out,4846.1,POS,217007.46
T0012589,A00340,C0272,2025-11-20,Bill Payment,3915.15,ATM,13882.53
T0013187,A00355,C0284,2025-08-31,Deposit,11813.36,USSD,99604.54
T0008627,A00228,C0185,2026-03-23,Airtime,4443.88,USSD,-3308.59
T0005755,A00153,C0127,2025-07-03,Deposit,17175.78,USSD,38684.86
T0012562,A00339,C0271,2025-10-12,Airtime,1184.71,EFT,6906.27
T0013471,A00362,C0289,2026-03-17,Withdrawal,4320.95,ATM,91789.92
T0004154,A00114,C0094,2025-12-02,Purchase,1129.21,EFT,52959.88
T0010891,A00294,C0237,2025-08-06,Transfer In,17836.09,POS,117851.32
T0011001,A00296,C0238,2026-03-18,Transfer In,18411.42,ATM,162001.74
T0007178,A00189,C0155,2025-07-04,Transfer In,24905.1,EFT,117418.26
T0006981,A00184,C0151,2026-02-13,Deposit,24822.36,USSD,84654.6
T0006065,A00162,C0134,2026-03-10,Purchase,1154.28,Branch,87794.95
T0011422,A00306,C0245,2025-07-24,Purchase,4465.85,ATM,30705.66
T0009103,A00241,C0196,2026-05-06,Purchase,4677.94,EFT,34097.09
T0011784,A00316,C0254,2025-10-25,Salary Credit,6776.5,Branch,75016.44
T0013005,A00350,C0281,2026-05-09,Airtime,6326.1,USSD,122333.55
T0012580,A00340,C0272,2025-12-26,Airtime,1640.28,App,-4648.45
T0001748,A00050,C0042,2026-05-03,Withdrawal,7102.4,ATM,62531.91
T0011462,A00308,C0247,2026-05-10,Purchase,3717.41,POS,110625.58
T0010998,A00296,C0238,2025-12-11,Airtime,5074.21,App,131762.41
T0013164,A00354,C0283,2026-02-21,Withdrawal,6618.01,POS,147536.59
T0013803,A00370,C0296,2025-07-16,Purchase,7099.13,App,144209.63
T0013939,A00373,C0298,2026-05-14,Bill Payment,7429.82,EFT,87441.19
T0002678,A00073,C0059,2026-05-28,Transfer In,-23669.81,ATM,86426.06
T0012467,A00337,C0269,2025-09-18,Withdrawal,1003.32,Branch,38755.87
T0003365,A00094,C0079,2025-10-24,Deposit,4605.22,ATM,6610.72
T0009424,A00250,C0203,2025-07-14,Transfer In,12365.23,App,261637.99
T0004610,A00124,C0103,2026-04-14,Bill Payment,6828.66,EFT,123437.03
T0012470,A00337,C0269,2026-05-21,Transfer In,612.83,EFT,54877.42
T0008852,A00233,C0189,2026-03-22,Purchase,1958.92,ATM,79166.46
T0001477,A00043,C0037,2026-02-05,Airtime,4804.9,ATM,113108.22
T0004803,A00128,C0106,2026-02-03,Bill Payment,4393.46,ATM,65796.58
T0001696,A00049,C0042,2026-02-21,Deposit,2208.01,USSD,65434.33
T0000168,A00006,C0006,2025-08-10,Bill Payment,1631.32,ATM,49837.05
T0003466,A00096,C0081,2026-03-16,Purchase,6641.52,App,223037.6
T0012970,A00349,C0280,2025-11-22,Bill Payment,-1145.46,Branch,106920.24
T0001244,A00038,C0033,2025-12-02,Salary Credit,24579.25,POS,93768.08
T0007292,A00192,C0157,2026-03-22,Airtime,2168.26,App,31995.96
T0001727,A00049,C0042,2025-08-07,Salary Credit,19107.46,App,177431.56
T0001612,A00047,C0040,2026-06-09,Withdrawal,4600.11,USSD,40587.35
T0009381,A00249,C0202,2026-02-07,Bill Payment,6721.98,POS,15884.08
T0014050,A00375,C0299,2025-09-11,Deposit,5152.13,App,131009.83
T0009470,A00252,C0204,2025-12-25,Transfer Out,6033.51,ATM,23328.76
T0010343,A00278,C0225,2026-01-14,Airtime,502.55,App,30798.34
T0008107,A00213,C0174,2025-08-18,Withdrawal,4782.68,App,18803.74
T0002264,A00063,C0052,2026-06-03,Withdrawal,6785.24,USSD,39760.39
T0004094,A00112,C0093,2026-01-30,Bill Payment,1378.52,App,63335.99
T0012305,A00331,C0265,2026-03-02,Transfer In,2865.3,EFT,70275.01
T0001089,A00034,C0030,2025-09-17,Transfer Out,7618.27,App,105957.97
T0006179,A00165,C0137,2026-03-26,Airtime,6026.87,App,15289.77
T0005297,A00141,C0117,2026-03-04,Airtime,675.84,POS,36405.67
T0012014,A00324,C0259,2026-05-16,Salary Credit,5383.77,EFT,39682.8
T0011489,A00309,C0248,2026-04-04,Withdrawal,6815.78,POS,52309.31
T0006995,A00185,C0152,2025-11-10,Airtime,3370.88,EFT,41389.71
T0007318,A00192,C0157,2026-05-16,Transfer In,14397.54,ATM,127201.34
T0001148,A00035,C0031,2026-02-13,Purchase,1960.36,App,141551.85
T0003335,A00092,C0077,2025-10-18,Bill Payment,383.94,Branch,146325.53
T0006956,A00184,C0151,2025-07-28,Bill Payment,5172.12,EFT,23896.79
T0002171,A00060,C0050,2026-02-09,Withdrawal,7731.01,ATM,41616.96
T0010894,A00294,C0237,2025-11-07,Bill Payment,6708.19,App,124235.83
T0006999,A00185,C0152,2026-06-17,Transfer Out,2977.25,EFT,43092.37
T0010501,A00281,C0228,2026-01-30,Airtime,3239.22,POS,42312.02
T0004704,A00126,C0104,2025-10-19,Withdrawal,6715.23,POS,125754.45
T0002414,A00067,C0055,2026-05-10,Deposit,16126.16,POS,145857.23
T0004080,A00112,C0093,2025-11-26,Bill Payment,2214.0,Branch,71686.63
T0005314,A00141,C0117,2026-02-22,Salary Credit,21484.33,POS,89023.76
T0009485,A00253,C0205,2026-06-14,Airtime,5961.75,App,-6911.9
T0013421,A00361,C0289,2025-10-25,Transfer In,4796.43,POS,71844.54
T0010670,A00287,C0231,2025-10-29,Salary Credit,19107.25,POS,55407.55
T0007302,A00192,C0157,2026-03-11,Transfer In,11275.71,USSD,71909.26
T0006703,A00178,C0147,2025-09-02,Transfer In,8607.9,EFT,96613.07
T0009444,A00250,C0203,2026-06-12,Salary Credit,22609.53,USSD,321782.38
T0010411,A00279,C0226,2025-09-11,Transfer In,8382.27,USSD,84200.37
T0000072,A00003,C0003,2026-05-10,Deposit,7801.32,USSD,63502.5
T0002251,A00062,C0051,2025-07-31,Airtime,,POS,93532.29
T0008156,A00215,C0176,2026-02-23,Withdrawal,7936.99,Branch,74401.53
T0007118,A00188,C0154,2025-12-19,Purchase,2686.9,ATM,52618.78
T0010531,A00282,C0228,2025-12-22,Transfer Out,5298.99,USSD,-251.14
T0009921,A00265,C0217,2026-04-08,Salary Credit,446.66,ATM,45870.49
T0008837,A00233,C0189,2026-05-29,Purchase,7106.65,EFT,64816.99
T0005926,A00157,C0131,2025-11-22,Salary Credit,24296.4,USSD,81966.01
T0013910,A00373,C0298,2025-10-26,Airtime,1731.15,Branch,2780.23
T0011704,A00314,C0252,2026-06-22,Salary Credit,19563.78,EFT,58256.91
T0006178,A00165,C0137,2025-07-07,Transfer Out,3728.63,POS,21316.64
T0000535,A00017,C0016,2026-02-27,Deposit,8363.73,ATM,32523.34
T0001201,A00037,C0032,2025-08-02,Bill Payment,1522.94,POS,74942.28
T0010231,A00274,C0223,2026-05-29,Deposit,18060.35,POS,112066.11
T0012744,A00344,C0276,2026-05-19,Salary Credit,24664.03,Branch,98977.53
T0004503,A00122,C0101,2026-05-27,Bill Payment,5662.5,POS,91171.74
T0007284,A00192,C0157,2025-11-07,Airtime,5824.81,Branch,31986.14
T0000330,A00011,C0011,2025-10-08,Withdrawal,1467.24,App,21614.5
T0009064,A00240,C0195,2026-05-23,Deposit,13428.13,USSD,41943.09
T0002841,A00079,C0065,2025-10-18,Bill Payment,2955.88,ATM,20083.98
T0005307,A00141,C0117,2025-12-04,Transfer In,24601.36,EFT,54699.99
T0009578,A00256,C0208,2026-04-20,Transfer Out,4345.43,EFT,4306.66
T0012737,A00344,C0276,2026-02-13,Airtime,7663.99,USSD,23864.74
T0011557,A00311,C0250,2025-09-15,Transfer In,15506.48,EFT,42871.54
T0012529,A00338,C0270,2025-08-07,Withdrawal,2821.93,Branch,3638.94
T0013212,A00356,C0285,2026-05-21,Salary Credit,15754.1,App,80583.25
T0000998,A00031,C0029,2025-12-22,Purchase,1704.33,POS,96657.0
T0011151,A00299,C0240,2026-04-27,Airtime,,POS,140813.84
T0008711,A00229,C0186,2026-04-21,Airtime,1817.47,App,170009.9
T0002060,A00058,C0048,2026-03-22,Bill Payment,3826.26,Branch,62739.06
T0009319,A00247,C0201,2026-01-18,Salary Credit,7199.7,Branch,21069.32
T0006936,A00183,C0151,2026-05-16,Salary Credit,23657.3,Branch,196123.8
T0001999,A00057,C0047,2025-07-19,Bill Payment,2004.04,App,31937.33
T0002658,A00072,C0058,2025-07-22,Purchase,1935.39,Branch,40002.22
T0000966,A00031,C0029,2025-07-19,Salary Credit,6579.58,EFT,38700.33
T0010756,A00289,C0233,2026-03-10,Withdrawal,7946.59,Branch,-5645.15
T0004952,A00132,C0109,2026-02-09,Salary Credit,23531.52,App,93215.65
T0003176,A00087,C0072,2026-05-01,Transfer Out,6459.81,POS,15018.17
T0007860,A00206,C0169,2026-01-06,Bill Payment,7221.67,POS,46502.67
T0009829,A00263,C0215,2025-12-11,Transfer Out,1943.24,App,361.12
T0006518,A00174,C0144,2026-04-11,Transfer In,19778.61,POS,90555.96
T0009788,A00262,C0214,2025-11-29,Airtime,7032.39,POS,35378.15
T0005706,A00152,C0126,2025-09-23,Purchase,2517.91,EFT,48317.57
T0012032,A00324,C0259,2025-09-13,Purchase,7248.29,Branch,64494.91
T0012112,A00326,C0261,2026-01-17,Salary Credit,17955.98,POS,139317.21
T0008615,A00227,C0185,2026-06-29,Transfer In,9592.06,App,172728.71
T0006928,A00183,C0151,2025-08-13,Transfer Out,4147.21,ATM,130433.72
T0008563,A00226,C0184,2025-12-14,Salary Credit,15104.54,Branch,78564.75
T0007404,A00195,C0160,2026-04-04,Withdrawal,4013.97,USSD,63351.68
T0005725,A00152,C0126,2026-02-19,Deposit,5538.61,ATM,78937.63
T0010972,A00296,C0238,2026-04-17,Deposit,19784.56,App,64002.27
T0001545,A00045,C0038,2025-10-03,Deposit,2401.79,Branch,52725.48
T0010761,A00290,C0234,2026-01-05,Withdrawal,7327.29,App,-19160.51
T0004352,A00119,C0098,2026-03-17,Deposit,23878.05,Branch,123552.83
T0006088,A00163,C0135,2025-10-10,Transfer Out,7020.73,USSD,14064.53
T0004044,A00110,C0091,2025-10-24,Purchase,7192.04,ATM,160427.55
T0013041,A00351,C0281,2026-05-04,Airtime,1804.84,App,-15296.99
T0005907,A00157,C0131,2025-12-02,Deposit,20018.47,POS,58266.98
T0010157,A00273,C0222,2025-08-27,Bill Payment,2073.18,POS,50912.52
T0006565,A00175,C0145,2026-05-05,Transfer Out,1734.39,ATM,123260.98
T0009548,A00255,C0207,2026-01-06,Transfer In,4746.6,Branch,36766.3
T0004454,A00121,C0100,2026-04-07,Withdrawal,1254.4,POS,177687.48
T0005410,A00144,C0119,2026-06-07,Bill Payment,,Branch,145903.32
T0000355,A00011,C0011,2026-05-31,Bill Payment,2935.07,App,81883.32
T0012190,A00329,C0264,2025-08-16,Deposit,7428.02,EFT,30373.7
T0006752,A00179,C0148,2026-03-10,Purchase,2283.59,ATM,55656.77
T0002226,A00061,C0050,2025-11-12,Bill Payment,2974.42,ATM,107159.98
T0009016,A00238,C0193,2025-07-02,Transfer In,22813.8,POS,126946.77
T0006729,A00179,C0148,2026-05-14,Transfer Out,5620.69,POS,-48742.01
T0003815,A00105,C0087,2025-08-21,Transfer In,4073.07,ATM,43574.0
T0002145,A00060,C0050,2025-07-16,Salary Credit,5181.51,Branch,10081.76
T0007095,A00187,C0154,2026-01-19,Bill Payment,2884.62,Branch,31948.26
T0009435,A00250,C0203,2026-05-28,Deposit,4317.39,USSD,275705.55
T0003103,A00085,C0070,2026-04-05,Withdrawal,6567.97,USSD,173405.69
T0004258,A00117,C0097,2026-05-14,Bill Payment,5359.23,USSD,67700.04
T0008644,A00228,C0185,2026-05-05,Transfer Out,6233.84,Branch,-9617.36
T0005108,A00135,C0112,2026-04-08,Transfer In,212.8,POS,21115.81
T0009883,A00264,C0216,2025-11-23,Purchase,6601.05,ATM,108404.49
T0003911,A00108,C0090,2026-01-18,Salary Credit,24672.95,EFT,20776.11
T0004096,A00113,C0093,2025-07-27,Airtime,3453.86,EFT,21644.0
T0010984,A00296,C0238,2025-07-03,Deposit,20938.58,EFT,100187.56
T0012435,A00335,C0268,2026-06-23,Airtime,1085.36,Branch,30246.29
T0003999,A00110,C0091,2025-09-03,Transfer In,22338.6,POS,77919.01
T0007589,A00199,C0163,2025-10-26,Transfer In,384.46,Branch,94967.36
T0011577,A00311,C0250,2025-08-23,Purchase,3386.25,POS,50407.26
T0005447,A00145,C0120,2025-11-03,Withdrawal,949.25,POS,76332.46
T0007010,A00185,C0152,2025-09-26,Salary Credit,19612.54,POS,82087.04
T0007126,A00188,C0154,2026-05-03,Bill Payment,713.73,EFT,82762.68
T0010732,A00288,C0232,2025-09-05,Bill Payment,6482.26,EFT,85866.91
T0000794,A00024,C0022,2026-03-24,Airtime,3305.3,USSD,130617.57
T0002557,A00070,C0057,2026-05-11,Bill Payment,203.75,ATM,48442.09
T0001712,A00049,C0042,2025-11-23,Salary Credit,3091.15,POS,136764.55
T0007498,A00197,C0161,2025-11-06,Salary Credit,10507.37,ATM,59196.37
T0006141,A00164,C0136,2025-10-13,Transfer In,20740.72,Branch,128010.29
T0000082,A00003,C0003,2025-09-30,Deposit,13866.33,USSD,111773.18
T0005446,A00145,C0120,2025-11-07,Airtime,2312.4,Branch,77281.71
T0002424,A00067,C0055,2025-09-17,Purchase,4014.66,USSD,171357.0
T0000489,A00014,C0014,2026-05-14,Transfer In,8085.28,POS,158146.39
T0006789,A00180,C0149,2025-10-31,Withdrawal,7183.37,POS,79581.45
T0006962,A00184,C0151,2025-09-14,Transfer Out,7857.77,EFT,14648.78
T0001480,A00043,C0037,2025-08-09,Deposit,21556.68,USSD,146236.45
T0007491,A00197,C0161,2025-09-09,Transfer Out,6159.07,Branch,47237.87
T0000960,A00030,C0028,2026-02-25,Purchase,735.39,EFT,91489.63
T0009795,A00262,C0214,2026-01-03,Deposit,19404.46,EFT,53453.82
T0008747,A00231,C0188,2026-05-18,Transfer Out,7933.0,USSD,4585.72
T0003363,A00093,C0078,2026-02-22,Salary Credit,22259.21,ATM,6345.11
T0000608,A00018,C0016,2025-07-15,Purchase,1568.24,USSD,60860.96
T0008377,A00221,C0181,2025-11-03,Salary Credit,9386.78,Branch,147333.32
T0013289,A00357,C0286,2025-12-27,Bill Payment,4949.69,USSD,141255.59
T0013630,A00366,C0293,2026-02-17,Bill Payment,120.26,App,24055.84
T0001058,A00033,C0030,2025-08-23,Airtime,4141.29,Branch,37925.5
T0001380,A00041,C0036,2026-03-30,Bill Payment,3825.36,App,22595.63
T0013323,A00358,C0287,2025-10-12,Bill Payment,7892.76,EFT,129389.76
T0012148,A00328,C0263,2026-01-21,Withdrawal,2205.68,App,116926.17
T0003229,A00089,C0074,2026-04-27,Purchase,7080.7,POS,28576.63
T0008133,A00214,C0175,2025-07-23,Purchase,6950.28,POS,66727.8
T0008930,A00235,C0190,2026-03-17,Bill Payment,,EFT,157638.25
T0008471,A00223,C0182,2025-08-14,Deposit,5743.72,EFT,153299.9
T0005044,A00134,C0111,2026-03-27,Deposit,9859.9,ATM,61881.27
T0003554,A00098,C0082,2026-06-20,Bill Payment,6255.82,App,177094.65
T0013408,A00361,C0289,2026-02-22,Withdrawal,485.62,EFT,28491.84
T0007228,A00190,C0156,2025-11-25,Purchase,6127.17,POS,45274.33
T0013728,A00369,C0295,2025-07-09,Bill Payment,5295.13,ATM,31891.36
T0003757,A00103,C0085,2025-09-20,Bill Payment,7856.7,ATM,36101.65
T0004962,A00132,C0109,2026-01-10,Salary Credit,4701.65,App,98102.26
T0001288,A00039,C0034,2025-07-04,Purchase,,App,30746.85
T0003596,A00099,C0083,2025-11-11,Bill Payment,6802.98,ATM,61552.18
T0011079,A00298,C0240,2025-07-02,Transfer Out,4339.05,App,19007.24
T0004397,A00119,C0098,2026-01-12,Airtime,2057.72,ATM,215109.35
T0007283,A00191,C0156,2026-06-15,Airtime,6192.06,ATM,75562.19
T0003968,A00109,C0091,2025-09-09,Transfer Out,4343.8,App,4745.32
T0000538,A00017,C0016,2025-07-23,Transfer Out,1379.15,USSD,36222.28
T0004867,A00130,C0107,2025-11-03,Deposit,21564.25,ATM,136554.64
T0007751,A00203,C0166,2025-11-01,Purchase,5168.81,Branch,75727.88
T0006480,A00173,C0143,2026-01-13,Purchase,6465.83,POS,53090.26
T0008765,A00231,C0188,2026-02-05,Deposit,4268.47,Branch,61380.85
T0012850,A00347,C0279,2026-04-15,Deposit,16377.73,EFT,143243.46
T0013919,A00373,C0298,2025-08-16,Transfer Out,535.66,Branch,40261.82
T0006736,A00179,C0148,2025-08-20,Transfer In,1634.74,ATM,-57239.93
T0000675,A00020,C0018,2025-08-09,Transfer Out,4912.05,POS,65964.6
T0009588,A00256,C0208,2026-04-14,Deposit,21617.41,POS,69549.07
T0002764,A00076,C0062,2026-04-19,Deposit,16715.74,ATM,64840.71
T0001267,A00038,C0033,2025-07-11,Bill Payment,3430.63,Branch,209451.26
T0001571,A00046,C0039,2026-06-10,Transfer In,203.52,App,61382.01
T0004215,A00116,C0096,2026-05-09,Purchase,4712.14,USSD,58627.77
T0010212,A00274,C0223,2025-10-05,Deposit,20871.91,EFT,68315.26
T0004425,A00120,C0099,2025-09-05,Airtime,6297.93,EFT,23462.3
T0001461,A00043,C0037,2025-07-11,Transfer Out,1320.09,EFT,101044.44
T0011145,A00299,C0240,2025-11-10,Salary Credit,7147.52,EFT,143023.38
T0009947,A00265,C0217,2026-01-28,Salary Credit,169.17,EFT,53866.77
T0009232,A00244,C0199,2026-06-21,Transfer In,8778.98,App,103712.59
T0010024,A00268,C0219,2026-01-10,Bill Payment,2290.14,Branch,22335.51
T0013229,A00356,C0285,2026-04-06,Deposit,14004.95,POS,185312.98
T0011474,A00309,C0248,2026-06-30,Deposit,5952.55,Branch,61515.45
T0002359,A00066,C0054,2025-07-29,Purchase,1612.18,App,21344.82
T0011238,A00301,C0242,2026-03-15,Transfer Out,2502.24,EFT,96291.8
T0008713,A00229,C0186,2025-08-02,Transfer In,9984.24,ATM,195083.1
T0007521,A00197,C0161,2025-07-09,Transfer Out,3111.81,ATM,60179.03
T0002291,A00063,C0052,2026-02-26,Salary Credit,2822.66,EFT,139041.31
T0010874,A00293,C0236,2026-06-12,Salary Credit,13773.7,Branch,97798.3
T0003655,A00101,C0084,2026-06-24,Deposit,10210.91,EFT,104001.18
T0007541,A00198,C0162,2026-06-15,Transfer Out,1239.95,POS,44772.56
T0012895,A00348,C0279,2025-08-08,Purchase,2728.09,USSD,87361.55
T0000278,A00010,C0010,2026-06-02,Airtime,4042.8,POS,3058.44
T0013129,A00354,C0283,2026-02-17,Bill Payment,2460.92,App,70994.81
T0006814,A00180,C0149,2025-11-20,Salary Credit,5698.13,App,179011.1
T0001579,A00046,C0039,2026-04-10,Purchase,7590.63,App,32741.91
T0005022,A00134,C0111,2025-10-19,Bill Payment,4418.63,ATM,31926.31
T0005914,A00157,C0131,2025-08-19,Withdrawal,742.42,USSD,56271.22
T0013239,A00357,C0286,2025-12-19,Salary Credit,13835.92,EFT,73424.85
T0003090,A00085,C0070,2026-01-01,Transfer Out,3946.42,EFT,117607.35
T0010440,A00280,C0227,2025-11-28,Bill Payment,820.64,EFT,50046.19
T0005820,A00154,C0128,2025-09-18,Transfer Out,4762.0,ATM,123125.78
T0001514,A00045,C0038,2025-12-30,Purchase,5627.2,EFT,7450.71
T0013892,A00372,C0297,2025-12-13,Withdrawal,4734.68,EFT,131769.6
T0000089,A00003,C0003,2026-04-29,Salary Credit,24944.9,USSD,115486.78
T0008869,A00234,C0190,2026-01-30,Withdrawal,7251.42,Branch,43432.61
T0003373,A00094,C0079,2026-05-06,Transfer In,1772.5,POS,7415.21
T0004731,A00127,C0105,2025-08-12,Transfer Out,6769.51,ATM,4100.29
T0004609,A00124,C0103,2026-06-01,Purchase,7151.18,POS,130265.69
T0005326,A00142,C0117,2026-05-23,Transfer Out,3563.44,EFT,45095.67
T0007499,A00197,C0161,2026-05-20,Salary Credit,712.18,Branch,59908.55
T0011616,A00312,C0250,2025-11-29,Bill Payment,2137.34,USSD,106140.46
T0006290,A00168,C0139,2025-09-11,Transfer Out,643.83,POS,76664.98
T0010692,A00287,C0231,2025-08-15,Purchase,1586.31,USSD,64863.44
T0007478,A00196,C0161,2025-12-29,Salary Credit,18007.48,Branch,248286.59
T0004828,A00129,C0106,2026-06-21,Purchase,1034.93,App,76408.86
T0010299,A00276,C0224,2025-11-26,Transfer In,2981.45,USSD,38712.61
T0008037,A00210,C0172,2025-10-27,Withdrawal,3045.54,POS,130755.49
T0004957,A00132,C0109,2026-04-11,Deposit,7783.55,App,98600.32
T0012010,A00324,C0259,2025-08-08,Withdrawal,4038.82,App,17478.94
T0007073,A00186,C0153,2025-10-01,Withdrawal,6322.37,USSD,179513.27
T0012256,A00330,C0264,2025-09-22,Salary Credit,19725.24,ATM,136488.82
T0005343,A00142,C0117,2025-09-07,Transfer In,6825.26,ATM,86068.64
T0005095,A00135,C0112,2025-07-02,Bill Payment,3408.63,USSD,23566.92
T0005807,A00154,C0128,2025-10-23,Salary Credit,8313.66,POS,71991.23
T0003301,A00092,C0077,2025-07-19,Transfer Out,2671.68,POS,52987.84
T0011292,A00303,C0243,2026-05-14,Salary Credit,15709.36,App,16841.24
T0009773,A00261,C0213,2026-03-13,Bill Payment,5936.59,ATM,39401.66
T0014100,A00376,C0300,2026-05-19,Airtime,5176.71,POS,230436.6
T0001735,A00049,C0042,2026-03-14,Airtime,2864.75,ATM,180312.62
T0009408,A00250,C0203,2026-05-02,Deposit,11061.43,App,129837.03
T0007239,A00190,C0156,2025-09-29,Transfer In,1313.05,POS,104068.86
T0006506,A00174,C0144,2025-07-09,Salary Credit,1646.89,Branch,48824.65
T0003742,A00103,C0085,2025-11-12,Airtime,440.21,POS,33637.8
T0012336,A00332,C0266,2025-08-04,Airtime,6413.34,App,101500.93
T0009071,A00240,C0195,2026-01-05,Purchase,700.28,EFT,56595.81
T0012565,A00339,C0271,2026-03-21,Airtime,733.75,USSD,-5636.35
T0013063,A00352,C0282,2025-07-09,Bill Payment,4458.05,POS,25971.66
T0007233,A00190,C0156,2025-09-30,Salary Credit,4420.88,ATM,52712.63
T0008032,A00210,C0172,2025-07-25,Withdrawal,-2512.81,POS,76723.39
T0011563,A00311,C0250,2025-10-20,Bill Payment,569.97,Branch,56284.53
T0011484,A00309,C0248,2026-04-25,Purchase,7000.57,App,76817.17
T0002155,A00060,C0050,2025-10-09,Purchase,1770.1,ATM,9839.3
T0003415,A00096,C0081,2026-03-30,Transfer In,5700.33,ATM,35037.46
T0010252,A00275,C0224,2026-06-04,Salary Credit,14003.04,USSD,41026.67
T0005958,A00158,C0131,2025-09-29,Airtime,1133.29,USSD,49861.72
T0010247,A00275,C0224,2026-06-14,Withdrawal,7305.65,Branch,44122.02
T0010434,A00279,C0226,2025-07-14,Bill Payment,3480.84,USSD,83614.05
T0004362,A00119,C0098,2026-06-05,Airtime,5081.66,EFT,174027.86
T0012023,A00324,C0259,2026-03-01,Transfer In,,EFT,51388.77
T0005968,A00159,C0132,2026-06-05,Airtime,1505.5,EFT,-3618.22
T0013085,A00352,C0282,2025-12-24,Deposit,6352.2,USSD,-18304.48
T0011310,A00304,C0244,2026-06-01,Transfer Out,2753.14,EFT,51.68
T0009161,A00242,C0197,2026-05-29,Transfer In,6637.36,USSD,99062.1
T0007293,A00192,C0157,2026-04-13,Transfer Out,6081.67,USSD,25914.29
T0013916,A00373,C0298,2025-09-06,Deposit,-2337.68,EFT,19186.57
T0012196,A00329,C0264,2025-11-12,Withdrawal,2851.55,App,44146.76
T0007536,A00198,C0162,2025-11-12,Airtime,1610.03,POS,66885.48
T0004945,A00131,C0108,2026-02-19,Transfer In,6261.52,App,128408.01
T0005239,A00138,C0114,2026-06-22,Transfer In,1944.32,App,126339.63
T0011740,A00315,C0253,2025-10-21,Salary Credit,22182.84,EFT,105765.44
T0005329,A00142,C0117,2026-04-29,Salary Credit,18037.07,USSD,57866.38
T0011745,A00315,C0253,2026-03-03,Transfer In,13870.18,ATM,150697.02
T0002230,A00062,C0051,2025-10-25,Airtime,5746.16,POS,43020.97
T0001947,A00055,C0046,2025-10-11,Purchase,7834.64,EFT,36589.0
T0003049,A00085,C0070,2026-02-21,Bill Payment,3743.09,App,18171.52
T0007163,A00189,C0155,2025-08-15,Transfer In,2881.41,POS,62190.22
T0001872,A00053,C0045,2026-06-01,Bill Payment,1066.92,Branch,103309.68
T0010678,A00287,C0231,2025-12-02,Purchase,1145.3,ATM,25817.55
T0001398,A00041,C0036,2025-10-18,Deposit,18476.84,ATM,89062.85
T0009908,A00265,C0217,2026-05-04,Deposit,16406.92,Branch,86650.87
T0005855,A00155,C0129,2025-10-02,Salary Credit,19507.15,POS,159403.06
T0000508,A00015,C0014,2025-11-08,Airtime,7693.98,EFT,107213.16
T0009970,A00266,C0217,2025-07-02,Transfer Out,5387.0,POS,7785.85
T0005124,A00136,C0112,2026-06-30,Transfer Out,7211.9,EFT,49737.42
T0008916,A00235,C0190,2026-04-12,Salary Credit,3364.89,EFT,56000.54
T0010688,A00287,C0231,2026-02-14,Transfer In,17829.63,EFT,58787.93
T0012816,A00346,C0278,2026-03-28,Deposit,2902.21,EFT,48573.07
T0006339,A00169,C0140,2026-03-04,Transfer Out,5700.74,Branch,54343.15
T0000517,A00016,C0015,2026-04-22,Bill Payment,646.25,Branch,5266.47
T0010315,A00277,C0225,2025-10-15,Transfer Out,6117.89,App,62103.14
T0012785,A00345,C0277,2025-11-12,Airtime,6341.24,POS,37984.88
T0002967,A00082,C0067,2026-03-08,Transfer Out,7650.95,POS,87749.19
T0004365,A00119,C0098,2025-08-23,Transfer In,24525.41,POS,187948.22
T0008898,A00234,C0190,2026-01-24,Deposit,20132.2,Branch,122098.87
T0005781,A00153,C0127,2026-04-18,Airtime,7744.48,App,54923.44
T0004711,A00126,C0104,2025-12-22,Bill Payment,5730.03,USSD,109018.69
T0002797,A00077,C0063,2025-09-28,Transfer Out,4021.3,Branch,150574.63
T0005664,A00151,C0125,2025-11-17,Salary Credit,17969.66,ATM,83261.81
T0001639,A00047,C0040,2026-03-20,Transfer In,19522.52,Branch,102872.42
T0012072,A00326,C0261,2026-05-13,Deposit,8475.0,POS,60480.12
T0006749,A00179,C0148,2026-02-15,Airtime,1444.26,USSD,52005.91
T0006775,A00180,C0149,2025-12-29,Withdrawal,7367.34,App,35111.28
T0006206,A00166,C0138,2025-07-09,Purchase,5895.68,ATM,76334.69
T0012006,A00324,C0259,2026-01-22,Transfer In,1060.96,POS,33910.33
T0000635,A00019,C0017,2026-06-19,Salary Credit,15446.25,ATM,82651.06
T0006782,A00180,C0149,2025-10-10,Purchase,1747.5,App,75472.24
T0007303,A00192,C0157,2026-01-12,Airtime,7972.87,ATM,63936.39
T0010025,A00268,C0219,2026-06-07,Transfer In,9782.95,ATM,32118.46
T0005142,A00136,C0112,2025-10-09,Transfer In,9332.52,App,91860.91
T0009534,A00254,C0206,2026-03-02,Withdrawal,7713.28,Branch,22100.64
T0003767,A00103,C0085,2025-09-03,Bill Payment,179.4,App,60975.95
T0006074,A00163,C0135,2026-03-22,Bill Payment,5909.67,Branch,27412.6
T0008295,A00218,C0179,2025-11-27,Bill Payment,1791.7,App,73904.21
T0011424,A00306,C0245,2026-04-09,Transfer Out,4951.23,USSD,36309.9
T0008527,A00226,C0184,2025-10-02,Bill Payment,2482.37,USSD,41849.82
T0000784,A00024,C0022,2025-12-28,Transfer Out,4038.46,App,69684.16
T0002867,A00080,C0066,2026-06-02,Transfer Out,6645.65,POS,30210.25
T0007367,A00193,C0158,2026-03-04,Bill Payment,5921.42,EFT,119328.13
T0009374,A00249,C0202,2026-05-09,Withdrawal,1334.63,POS,57206.22
T0008400,A00222,C0181,2025-09-30,Transfer In,15107.99,App,69214.41
T0001559,A00046,C0039,2026-03-25,Airtime,924.77,EFT,23776.03
T0011020,A00297,C0239,2025-10-10,Bill Payment,1601.86,POS,12082.19
T0010201,A00273,C0222,2025-08-15,Withdrawal,7404.38,POS,70614.58
T0013173,A00355,C0284,2025-10-09,Salary Credit,15470.82,App,87560.53
T0007954,A00208,C0171,2026-05-02,Transfer Out,5832.63,App,52181.99
T0005717,A00152,C0126,2026-01-28,Purchase,7092.87,EFT,54086.98
T0003113,A00086,C0071,2026-02-09,Purchase,1703.26,POS,17737.63
T0004822,A00129,C0106,2025-08-25,Bill Payment,2930.82,Branch,96419.67
T0011269,A00302,C0242,2026-01-29,Purchase,7608.36,POS,56260.73
T0012804,A00346,C0278,2025-08-11,Airtime,3943.34,EFT,30007.68
T0007279,A00191,C0156,2025-12-24,Transfer Out,505.86,POS,79103.4
T0009743,A00260,C0212,2025-10-10,Salary Credit,-11676.47,POS,187359.85
T0011797,A00316,C0254,2025-08-21,Airtime,439.64,POS,103087.17
T0005927,A00157,C0131,2026-04-03,Transfer Out,3585.91,Branch,78380.1
T0010526,A00282,C0228,2025-07-03,Purchase,3891.47,ATM,2635.26
T0004688,A00126,C0104,2025-11-18,Withdrawal,3645.87,App,58225.19
T0001785,A00051,C0043,2025-07-19,Airtime,3852.06,ATM,86945.53
T0002152,A00060,C0050,2025-07-01,Transfer Out,3820.42,Branch,20700.03
T0011945,A00322,C0257,2025-11-07,Transfer Out,5921.08,ATM,39265.3
T0004403,A00120,C0099,2025-07-24,Transfer Out,6482.92,ATM,27443.0
T0009303,A00247,C0201,2026-06-27,Transfer Out,7356.58,App,28803.46
T0002281,A00063,C0052,2025-11-10,Bill Payment,5449.56,USSD,81322.49
T0001173,A00036,C0032,2026-03-18,Salary Credit,5310.02,EFT,81464.87
T0012866,A00347,C0279,2026-03-15,Deposit,11029.55,ATM,150630.01
T0005213,A00138,C0114,2026-06-16,Withdrawal,7480.79,App,84932.48
T0005088,A00135,C0112,2025-12-11,Transfer Out,1466.28,ATM,18870.75
T0001859,A00053,C0045,2026-02-12,Bill Payment,3201.46,Branch,71267.03
T0008364,A00221,C0181,2025-07-28,Purchase,6248.78,EFT,28676.01
T0008372,A00221,C0181,2026-03-21,Transfer Out,7938.57,ATM,80960.45
T0003136,A00086,C0071,2026-04-24,Bill Payment,917.69,EFT,76210.16
T0013574,A00364,C0291,2026-01-20,Bill Payment,5043.12,POS,145449.91
T0002575,A00071,C0057,2025-09-29,Transfer Out,4392.55,ATM,63592.49
T0008271,A00218,C0179,2026-04-15,Deposit,24820.19,EFT,4489.17
T0001355,A00040,C0035,2026-05-30,Withdrawal,6033.0,USSD,76874.36
T0004164,A00115,C0095,2025-09-26,Bill Payment,4706.75,ATM,25227.68
T0010249,A00275,C0224,2025-10-18,Bill Payment,6292.69,ATM,35169.57
T0003240,A00089,C0074,2025-08-02,Bill Payment,3701.25,App,43975.55
T0006952,A00184,C0151,2025-08-24,Bill Payment,6277.21,USSD,30685.38
T0000662,A00020,C0018,2026-06-05,Purchase,3809.47,EFT,24618.51
T0001411,A00041,C0036,2026-06-15,Purchase,2612.6,EFT,104026.04
T0006996,A00185,C0152,2025-08-06,Airtime,6643.78,App,34745.93
T0000818,A00025,C0023,2025-11-25,Purchase,6449.27,EFT,108631.66
T0009969,A00266,C0217,2026-04-16,Withdrawal,7435.97,USSD,13172.85
T0010708,A00288,C0232,2026-04-17,Bill Payment,582.68,Branch,34857.25
T0003896,A00107,C0089,2025-08-28,Deposit,1614.72,ATM,32661.16
T0008791,A00232,C0188,2026-04-24,Withdrawal,5880.95,EFT,51216.19
T0013221,A00356,C0285,2025-12-19,Transfer Out,5898.09,USSD,162692.75
T0006478,A00173,C0143,2025-07-03,Deposit,7375.93,USSD,65160.36
T0008054,A00211,C0173,2025-09-22,Bill Payment,7880.53,EFT,94672.66
T0013410,A00361,C0289,2025-11-05,Deposit,11871.97,USSD,47561.8
T0002745,A00076,C0062,2025-09-15,Deposit,8251.68,POS,-1456.35
T0006935,A00183,C0151,2025-10-29,Transfer In,1977.12,POS,172466.5
T0005749,A00153,C0127,2026-04-20,Purchase,6798.38,POS,38368.99
T0009661,A00258,C0210,2025-07-21,Salary Credit,2918.24,Branch,60057.39
T0009530,A00254,C0206,2026-04-01,Airtime,5541.01,Branch,14099.54
T0001702,A00049,C0042,2026-05-16,Transfer In,,POS,66717.05
T0002611,A00071,C0057,2025-10-08,Bill Payment,4562.97,ATM,97673.69
T0002126,A00059,C0049,2025-09-04,Airtime,7638.19,Branch,94449.16
T0009466,A00252,C0204,2026-03-27,Salary Credit,12958.01,App,27733.36
T0012828,A00347,C0279,2026-06-16,Transfer In,2046.75,POS,47456.96
T0005637,A00150,C0124,2025-11-25,Withdrawal,1502.86,Branch,35852.89
T0001629,A00047,C0040,2026-04-26,Bill Payment,5102.49,POS,61411.06
T0007920,A00207,C0170,2025-12-19,Transfer Out,290.66,POS,249521.59
T0002497,A00069,C0056,2025-10-23,Airtime,6927.21,EFT,45547.68
T0005814,A00154,C0128,2025-09-19,Purchase,1542.16,POS,139891.4
T0002907,A00081,C0066,2025-12-31,Purchase,1636.9,EFT,55638.27
T0008183,A00216,C0177,2025-07-05,Purchase,407.06,USSD,2210.75
T0001307,A00039,C0034,2025-12-12,Deposit,15881.05,USSD,99411.44
T0007995,A00209,C0172,2025-07-07,Bill Payment,6771.33,EFT,187193.66
T0001730,A00049,C0042,2025-11-24,Transfer In,5109.7,POS,186635.51
T0001329,A00040,C0035,2026-05-20,Transfer In,12426.14,EFT,83910.13
T0001113,A00034,C0030,2026-05-30,Withdrawal,4318.42,USSD,161053.34
T0007575,A00199,C0163,2026-06-11,Salary Credit,18882.37,Branch,74318.64
T0011836,A00318,C0255,2026-06-14,Purchase,4960.32,App,49454.79
T0012591,A00340,C0272,2025-10-17,Salary Credit,17375.16,App,23975.07
T0011547,A00311,C0250,2026-01-08,Bill Payment,4325.76,Branch,-15354.67
T0012247,A00330,C0264,2026-02-16,Bill Payment,4196.93,EFT,84374.18
T0005761,A00153,C0127,2025-08-20,Transfer In,3142.01,USSD,30057.07
T0000700,A00021,C0019,2025-10-21,Transfer Out,-2030.13,POS,9186.7
T0006193,A00166,C0138,2026-02-08,Bill Payment,5110.41,EFT,79051.94
T0008760,A00231,C0188,2026-04-30,Transfer Out,1640.97,App,19270.16
T0000817,A00025,C0023,2025-10-19,Salary Credit,18564.04,EFT,115080.93
T0000181,A00006,C0006,2025-11-15,Bill Payment,4847.73,EFT,69770.26
T0006608,A00177,C0146,2026-06-27,Transfer In,898.47,EFT,52411.56
T0009235,A00244,C0199,2026-03-22,Deposit,24119.06,Branch,145347.72
T0011848,A00318,C0255,2025-12-11,Withdrawal,4050.89,App,124336.24
T0009749,A00261,C0213,2025-08-14,Withdrawal,-4689.48,EFT,30590.23
T0000709,A00021,C0019,2026-05-09,Bill Payment,1443.97,ATM,863.97
T0007032,A00186,C0153,2025-10-09,Bill Payment,6417.63,POS,10856.77
T0006580,A00175,C0145,2026-01-03,Purchase,1032.74,Branch,156385.25
T0003652,A00101,C0084,2025-10-24,Purchase,811.21,POS,92772.38
T0000388,A00012,C0012,2025-08-16,Purchase,3783.92,App,75183.5
T0007220,A00190,C0156,2025-09-07,Withdrawal,3007.7,Branch,67640.9
T0012646,A00342,C0274,2026-01-24,Salary Credit,8964.11,USSD,68923.69
T0003397,A00095,C0080,2026-01-31,Salary Credit,448.4,EFT,68738.42
T0006682,A00178,C0147,2025-12-27,Transfer In,12622.32,App,59141.8
T0012150,A00328,C0263,2025-09-20,Bill Payment,4298.42,EFT,107819.04
T0002022,A00057,C0047,2025-07-12,Transfer Out,4460.39,ATM,80451.17
T0006627,A00177,C0146,2025-08-12,Bill Payment,4860.47,ATM,68212.56
T0011568,A00311,C0250,2026-01-22,Deposit,17756.06,POS,59788.21
T0004652,A00125,C0104,2025-09-18,Transfer Out,125.1,Branch,50819.4
T0010330,A00277,C0225,2025-10-10,Purchase,6527.97,ATM,137805.61
T0007874,A00206,C0169,2026-05-21,Salary Credit,12655.76,ATM,107892.55
T0008879,A00234,C0190,2025-08-06,Bill Payment,6077.01,ATM,54399.61
T0006983,A00184,C0151,2025-11-23,Transfer In,9749.23,USSD,88561.85
T0001422,A00042,C0036,2025-10-11,Withdrawal,6917.51,POS,36399.7
T0004967,A00132,C0109,2026-06-06,Salary Credit,12142.74,App,118806.08
T0008188,A00216,C0177,2025-08-06,Transfer Out,6271.76,EFT,-4234.98
T0001147,A00035,C0031,2025-09-03,Transfer Out,2856.02,POS,143512.21
T0007701,A00201,C0165,2025-09-15,Deposit,6192.82,Branch,77068.42
T0002408,A00067,C0055,2026-02-14,Bill Payment,4451.01,Branch,124838.28
T0012174,A00329,C0264,2026-02-12,Transfer Out,3813.1,USSD,-20878.82
T0011344,A00305,C0244,2025-08-07,Transfer Out,4487.55,ATM,78364.88
T0012784,A00345,C0277,2025-12-28,Purchase,1192.13,ATM,44326.12
T0005210,A00138,C0114,2025-10-30,Transfer Out,2617.78,App,99945.52
T0000026,A00001,C0001,2025-12-26,Withdrawal,3523.78,ATM,122243.8
T0000130,A00005,C0005,2025-10-28,Transfer In,596.21,Branch,-2202.12
T0003391,A00095,C0080,2025-10-23,Purchase,6147.88,USSD,67991.78
T0012268,A00331,C0265,2025-07-17,Transfer Out,2635.71,USSD,-10588.81
T0012697,A00343,C0275,2026-03-03,Transfer In,1143.61,App,57630.39
T0005720,A00152,C0126,2026-05-14,Salary Credit,11763.34,EFT,74042.31
T0006149,A00164,C0136,2025-07-18,Transfer In,6896.76,ATM,171890.89
T0010870,A00293,C0236,2025-12-14,Transfer In,20785.86,Branch,66601.14
T0006303,A00169,C0140,2026-01-06,Bill Payment,1276.06,EFT,27666.86
T0000091,A00003,C0003,2025-10-28,Airtime,5094.82,App,114241.06
T0001484,A00044,C0037,2025-12-28,Airtime,3963.77,EFT,-627.24
T0008652,A00228,C0185,2025-07-04,Salary Credit,5012.23,App,19179.91
T0004895,A00130,C0107,2025-07-09,Purchase,,App,241805.52
T0001605,A00046,C0039,2025-09-24,Deposit,23956.63,EFT,93954.23
T0013026,A00350,C0281,2025-10-27,Airtime,2626.41,USSD,96988.03
T0005930,A00157,C0131,2025-08-11,Transfer Out,3449.64,EFT,92859.9
T0004946,A00131,C0108,2025-09-10,Withdrawal,5349.05,Branch,123058.96
T0004834,A00129,C0106,2026-01-31,Deposit,-865.18,EFT,114356.22
T0002704,A00074,C0060,2025-07-14,Transfer Out,2635.48,ATM,40220.33
T0008378,A00221,C0181,2025-11-22,Salary Credit,22101.09,USSD,169434.41
T0003032,A00084,C0069,2025-11-02,Purchase,1210.93,App,77309.91
T0001819,A00052,C0044,2026-06-22,Transfer In,17828.39,Branch,72375.35
T0002939,A00082,C0067,2026-05-03,Transfer Out,4068.74,ATM,61155.67
T0001176,A00036,C0032,2026-06-30,Airtime,4213.3,EFT,71896.72
T0011732,A00315,C0253,2025-11-09,Purchase,2666.83,Branch,64026.54
T0000505,A00015,C0014,2025-09-19,Salary Credit,23344.65,POS,104095.34
T0012192,A00329,C0264,2026-03-15,Transfer Out,-4174.67,ATM,29864.74
T0006517,A00174,C0144,2025-07-26,Deposit,8540.72,Branch,70777.35
T0010043,A00269,C0219,2026-03-07,Salary Credit,12144.45,USSD,84316.35
T0000065,A00003,C0003,2025-08-07,Deposit,,ATM,42162.21
T0002467,A00068,C0056,2026-04-20,Purchase,7818.31,USSD,260514.86
T0002868,A00080,C0066,2026-06-12,Salary Credit,2332.4,ATM,32542.65
T0004495,A00122,C0101,2025-09-21,Purchase,633.84,EFT,63523.04
T0000223,A00008,C0008,2025-12-04,Purchase,540.99,Branch,67320.66
T0004999,A00133,C0110,2025-08-21,Deposit,24166.44,EFT,84644.85
T0008566,A00227,C0185,2026-04-21,Bill Payment,1422.97,ATM,12566.34
T0004521,A00123,C0102,2025-12-13,Deposit,24322.79,Branch,67935.03
T0000725,A00022,C0020,2025-12-05,Salary Credit,13395.11,EFT,82797.28
T0011891,A00320,C0256,2026-02-09,Purchase,3758.21,USSD,36794.73
T0007184,A00189,C0155,2025-09-05,Deposit,9089.06,ATM,139963.33
T0002016,A00057,C0047,2025-09-16,Salary Credit,21373.46,POS,85259.56
T0006221,A00166,C0138,2025-11-08,Salary Credit,19840.1,ATM,121216.2
T0003345,A00092,C0077,2026-06-05,Transfer In,14299.87,POS,175045.04
T0007506,A00197,C0161,2025-08-18,Airtime,2211.11,App,60542.85
T0000692,A00021,C0019,2025-09-13,Bill Payment,114.67,EFT,6750.93
T0002990,A00083,C0068,2025-08-30,Withdrawal,6503.09,Branch,61383.54
T0000959,A00030,C0028,2025-07-22,Purchase,2097.13,Branch,92225.02
T0002481,A00068,C0056,2026-01-15,Airtime,1683.42,POS,254717.59
T0008247,A00217,C0178,2026-03-17,Salary Credit,1598.76,POS,143744.3
T0000705,A00021,C0019,2026-06-04,Withdrawal,5117.47,Branch,11038.23
T0010899,A00294,C0237,2026-01-08,Airtime,1250.33,USSD,127835.31
T0004589,A00124,C0103,2026-01-20,Transfer In,14844.62,EFT,146442.28
T0012258,A00330,C0264,2026-03-09,Transfer In,1721.76,POS,131729.66
T0002791,A00077,C0063,2025-08-11,Withdrawal,5509.89,App,160712.86
T0002136,A00060,C0050,2026-01-21,Withdrawal,2850.36,App,16566.32
T0008161,A00215,C0176,2026-04-20,Withdrawal,5754.7,App,93559.55
T0004192,A00116,C0096,2025-11-13,Transfer Out,2169.2,POS,28886.89
T0000793,A00024,C0022,2025-07-11,Transfer Out,-1528.7,ATM,133922.87
T0001166,A00036,C0032,2025-12-21,Transfer In,7696.3,Branch,56305.01
T0000499,A00015,C0014,2025-11-14,Deposit,18384.08,App,61165.44
T0008240,A00217,C0178,2026-04-08,Transfer Out,2868.35,USSD,123654.99
T0013090,A00353,C0283,2026-06-22,Transfer Out,7434.05,Branch,16671.18
T0008060,A00211,C0173,2025-10-13,Salary Credit,1951.44,USSD,106449.77
T0006950,A00183,C0151,2025-09-13,Withdrawal,3906.21,USSD,221853.56
T0006253,A00167,C0138,2025-08-29,Transfer In,22842.35,USSD,17176.7
T0007658,A00200,C0164,2025-09-19,Withdrawal,5539.02,POS,170679.51
T0006824,A00181,C0149,2026-04-15,Airtime,2028.27,ATM,-836.61
T0011237,A00301,C0242,2025-08-20,Airtime,6813.28,EFT,98794.04
T0012252,A00330,C0264,2025-08-14,Salary Credit,7970.05,Branch,118459.52
T0012218,A00329,C0264,2026-01-04,Transfer Out,5412.49,ATM,58765.58
T0005183,A00137,C0113,2025-09-24,Transfer In,19598.97,ATM,60858.94
T0007115,A00188,C0154,2026-01-10,Transfer Out,5508.91,USSD,64249.64
T0012208,A00329,C0264,2025-07-12,Bill Payment,5148.19,App,65575.14
T0012093,A00326,C0261,2025-09-02,Salary Credit,3985.61,App,80563.08
T0011590,A00311,C0250,2025-09-15,Salary Credit,11403.18,USSD,60294.66
T0012068,A00325,C0260,2025-08-19,Withdrawal,1804.1,EFT,66979.93
T0004348,A00119,C0098,2025-07-16,Deposit,17943.86,Branch,84943.45
T0004409,A00120,C0099,2026-03-07,Purchase,6728.78,ATM,57378.92
T0009375,A00249,C0202,2026-02-17,Withdrawal,7951.65,USSD,49254.57
T0002133,A00059,C0049,2026-05-06,Airtime,6002.47,ATM,106215.11
T0009791,A00262,C0214,2026-01-24,Bill Payment,5956.09,EFT,31071.86
T0012216,A00329,C0264,2026-05-11,Bill Payment,7297.51,USSD,70794.51
T0006540,A00174,C0144,2025-08-17,Purchase,2365.69,EFT,189207.56
T0003915,A00108,C0090,2026-05-16,Transfer Out,3796.97,USSD,453.93
T0006038,A00161,C0133,2025-10-07,Airtime,3152.59,USSD,20619.21
T0013869,A00372,C0297,2026-01-18,Deposit,18132.44,EFT,24307.82
T0011012,A00296,C0238,2025-07-20,Purchase,7029.69,USSD,203213.49
T0007858,A00206,C0169,2026-03-05,Transfer Out,1911.29,App,40985.37
T0013081,A00352,C0282,2026-01-21,Transfer Out,2717.41,ATM,-37041.72
T0003580,A00099,C0083,2026-06-12,Salary Credit,15760.17,App,39860.24
T0008081,A00212,C0173,2025-10-30,Transfer Out,7356.41,Branch,9316.85
T0001587,A00046,C0039,2025-11-22,Transfer Out,7158.95,EFT,78181.69
T0006573,A00175,C0145,2025-08-21,Transfer In,5672.57,POS,141580.42
T0000092,A00003,C0003,2025-12-19,Deposit,18997.34,USSD,133238.4
T0009107,A00241,C0196,2025-10-04,Airtime,4179.26,POS,35266.36
T0010269,A00275,C0224,2025-07-16,Deposit,11658.72,Branch,75522.57
T0007706,A00201,C0165,2026-04-18,Bill Payment,2339.8,Branch,59738.45
T0013209,A00356,C0285,2025-10-27,Airtime,154.55,ATM,66011.4
T0008929,A00235,C0190,2026-01-15,Salary Credit,6811.45,EFT,162466.39
T0011418,A00306,C0245,2025-07-14,Bill Payment,7537.2,Branch,44724.05
T0008817,A00232,C0188,2025-12-26,Bill Payment,6969.16,ATM,23919.62
T0010240,A00275,C0224,2025-09-01,Transfer In,24995.35,App,45463.47
T0011369,A00305,C0244,2025-09-15,Bill Payment,7014.38,POS,128371.28
T0008260,A00217,C0178,2025-08-01,Salary Credit,15659.57,App,194940.42
T0001989,A00056,C0047,2026-05-21,Withdrawal,4837.02,EFT,58679.4
T0009278,A00246,C0200,2025-09-19,Bill Payment,5441.02,App,-5309.26
T0001261,A00038,C0033,2025-09-03,Withdrawal,1405.93,ATM,190734.27
T0011460,A00308,C0247,2026-04-30,Transfer Out,6255.0,EFT,119781.76
T0008403,A00222,C0181,2025-10-13,Salary Credit,5209.06,POS,70390.57
T0005935,A00157,C0131,2026-02-17,Transfer Out,7732.48,App,114384.6
T0011690,A00314,C0252,2025-12-08,Deposit,7989.42,USSD,23628.93
T0012203,A00329,C0264,2025-11-28,Transfer In,9199.01,ATM,40466.46
T0005283,A00141,C0117,2026-01-21,Salary Credit,2697.74,Branch,55193.24
T0011632,A00312,C0250,2025-12-20,Transfer Out,7765.87,USSD,132826.81
T0007654,A00200,C0164,2025-07-16,Salary Credit,5738.23,ATM,160960.9
T0002242,A00062,C0051,2026-03-29,Bill Payment,5848.44,ATM,99050.18
T0003228,A00089,C0074,2026-04-02,Bill Payment,6435.16,EFT,35657.33
T0011571,A00311,C0250,2025-07-24,Airtime,4320.3,App,46713.52
T0008539,A00226,C0184,2025-08-25,Transfer Out,2908.35,USSD,45839.06
T0003621,A00100,C0083,2026-01-30,Salary Credit,24786.71,App,5757.86
T0009855,A00263,C0215,2026-01-24,Purchase,4030.67,EFT,37400.53
T0007968,A00209,C0172,2026-01-02,Purchase,6932.85,Branch,57229.04
T0002387,A00067,C0055,2026-06-27,Salary Credit,15234.66,POS,24517.84
T0004568,A00123,C0102,2025-08-01,Bill Payment,3343.58,EFT,74805.07
T0008788,A00232,C0188,2026-04-04,Transfer In,20315.2,POS,59140.43
T0008932,A00235,C0190,2025-09-01,Transfer In,8156.45,USSD,163923.78
T0004849,A00130,C0107,2025-12-11,Withdrawal,4722.04,Branch,15960.03
T0006101,A00164,C0136,2025-11-06,Transfer Out,1526.78,EFT,28235.14
T0005417,A00144,C0119,2026-03-31,Deposit,14707.55,EFT,175781.76
T0001721,A00049,C0042,2026-04-21,Transfer Out,1052.79,POS,170178.06
T0013037,A00351,C0281,2026-04-03,Airtime,7413.13,App,2976.97
T0007616,A00199,C0163,2026-04-13,Airtime,7007.83,USSD,207258.15
T0008151,A00215,C0176,2025-12-12,Purchase,6835.37,POS,83670.91
T0008521,A00226,C0184,2026-06-20,Deposit,-12901.4,USSD,36320.09
T0013014,A00350,C0281,2025-08-18,Transfer Out,6918.84,Branch,76939.88
T0003929,A00108,C0090,2026-01-24,Bill Payment,2092.17,Branch,-35150.07
T0011566,A00311,C0250,2026-03-25,Transfer Out,4492.03,USSD,48498.99
T0013351,A00359,C0288,2025-11-03,Salary Credit,3817.36,EFT,89878.38
T0012898,A00348,C0279,2025-09-20,Withdrawal,1261.38,USSD,78036.75
T0012427,A00335,C0268,2025-12-05,Deposit,14431.16,App,20739.73
T0003964,A00109,C0091,2025-11-30,Purchase,,App,12038.12
T0011587,A00311,C0250,2025-12-07,Airtime,6897.39,USSD,61536.4
T0005697,A00151,C0125,2026-05-19,Transfer In,20728.9,EFT,212327.7
T0007992,A00209,C0172,2025-11-19,Transfer In,14127.86,App,187929.32
T0002719,A00074,C0060,2025-10-17,Bill Payment,1555.92,Branch,49965.45
T0009568,A00256,C0208,2026-06-22,Transfer Out,6963.97,App,-9037.41
T0002218,A00061,C0050,2026-03-30,Airtime,3186.12,App,86643.35
T0004235,A00116,C0096,2025-07-18,Airtime,3230.34,App,64965.99
T0005765,A00153,C0127,2025-07-30,Transfer Out,3985.61,Branch,48888.7
T0000645,A00019,C0017,2026-03-30,Salary Credit,10080.33,POS,67236.44
T0003426,A00096,C0081,2025-12-04,Withdrawal,6521.83,EFT,63917.1
T0011600,A00312,C0250,2025-09-23,Purchase,5967.84,EFT,71988.66
T0000309,A00010,C0010,2026-01-12,Withdrawal,3099.29,Branch,110543.13
T0013948,A00374,C0298,2025-09-04,Bill Payment,6721.66,ATM,20041.36
T0006207,A00166,C0138,2026-01-11,Bill Payment,1787.15,ATM,74547.54
T0011042,A00297,C0239,2026-05-23,Purchase,5777.07,POS,58923.76
T0011029,A00297,C0239,2025-11-08,Transfer Out,4944.5,App,6740.59
T0005359,A00143,C0118,2026-04-06,Purchase,6746.36,Branch,-33373.11
T0001544,A00045,C0038,2026-02-17,Bill Payment,4207.73,Branch,50323.69
T0013993,A00374,C0298,2026-05-19,Deposit,11810.67,USSD,169862.84
T0002547,A00070,C0057,2026-06-04,Deposit,345.42,POS,40965.82
T0001707,A00049,C0042,2025-09-13,Deposit,4701.72,USSD,125320.91
T0001222,A00037,C0032,2026-01-26,Salary Credit,4204.49,App,95049.55
T0002233,A00062,C0051,2025-07-12,Salary Credit,14019.0,Branch,76320.0
T0013525,A00363,C0290,2025-12-15,Deposit,18907.01,ATM,159350.48
T0012463,A00337,C0269,2025-12-05,Deposit,4638.2,Branch,13414.97
T0009954,A00266,C0217,2025-12-19,Purchase,897.03,ATM,30954.39
T0011928,A00321,C0256,2025-09-08,Transfer In,8725.65,USSD,123176.67
T0012990,A00350,C0281,2025-12-20,Bill Payment,688.67,ATM,32623.52
T0005030,A00134,C0111,2026-03-20,Purchase,2260.51,ATM,39539.35
T0013048,A00351,C0281,2025-08-24,Withdrawal,882.04,ATM,-50102.53
T0010602,A00284,C0230,2025-12-31,Salary Credit,19509.98,App,75564.28
T0009385,A00249,C0202,2026-05-13,Transfer In,16614.22,POS,45006.72
T0006385,A00171,C0141,2025-08-15,Salary Credit,6495.28,POS,34553.39
T0011718,A00315,C0253,2026-05-29,Bill Payment,5540.59,Branch,33087.4
T0011975,A00323,C0258,2025-09-08,Purchase,6017.15,ATM,17103.64
T0013998,A00374,C0298,2025-11-15,Deposit,22442.52,App,189813.6
T0005960,A00158,C0131,2026-05-11,Transfer Out,3133.1,POS,43254.95
T0005105,A00135,C0112,2026-05-20,Deposit,6293.59,POS,26169.09
T0003223,A00089,C0074,2026-06-09,Airtime,2107.99,POS,7892.21
T0011620,A00312,C0250,2025-08-22,Salary Credit,7239.31,USSD,124034.59
T0008759,A00231,C0188,2026-02-03,Transfer Out,1099.14,ATM,20911.13
T0013322,A00358,C0287,2026-03-06,Airtime,2828.04,App,137282.52
T0009813,A00262,C0214,2025-10-20,Airtime,5208.5,USSD,78247.69
T0000739,A00023,C0021,2025-07-21,Purchase,817.74,POS,42439.55
T0000303,A00010,C0010,2026-06-28,Airtime,4212.65,POS,69715.05
T0007244,A00190,C0156,2025-08-06,Transfer Out,,EFT,107021.5
T0009299,A00247,C0201,2025-09-23,Purchase,7933.05,ATM,43399.37
T0013133,A00354,C0283,2025-09-11,Withdrawal,3665.09,USSD,58559.8
T0012261,A00331,C0265,2026-02-15,Purchase,3388.38,Branch,-2277.52
T0008727,A00230,C0187,2026-02-12,Transfer In,1472.24,POS,70167.72
T0011043,A00297,C0239,2026-04-28,Deposit,,App,65379.87
T0013468,A00362,C0289,2025-12-19,Airtime,4756.8,App,76837.77
T0001457,A00043,C0037,2025-10-13,Bill Payment,1262.02,USSD,75271.5
T0001301,A00039,C0034,2025-12-09,Transfer In,23530.68,EFT,53238.4
T0001880,A00053,C0045,2026-03-17,Transfer In,9621.97,USSD,104007.14
T0013264,A00357,C0286,2026-01-15,Salary Credit,16776.33,Branch,149675.44
T0002956,A00082,C0067,2025-12-23,Airtime,2161.21,POS,88828.76
T0006738,A00179,C0148,2025-09-26,Transfer In,7316.51,USSD,-52810.67
T0005900,A00156,C0130,2025-11-10,Purchase,468.13,Branch,169728.58
T0003018,A00084,C0069,2025-10-02,Purchase,1258.43,POS,51435.33
T0008427,A00223,C0182,2025-09-09,Withdrawal,45.38,USSD,30453.62
T0013924,A00373,C0298,2026-03-14,Airtime,6653.68,EFT,65023.52
T0005773,A00153,C0127,2025-09-06,Purchase,4881.03,Branch,83092.07
T0004901,A00130,C0107,2026-03-13,Transfer In,593.34,Branch,253324.4
T0010170,A00273,C0222,2026-05-12,Purchase,134.48,POS,65496.18
T0008842,A00233,C0189,2025-08-07,Salary Credit,19004.73,App,92014.92
T0010334,A00277,C0225,2026-03-27,Transfer Out,2810.26,USSD,163122.59
T0001091,A00034,C0030,2026-01-16,Withdrawal,2573.93,Branch,101916.01
T0007746,A00203,C0166,2026-03-08,Transfer Out,1427.24,USSD,39390.0
T0007236,A00190,C0156,2026-01-01,Transfer In,21366.27,Branch,84286.97
T0010871,A00293,C0236,2026-03-16,Transfer Out,1266.55,POS,65334.59
T0013877,A00372,C0297,2025-11-28,Transfer In,3935.36,EFT,70263.94
T0009339,A00248,C0202,2025-11-19,Salary Credit,7114.96,App,41916.63
T0013665,A00366,C0293,2025-08-03,Transfer Out,972.07,POS,54111.57
T0010035,A00268,C0219,2025-12-14,Withdrawal,6986.5,Branch,41524.69
T0007822,A00205,C0168,2025-10-08,Deposit,19617.49,ATM,114359.79
T0011709,A00314,C0252,2025-07-30,Transfer Out,6726.65,App,46708.31
T0004315,A00118,C0097,2026-01-03,Deposit,1868.06,USSD,26646.12
T0003922,A00108,C0090,2025-09-22,Airtime,2069.09,App,-6416.87
T0000556,A00018,C0016,2025-08-30,Purchase,2554.43,USSD,24930.53
T0010237,A00275,C0224,2026-01-06,Bill Payment,5551.68,EFT,21996.96
T0003149,A00086,C0071,2026-05-16,Withdrawal,731.67,App,101013.02
T0007025,A00185,C0152,2026-02-07,Transfer In,16460.55,POS,165104.55
T0004735,A00127,C0105,2025-11-10,Bill Payment,2769.75,POS,34044.23
T0009748,A00261,C0213,2025-07-05,Transfer Out,4307.59,Branch,35279.71
T0004280,A00118,C0097,2025-09-20,Purchase,164.35,EFT,21666.57
T0009559,A00255,C0207,2025-12-22,Deposit,10828.58,POS,65737.08
T0000423,A00013,C0013,2026-05-10,Airtime,2940.07,ATM,50418.46
T0006388,A00171,C0141,2025-10-07,Transfer In,,EFT,67721.38
T0010568,A00283,C0229,2025-11-11,Salary Credit,5922.22,ATM,69180.64
T0010800,A00291,C0234,2025-07-27,Transfer Out,3861.76,Branch,61081.95
T0007934,A00208,C0171,2025-12-02,Deposit,17216.88,USSD,60013.94
T0011096,A00298,C0240,2025-11-04,Transfer In,23346.76,POS,35314.23
T0008871,A00234,C0190,2026-03-26,Airtime,4511.61,Branch,35055.82
T0012669,A00342,C0274,2026-01-11,Deposit,3040.23,USSD,162769.88
T0001825,A00052,C0044,2026-04-28,Transfer Out,7559.25,Branch,81883.99
T0007449,A00196,C0161,2025-08-25,Transfer In,23980.51,ATM,113789.02
T0006621,A00177,C0146,2026-06-26,Purchase,4423.36,ATM,80139.91
T0000034,A00001,C0001,2026-01-18,Salary Credit,3640.07,USSD,92375.15
T0012799,A00346,C0278,2026-01-06,Transfer In,8265.78,EFT,17200.36
T0009974,A00267,C0218,2025-12-31,Transfer Out,,Branch,24105.96
T0000468,A00014,C0014,2025-09-13,Deposit,6735.94,POS,117484.66
T0005768,A00153,C0127,2025-12-11,Bill Payment,6681.9,USSD,49823.79
T0013593,A00365,C0292,2025-07-02,Transfer Out,3653.48,ATM,16697.75
T0006713,A00179,C0148,2025-08-04,Bill Payment,4126.47,Branch,-6719.41
T0004187,A00116,C0096,2026-04-03,Deposit,10632.26,App,40879.91
T0002198,A00061,C0050,2026-05-07,Bill Payment,355.97,USSD,92266.06
T0004432,A00121,C0100,2026-06-02,Withdrawal,2984.81,POS,25425.22
T0012618,A00341,C0273,2025-09-30,Withdrawal,203.34,EFT,68284.46
T0004671,A00125,C0104,2026-05-14,Salary Credit,6339.47,ATM,74619.46
T0005559,A00148,C0122,2026-01-30,Withdrawal,6799.64,POS,47432.79
T0003906,A00107,C0089,2026-05-15,Withdrawal,,EFT,13119.72
T0008948,A00235,C0190,2025-08-17,Salary Credit,19464.9,EFT,170346.7
T0004017,A00110,C0091,2026-01-23,Transfer In,906.31,App,120385.37
T0012124,A00327,C0262,2025-07-25,Airtime,5442.95,POS,40968.88
T0010329,A00277,C0225,2026-03-19,Purchase,3829.29,EFT,144333.58
T0010584,A00284,C0230,2026-04-16,Purchase,1261.76,EFT,25392.29
T0000521,A00016,C0015,2026-03-15,Transfer In,3914.62,EFT,29772.02
T0002948,A00082,C0067,2026-04-04,Purchase,6859.05,EFT,69679.38
T0013020,A00350,C0281,2025-09-29,Purchase,115.06,Branch,97839.6
T0009382,A00249,C0202,2025-08-02,Withdrawal,319.45,ATM,15564.63
T0013386,A00360,C0288,2026-01-07,Withdrawal,684.83,Branch,71476.34
T0008723,A00230,C0187,2025-09-06,Airtime,7793.59,POS,66216.07
T0010709,A00288,C0232,2026-05-16,Withdrawal,6859.72,Branch,27997.53
T0011406,A00306,C0245,2026-06-17,Salary Credit,14259.73,POS,69068.86
T0000293,A00010,C0010,2025-11-25,Deposit,23169.47,USSD,-13419.11
T0010148,A00273,C0222,2025-08-21,Deposit,22988.51,ATM,49704.28
T0000980,A00031,C0029,2025-12-13,Deposit,18620.62,POS,95614.72
T0010098,A00271,C0221,2025-11-08,Bill Payment,3404.63,USSD,-4747.54
T0014090,A00376,C0300,2025-12-05,Salary Credit,21713.4,POS,183029.93
T0003746,A00103,C0085,2026-05-01,Bill Payment,5315.3,Branch,35662.98
T0009263,A00245,C0200,2026-03-08,Transfer In,20657.81,POS,139806.74
T0008858,A00233,C0189,2026-06-26,Withdrawal,6793.12,App,77813.53
T0004481,A00122,C0101,2025-09-07,Airtime,3848.53,POS,10054.15
T0010081,A00270,C0220,2026-01-05,Withdrawal,-215.54,ATM,51300.53
T0013145,A00354,C0283,2025-08-07,Deposit,14499.33,Branch,73886.93
T0011654,A00312,C0250,2025-09-21,Purchase,2711.66,ATM,134471.76
T0007645,A00200,C0164,2026-03-07,Bill Payment,3705.6,ATM,136627.08
T0011527,A00310,C0249,2025-07-16,Salary Credit,12992.97,POS,70322.23
T0000274,A00010,C0010,2026-04-28,Withdrawal,6181.72,USSD,27375.9
T0013781,A00370,C0296,2026-01-20,Transfer Out,7214.3,Branch,114424.24
T0013023,A00350,C0281,2026-05-25,Withdrawal,1909.74,ATM,100267.75
T0006337,A00169,C0140,2026-01-16,Airtime,4841.33,USSD,61088.48
T0007517,A00197,C0161,2026-04-02,Purchase,1702.99,Branch,63644.31
T0002588,A00071,C0057,2026-01-24,Transfer Out,4197.29,POS,53339.24
T0000696,A00021,C0019,2026-06-01,Bill Payment,3699.65,ATM,-14471.14
T0005938,A00157,C0131,2025-12-16,Bill Payment,1472.32,USSD,99172.5
T0001636,A00047,C0040,2026-03-28,Airtime,6088.69,EFT,93232.29
T0005456,A00145,C0120,2026-04-22,Purchase,4328.77,POS,84709.17
T0007299,A00192,C0157,2026-02-08,Purchase,193.69,Branch,51196.73
T0011663,A00313,C0251,2026-04-24,Transfer In,20516.68,POS,106032.9
T0001054,A00033,C0030,2026-05-18,Airtime,1008.03,App,43551.95
T0010175,A00273,C0222,2026-04-23,Bill Payment,3351.0,EFT,76301.48
T0010734,A00288,C0232,2026-01-09,Airtime,3686.88,EFT,79729.4
T0002957,A00082,C0067,2026-01-18,Salary Credit,14880.51,Branch,103709.27
T0006990,A00185,C0152,2025-08-25,Salary Credit,4410.71,Branch,21630.33
T0001538,A00045,C0038,2025-11-20,Salary Credit,1053.23,EFT,26878.37
T0007270,A00191,C0156,2025-11-17,Withdrawal,2545.34,ATM,24488.36
T0007442,A00196,C0161,2026-05-08,Salary Credit,,App,57882.29
T0005077,A00135,C0112,2025-11-26,Transfer Out,1362.2,POS,9320.4
T0011564,A00311,C0250,2025-12-03,Transfer Out,222.52,POS,56062.01
T0007121,A00188,C0154,2026-02-15,Purchase,3912.98,Branch,88744.58
T0007937,A00208,C0171,2026-03-14,Withdrawal,7102.57,POS,63078.06
T0002404,A00067,C0055,2026-05-06,Withdrawal,2379.04,ATM,134040.92
T0014098,A00376,C0300,2026-03-12,Withdrawal,6727.69,Branch,241852.39
T0001917,A00054,C0045,2026-03-29,Withdrawal,7068.62,ATM,97827.9
T0004758,A00128,C0106,2026-02-23,Purchase,3001.17,Branch,-508.55
T0006663,A00177,C0146,2025-09-02,Purchase,2818.33,App,215633.47
T0008198,A00216,C0177,2025-08-24,Bill Payment,2836.17,Branch,22050.26
T0006635,A00177,C0146,2026-04-02,Airtime,3414.52,USSD,106225.61
T0004780,A00128,C0106,2026-06-28,Deposit,13568.24,POS,54450.39
T0010360,A00278,C0225,2025-11-21,Withdrawal,7816.94,ATM,99842.91
T0010282,A00276,C0224,2025-11-16,Withdrawal,5195.1,ATM,-7076.29
T0003543,A00098,C0082,2026-02-22,Airtime,6870.6,POS,117019.51
T0004097,A00113,C0093,2025-11-23,Deposit,567.2,App,22211.2
T0005695,A00151,C0125,2025-09-10,Deposit,10325.45,POS,192588.88
T0001392,A00041,C0036,2025-07-04,Bill Payment,5626.68,ATM,68623.51
T0012199,A00329,C0264,2025-07-09,Purchase,5313.99,ATM,28412.62
T0012510,A00338,C0270,2026-01-20,Purchase,2998.44,EFT,43626.59
T0009924,A00265,C0217,2026-05-18,Transfer In,-14396.85,ATM,57916.5
T0005599,A00149,C0123,2025-09-17,Salary Credit,17360.36,POS,107706.37
T0006803,A00180,C0149,2025-07-24,Deposit,7426.3,App,107977.26
T0003332,A00092,C0077,2025-08-03,Deposit,342.1,USSD,122504.56
T0004771,A00128,C0106,2026-06-19,Bill Payment,4000.15,App,53457.26
T0009350,A00248,C0202,2025-11-23,Transfer In,505.28,Branch,85123.81
T0006746,A00179,C0148,2026-06-04,Salary Credit,16030.81,EFT,48510.42
T0000943,A00030,C0028,2026-04-19,Transfer In,-616.29,POS,33386.61
T0006842,A00181,C0149,2026-03-15,Salary Credit,,ATM,126209.0
T0011362,A00305,C0244,2025-12-17,Salary Credit,4595.51,Branch,159238.07
T0005485,A00146,C0121,2025-09-21,Withdrawal,2762.49,USSD,126798.17
T0007848,A00206,C0169,2026-02-16,Transfer In,24415.02,App,73805.77
T0007542,A00198,C0162,2026-04-19,Transfer In,8728.97,App,53501.53
T0009983,A00267,C0218,2026-06-09,Bill Payment,4703.95,Branch,78997.01
T0010116,A00272,C0221,2026-02-15,Airtime,6128.91,POS,-3486.12
T0008767,A00231,C0188,2025-08-17,Salary Credit,10589.41,POS,88522.74
T0011272,A00302,C0242,2025-08-26,Airtime,1217.89,POS,59500.13
T0011144,A00299,C0240,2026-03-06,Transfer Out,3824.99,Branch,135875.86
T0002109,A00059,C0049,2025-10-18,Purchase,2583.71,Branch,71671.64
T0009595,A00256,C0208,2026-04-23,Withdrawal,5555.02,EFT,78606.64
T0003541,A00098,C0082,2026-05-09,Transfer In,14207.68,ATM,124998.27
T0005925,A00157,C0131,2026-04-07,Withdrawal,5751.73,App,57669.61
T0009820,A00262,C0214,2026-04-03,Purchase,4565.5,USSD,53175.57
T0007527,A00198,C0162,2025-08-20,Bill Payment,3308.15,EFT,59882.78
T0004893,A00130,C0107,2026-05-01,Purchase,4192.37,EFT,221719.72
T0013280,A00357,C0286,2026-01-29,Purchase,6710.14,USSD,131253.98
T0003963,A00109,C0091,2025-08-15,Airtime,458.25,EFT,15157.51
T0004728,A00127,C0105,2026-03-06,Withdrawal,4322.43,App,20747.71
T0009194,A00243,C0198,2025-07-24,Purchase,,POS,142275.7
T0004346,A00119,C0098,2025-07-30,Salary Credit,8157.83,POS,68629.47
T0003551,A00098,C0082,2025-07-18,Transfer In,4953.08,ATM,167145.89
T0002695,A00074,C0060,2025-07-09,Airtime,5196.76,App,45549.82
T0007243,A00190,C0156,2025-09-25,Transfer Out,1660.59,USSD,112084.1
T0000031,A00001,C0001,2026-06-13,Withdrawal,1102.0,EFT,101371.05
T0009066,A00240,C0195,2025-07-11,Transfer Out,2450.29,App,38616.43
T0010811,A00291,C0234,2026-05-18,Transfer Out,4293.39,EFT,64226.74
T0009995,A00267,C0218,2025-12-25,Bill Payment,1619.5,POS,38193.06
T0000247,A00009,C0009,2026-06-19,Salary Credit,20017.49,ATM,14103.69
T0002196,A00061,C0050,2025-11-02,Salary Credit,5612.56,Branch,78561.33
T0010772,A00290,C0234,2025-07-24,Airtime,,USSD,-1999.58
T0005606,A00149,C0123,2025-09-23,Deposit,8486.67,EFT,105207.77
T0010389,A00279,C0226,2026-03-14,Salary Credit,738.28,EFT,54201.93
T0003997,A00110,C0091,2026-06-27,Transfer In,23582.67,POS,45082.94
T0005832,A00154,C0128,2026-01-14,Transfer Out,2280.6,Branch,123185.23
T0013576,A00364,C0291,2025-07-09,Bill Payment,6457.28,POS,135611.45
T0000166,A00006,C0006,2026-06-12,Purchase,979.85,ATM,31237.7
T0004464,A00122,C0101,2025-10-06,Airtime,2847.42,EFT,10471.81
T0007143,A00188,C0154,2025-08-10,Purchase,3890.57,App,119752.27
T0001161,A00036,C0032,2025-09-11,Transfer Out,3534.46,Branch,44841.76
T0004220,A00116,C0096,2026-03-25,Transfer Out,7163.8,App,47487.7
T0005556,A00148,C0122,2026-02-01,Salary Credit,11568.42,ATM,34061.76
T0008093,A00212,C0173,2025-11-23,Salary Credit,7730.4,ATM,52800.05
T0006700,A00178,C0147,2026-01-27,Transfer Out,6735.67,ATM,98347.6
T0001405,A00041,C0036,2026-01-03,Bill Payment,7139.7,Branch,99974.32
T0014025,A00375,C0299,2025-09-14,Transfer In,5540.37,EFT,55455.24
T0009197,A00243,C0198,2025-12-24,Salary Credit,9062.0,ATM,140225.85
T0006892,A00182,C0150,2026-02-25,Deposit,11064.97,ATM,133802.88
T0002541,A00069,C0056,2026-03-11,Salary Credit,23375.3,Branch,247481.49
T0003894,A00107,C0089,2025-08-05,Purchase,6294.69,Branch,23803.51
T0012867,A00347,C0279,2025-08-01,Salary Credit,,POS,158934.69
T0009411,A00250,C0203,2025-07-08,Transfer In,3434.91,EFT,137716.11
T0006185,A00166,C0138,2025-09-13,Salary Credit,5035.65,POS,41044.87
T0012429,A00335,C0268,2026-04-11,Withdrawal,2962.96,POS,14719.58
T0002718,A00074,C0060,2025-11-17,Transfer In,12367.05,EFT,51521.37
T0002431,A00068,C0056,2025-09-20,Transfer In,18878.87,ATM,14927.43
T0006604,A00176,C0146,2025-10-05,Transfer In,19029.99,App,77639.0
T0011264,A00302,C0242,2026-05-26,Deposit,1383.14,USSD,42679.84
T0004394,A00119,C0098,2026-02-06,Transfer Out,65.65,POS,226817.49
T0013025,A00350,C0281,2026-05-12,Bill Payment,2236.52,POS,99614.44
T0001038,A00033,C0030,2026-02-01,Transfer In,3536.06,EFT,20294.93
T0005392,A00144,C0119,2025-12-22,Purchase,,ATM,20066.14
T0007611,A00199,C0163,2025-08-04,Purchase,6731.31,App,208405.47
T0012694,A00343,C0275,2025-11-11,Transfer In,12706.01,EFT,42809.13
T0011823,A00318,C0255,2025-10-20,Salary Credit,2081.01,EFT,25164.41
T0001661,A00048,C0041,2025-11-26,Transfer In,13179.2,ATM,85423.28
T0013731,A00369,C0295,2026-05-02,Transfer In,13440.07,POS,35564.63
T0009603,A00256,C0208,2026-02-27,Transfer In,18812.93,Branch,123335.54
T0010582,A00284,C0230,2026-01-01,Salary Credit,15269.5,POS,34045.93
T0011425,A00306,C0245,2026-06-13,Transfer Out,6464.87,App,29845.03
T0010746,A00289,C0233,2025-09-11,Transfer Out,7812.17,App,29583.61
T0001900,A00054,C0045,2025-09-23,Salary Credit,344.55,ATM,55043.44
T0005689,A00151,C0125,2026-04-20,Deposit,19127.63,USSD,167694.07
T0001247,A00038,C0033,2025-09-07,Airtime,1419.14,USSD,84888.81
T0004732,A00127,C0105,2025-07-12,Deposit,820.06,EFT,4920.35
T0011243,A00301,C0242,2025-08-14,Bill Payment,528.86,POS,131618.31
T0003977,A00109,C0091,2026-03-16,Bill Payment,6847.07,EFT,-22573.35
T0000771,A00023,C0021,2026-06-20,Bill Payment,7600.47,Branch,109014.26
T0009261,A00245,C0200,2026-04-15,Salary Credit,7497.49,POS,117958.42
T0002716,A00074,C0060,2026-06-28,Purchase,1371.57,USSD,14412.11
T0011579,A00311,C0250,2025-10-08,Salary Credit,14802.1,POS,74277.38
T0010322,A00277,C0225,2026-05-09,Salary Credit,10597.37,EFT,102345.52
T0006969,A00184,C0151,2025-10-03,Withdrawal,1251.31,App,15880.43
T0010084,A00270,C0220,2026-02-16,Withdrawal,5965.79,Branch,64170.35
T0002551,A00070,C0057,2025-09-26,Bill Payment,1641.07,ATM,42338.05
T0002470,A00068,C0056,2026-04-08,Purchase,5922.9,Branch,261038.14
T0006868,A00182,C0150,2025-12-08,Transfer Out,2175.67,USSD,62650.35
T0003331,A00092,C0077,2026-06-11,Airtime,5158.43,USSD,122162.46
T0003206,A00088,C0073,2025-07-25,Deposit,16927.93,Branch,131985.35
T0000155,A00005,C0005,2025-07-28,Airtime,50.45,USSD,46587.99
T0010115,A00272,C0221,2025-10-23,Bill Payment,2101.67,POS,2642.79
T0009867,A00264,C0216,2025-09-20,Salary Credit,15951.81,App,36372.65
T0006336,A00169,C0140,2026-05-17,Salary Credit,7903.81,ATM,65929.81
T0002351,A00066,C0054,2026-01-25,Airtime,1076.07,Branch,12750.74
T0009330,A00248,C0202,2025-09-26,Transfer Out,6742.27,ATM,35800.11
T0000435,A00013,C0013,2025-09-28,Transfer Out,2853.77,EFT,60792.23
T0008778,A00231,C0188,2025-07-30,Withdrawal,5197.19,Branch,55672.34
T0009783,A00261,C0213,2026-06-26,Salary Credit,4568.28,App,33273.38
T0004677,A00126,C0104,2026-04-05,Bill Payment,137.89,App,61590.9
T0003494,A00097,C0081,2025-07-01,Purchase,164.92,ATM,88204.37
T0003104,A00085,C0070,2026-06-28,Transfer Out,4601.87,USSD,168803.82
T0011191,A00300,C0241,2026-06-09,Salary Credit,1385.17,App,94411.03
T0008209,A00216,C0177,2026-05-07,Purchase,2025.34,USSD,50298.6
T0007089,A00187,C0154,2025-11-26,Transfer Out,6431.33,ATM,50492.07
T0007786,A00203,C0166,2025-08-16,Salary Credit,3080.7,Branch,163133.26
T0006502,A00174,C0144,2025-12-01,Salary Credit,19214.22,EFT,39079.22
T0004862,A00130,C0107,2025-07-13,Withdrawal,1139.84,USSD,108176.01
T0000192,A00007,C0007,2025-10-14,Transfer Out,5219.67,USSD,30347.29
T0001642,A00047,C0040,2025-08-26,Transfer In,513.04,Branch,96693.69
T0003479,A00097,C0081,2025-10-17,Airtime,5255.6,ATM,46313.3
T0003144,A00086,C0071,2026-04-23,Transfer In,20655.44,POS,92066.96
T0012415,A00334,C0267,2026-01-24,Purchase,1899.84,ATM,119490.5
T0002463,A00068,C0056,2025-08-14,Transfer Out,7080.48,Branch,252687.91
T0012304,A00331,C0265,2026-04-14,Airtime,4693.98,ATM,67409.71
T0012995,A00350,C0281,2025-07-02,Salary Credit,14807.02,Branch,73514.81
T0014103,A00376,C0300,2026-04-03,Purchase,5437.78,EFT,210404.56
T0002535,A00069,C0056,2025-09-27,Withdrawal,5802.25,USSD,185449.72
T0006408,A00171,C0141,2026-04-27,Bill Payment,4073.65,POS,74958.99
T0001835,A00052,C0044,2025-07-04,Salary Credit,-20829.36,ATM,154906.11
T0004156,A00114,C0094,2025-08-09,Bill Payment,5468.7,EFT,42300.84
T0005516,A00146,C0121,2025-07-11,Purchase,1345.99,ATM,215254.88
T0009238,A00245,C0200,2026-05-02,Purchase,4124.31,ATM,12153.05
T0013211,A00356,C0285,2025-12-20,Airtime,2044.67,Branch,64829.15
T0004787,A00128,C0106,2026-01-12,Transfer Out,3590.08,EFT,72842.17
T0012708,A00343,C0275,2026-01-12,Deposit,7417.48,USSD,85709.33
T0001950,A00055,C0046,2025-07-19,Bill Payment,1262.52,USSD,52151.74
T0011047,A00297,C0239,2025-11-25,Airtime,3031.79,USSD,55706.03
T0002081,A00058,C0048,2026-05-27,Transfer Out,2128.32,Branch,75514.33
T0001495,A00044,C0037,2026-03-02,Purchase,260.88,App,91720.62
T0004590,A00124,C0103,2026-01-20,Purchase,2600.05,ATM,143842.23
T0001792,A00051,C0043,2025-11-10,Transfer Out,148.62,Branch,84106.53
T0000010,A00001,C0001,2026-01-15,Bill Payment,4704.3,EFT,41194.79
T0005054,A00135,C0112,2026-05-03,Withdrawal,1242.13,USSD,14097.5
T0013653,A00366,C0293,2025-11-15,Transfer In,5099.22,EFT,60313.05
T0006728,A00179,C0148,2025-08-25,Salary Credit,7619.07,App,-43121.32
T0007948,A00208,C0171,2025-10-21,Withdrawal,6072.39,App,48457.47
T0008957,A00236,C0191,2025-12-20,Transfer Out,843.42,EFT,46421.99
T0000256,A00009,C0009,2025-12-25,Bill Payment,1206.26,POS,71892.38
T0000037,A00001,C0001,2026-03-07,Airtime,4664.01,USSD,78520.52
T0013938,A00373,C0298,2025-11-10,Purchase,1010.15,App,94871.01
T0009457,A00251,C0204,2026-05-23,Deposit,15736.04,Branch,53160.48
T0002134,A00059,C0049,2025-10-16,Withdrawal,6402.33,Branch,99812.78
T0000889,A00027,C0025,2025-07-29,Transfer In,6265.59,POS,172502.15
T0013050,A00351,C0281,2026-06-07,Transfer Out,895.3,Branch,-56530.89
T0010082,A00270,C0220,2026-01-14,Bill Payment,6008.2,Branch,45292.33
T0011306,A00303,C0243,2025-07-12,Salary Credit,19346.52,USSD,71706.06
T0008773,A00231,C0188,2026-04-05,Purchase,6414.8,USSD,82504.98
T0010124,A00272,C0221,2026-02-10,Transfer Out,2997.6,POS,36933.26
T0008670,A00229,C0186,2026-04-08,Withdrawal,6388.79,USSD,2833.37
T0003142,A00086,C0071,2026-02-17,Transfer Out,1230.48,ATM,72247.15
T0005212,A00138,C0114,2026-05-11,Transfer Out,2743.12,Branch,92413.27
T0001665,A00048,C0041,2026-06-29,Airtime,7133.15,POS,64240.02
T0001080,A00034,C0030,2026-05-19,Transfer Out,4497.13,POS,69304.96
T0000926,A00029,C0027,2026-05-27,Deposit,21052.68,App,62312.82
T0013303,A00358,C0287,2026-02-14,Bill Payment,1120.2,USSD,85813.53
T0011408,A00306,C0245,2025-08-04,Purchase,2075.27,POS,65466.82
T0009342,A00248,C0202,2025-07-19,Salary Credit,24568.35,EFT,78723.09
T0006189,A00166,C0138,2026-06-10,Transfer In,16975.22,Branch,84385.28
T0002568,A00071,C0057,2026-03-03,Purchase,1364.96,USSD,35185.85
T0005794,A00154,C0128,2025-10-29,Salary Credit,9958.55,USSD,39419.3
T0012438,A00335,C0268,2025-08-25,Salary Credit,3503.9,POS,29496.93
T0011442,A00307,C0246,2025-08-11,Deposit,12757.07,POS,70436.37
T0013900,A00372,C0297,2025-08-29,Withdrawal,6784.69,USSD,113774.1
T0012135,A00328,C0263,2025-09-29,Purchase,795.54,App,21922.22
T0001196,A00037,C0032,2025-07-05,Salary Credit,20278.99,Branch,98164.74
T0004031,A00110,C0091,2026-05-06,Transfer In,3267.79,EFT,190105.08
T0008983,A00237,C0192,2025-12-21,Transfer Out,6607.9,USSD,-16174.08
T0002997,A00083,C0068,2025-11-23,Transfer Out,2289.22,POS,31868.48
T0003461,A00096,C0081,2026-05-05,Purchase,31.36,EFT,214702.17
T0003714,A00102,C0084,2026-02-23,Salary Credit,4010.62,POS,82429.27
T0010799,A00291,C0234,2026-03-20,Transfer Out,5818.64,USSD,64943.71
T0007749,A00203,C0166,2025-12-07,Salary Credit,18845.13,EFT,63803.2
T0012512,A00338,C0270,2026-03-15,Transfer Out,4020.14,EFT,47073.0
T0011985,A00323,C0258,2025-12-16,Transfer In,20163.49,POS,26948.74
T0005151,A00136,C0112,2025-10-31,Salary Credit,9793.41,EFT,135152.47
T0012381,A00333,C0266,2026-01-09,Bill Payment,2544.42,Branch,91575.25
T0007151,A00189,C0155,2026-03-04,Withdrawal,2994.29,Branch,23339.7
T0013907,A00373,C0298,2026-03-04,Withdrawal,2267.9,POS,11981.16
T0002205,A00061,C0050,2026-02-19,Transfer Out,2881.54,Branch,99839.71
T0005812,A00154,C0128,2026-05-23,Transfer In,-7975.94,USSD,128687.82
T0009614,A00256,C0208,2025-11-05,Bill Payment,1185.94,EFT,123180.97
T0000076,A00003,C0003,2025-08-30,Deposit,8441.77,POS,92665.78
T0007969,A00209,C0172,2026-01-22,Deposit,12812.79,POS,70041.83
T0009644,A00257,C0209,2025-09-27,Bill Payment,2528.58,USSD,-26451.38
T0006745,A00179,C0148,2026-05-13,Transfer In,16330.14,USSD,32479.61
T0011097,A00298,C0240,2025-08-08,Bill Payment,6354.63,USSD,28959.6
T0011838,A00318,C0255,2026-02-28,Transfer Out,5713.48,Branch,54895.42
T0001353,A00040,C0035,2025-10-03,Bill Payment,,POS,81215.46
T0005638,A00150,C0124,2025-08-06,Deposit,,ATM,56705.94
T0008159,A00215,C0176,2026-01-30,Salary Credit,1615.26,USSD,80152.04
T0000102,A00003,C0003,2025-08-24,Purchase,3607.54,App,161865.16
T0000331,A00011,C0011,2026-04-08,Salary Credit,16152.4,USSD,37766.9
T0010461,A00280,C0227,2026-05-03,Airtime,,EFT,103403.94
T0008343,A00220,C0180,2026-04-10,Transfer Out,1448.57,Branch,10144.48
T0004302,A00118,C0097,2025-12-26,Salary Credit,23367.67,Branch,50044.96
T0012154,A00328,C0263,2025-12-29,Transfer In,2226.26,POS,112404.54
T0003245,A00090,C0075,2025-07-25,Salary Credit,6981.45,POS,86318.05
T0013535,A00364,C0291,2025-09-23,Transfer Out,1711.53,USSD,77851.28
T0000084,A00003,C0003,2025-12-11,Transfer Out,6611.46,App,103350.09
T0007189,A00189,C0155,2026-03-01,Withdrawal,5757.74,USSD,141737.7
T0012318,A00332,C0266,2025-08-01,Airtime,635.03,POS,59149.76
T0005533,A00147,C0121,2025-07-26,Purchase,7886.37,App,65113.2
T0001108,A00034,C0030,2026-02-17,Transfer Out,1982.51,Branch,133765.38
T0009728,A00260,C0212,2026-06-19,Salary Credit,16725.22,ATM,158027.56
T0003895,A00107,C0089,2026-04-16,Deposit,7242.93,EFT,31046.44
T0004458,A00121,C0100,2025-07-19,Withdrawal,395.66,ATM,160866.13
T0010034,A00268,C0219,2026-04-18,Transfer Out,4702.67,EFT,48511.19
T0001632,A00047,C0040,2026-06-30,Withdrawal,2837.02,ATM,78786.55
T0009190,A00243,C0198,2026-05-05,Deposit,23623.58,USSD,97344.94
T0006117,A00164,C0136,2026-06-01,Airtime,3598.8,USSD,50516.77
T0007023,A00185,C0152,2026-05-29,Salary Credit,17844.22,ATM,156395.66
T0003623,A00100,C0083,2025-07-30,Bill Payment,2488.25,ATM,-986.48
T0010869,A00293,C0236,2026-05-10,Transfer Out,7485.45,POS,45815.28
T0014072,A00376,C0300,2026-03-15,Transfer In,6108.97,POS,129805.21
T0005522,A00147,C0121,2026-06-27,Airtime,2558.43,App,4581.13
T0003636,A00100,C0083,2025-08-26,Deposit,1519.63,EFT,-3422.99
T0001364,A00040,C0035,2025-08-20,Deposit,6003.8,Branch,99463.84
T0007307,A00192,C0157,2025-10-27,Deposit,12664.62,Branch,95200.44
T0002604,A00071,C0057,2026-02-21,Airtime,4981.75,App,78675.61
T0012738,A00344,C0276,2025-10-26,Bill Payment,2748.32,ATM,21116.42
T0000775,A00023,C0021,2025-10-03,Airtime,5021.95,App,144626.14
T0004684,A00126,C0104,2026-05-24,Bill Payment,2380.17,EFT,62628.07
T0001913,A00054,C0045,2025-09-23,Salary Credit,21877.89,App,87206.0
T0006105,A00164,C0136,2025-11-08,Transfer Out,4912.19,POS,11611.13
T0006250,A00167,C0138,2025-10-03,Transfer Out,6488.96,App,6415.83
T0004868,A00130,C0107,2026-05-06,Salary Credit,15506.47,ATM,152061.11
T0008419,A00223,C0182,2025-09-17,Bill Payment,361.74,Branch,6010.6
T0000854,A00026,C0024,2025-07-08,Transfer In,17923.71,ATM,149201.03
T0003643,A00101,C0084,2026-01-30,Purchase,5286.68,POS,57136.29
T0006858,A00182,C0150,2025-12-17,Transfer In,9560.57,USSD,76940.85
T0014076,A00376,C0300,2026-03-22,Deposit,16895.53,POS,156167.62
T0005984,A00159,C0132,2025-11-24,Bill Payment,6958.17,POS,61580.44
T0001363,A00040,C0035,2026-03-25,Airtime,4857.25,USSD,93460.04
T0008544,A00226,C0184,2026-03-04,Transfer Out,3581.74,USSD,60347.24
T0011817,A00317,C0254,2026-02-16,Airtime,6395.02,App,9380.97
T0006330,A00169,C0140,2026-03-27,Purchase,4437.24,ATM,48236.65
T0013690,A00367,C0293,2026-01-14,Transfer Out,2233.34,POS,21317.99
T0006767,A00180,C0149,2025-11-30,Transfer Out,5275.81,EFT,49563.29
T0003919,A00108,C0090,2025-11-17,Transfer In,7759.23,EFT,9984.0
T0012038,A00325,C0260,2026-03-25,Transfer Out,221.84,App,36511.57
T0014024,A00375,C0299,2026-02-19,Transfer In,21014.07,App,49914.87
T0002272,A00063,C0052,2025-07-15,Deposit,24172.53,Branch,81109.61
T0011678,A00313,C0251,2026-01-09,Purchase,6040.16,EFT,135664.31
T0003289,A00091,C0076,2026-05-09,Purchase,6753.85,App,92137.37
T0006963,A00184,C0151,2026-04-06,Deposit,,App,21481.92
T0004995,A00133,C0110,2026-06-14,Withdrawal,5195.13,ATM,39063.77
T0005769,A00153,C0127,2026-04-05,Purchase,3226.89,EFT,46596.9
T0003007,A00084,C0069,2026-03-24,Transfer In,10442.66,ATM,58138.21
T0011069,A00297,C0239,2026-01-01,Purchase,669.23,ATM,51602.07
T0001281,A00038,C0033,2026-05-05,Purchase,118.45,USSD,269001.95
T0011909,A00321,C0256,2026-06-11,Purchase,3610.29,ATM,27087.22
T0001268,A00038,C0033,2026-05-01,Purchase,4431.76,EFT,205019.5
T0009959,A00266,C0217,2025-08-16,Airtime,5369.56,POS,29125.36
T0004238,A00117,C0097,2026-04-19,Airtime,7825.8,USSD,15956.25
T0006024,A00160,C0133,2025-11-07,Withdrawal,1107.64,ATM,66549.97
T0007329,A00192,C0157,2025-12-24,Purchase,5340.24,USSD,146380.9
T0011729,A00315,C0253,2025-09-12,Withdrawal,,POS,53577.22
T0004953,A00132,C0109,2026-06-30,Airtime,5774.41,POS,87441.24
T0001904,A00054,C0045,2025-12-27,Transfer In,,ATM,88829.8
T0008404,A00222,C0181,2025-08-14,Purchase,5168.54,App,65222.03
T0002124,A00059,C0049,2025-12-29,Purchase,1527.0,Branch,102316.62
T0010635,A00286,C0231,2025-08-05,Withdrawal,3093.97,App,-2266.66
T0006910,A00183,C0151,2025-07-09,Airtime,72.27,ATM,36604.41
T0001821,A00052,C0044,2025-12-29,Salary Credit,22775.79,USSD,87197.95
T0004925,A00131,C0108,2026-03-08,Purchase,6759.4,Branch,69562.66
T0001507,A00045,C0038,2026-05-28,Bill Payment,1573.95,App,-10324.68
T0006827,A00181,C0149,2025-12-29,Transfer In,11520.05,ATM,22399.02
T0013795,A00370,C0296,2026-04-24,Transfer Out,1572.61,USSD,143344.61
T0012719,A00343,C0275,2026-01-31,Deposit,21512.71,USSD,111609.65
T0000631,A00019,C0017,2025-09-11,Transfer Out,4601.18,Branch,74444.37
T0001820,A00052,C0044,2026-04-29,Withdrawal,7953.19,USSD,64422.16
T0011749,A00315,C0253,2026-03-17,Bill Payment,5851.33,POS,157651.32
T0001874,A00053,C0045,2026-01-29,Deposit,467.07,POS,103167.11
T0012690,A00343,C0275,2026-01-06,Transfer In,5356.73,EFT,18044.02
T0000607,A00018,C0016,2025-08-28,Airtime,2744.07,POS,62429.2
T0000711,A00021,C0019,2025-11-10,Withdrawal,298.19,USSD,-1196.94
T0006770,A00180,C0149,2025-12-14,Airtime,602.22,Branch,39147.44
T0012536,A00338,C0270,2026-04-06,Withdrawal,466.27,App,13809.95
T0012516,A00338,C0270,2026-04-15,Withdrawal,1636.67,EFT,36134.6
T0002705,A00074,C0060,2026-03-26,Withdrawal,2913.01,Branch,37307.32
T0013097,A00353,C0283,2025-10-09,Purchase,4059.81,App,18604.43
T0006692,A00178,C0147,2026-04-30,Salary Credit,6585.02,Branch,102182.05
T0006079,A00163,C0135,2025-11-15,Transfer Out,6398.04,ATM,29325.45
T0004051,A00111,C0092,2025-10-07,Purchase,2370.46,ATM,46880.67
T0011533,A00310,C0249,2025-11-25,Transfer Out,1853.95,POS,60407.02
T0013812,A00371,C0296,2026-02-12,Bill Payment,1542.37,POS,46707.58
T0005018,A00134,C0111,2025-10-04,Transfer Out,4100.64,EFT,21713.05
T0004959,A00132,C0109,2026-05-08,Transfer In,10078.37,USSD,103469.99
T0000150,A00005,C0005,2026-04-07,Withdrawal,2716.85,EFT,46120.15
T0006733,A00179,C0148,2025-12-15,Withdrawal,7306.86,Branch,-46418.66
T0002785,A00077,C0063,2025-09-10,Transfer In,17499.51,ATM,133361.01
T0000648,A00019,C0017,2026-04-05,Transfer In,4409.83,USSD,57575.78
T0009504,A00253,C0205,2025-12-31,Transfer In,15297.32,USSD,89279.11
T0002390,A00067,C0055,2026-02-05,Withdrawal,4800.94,Branch,27462.03
T0012328,A00332,C0266,2026-02-10,Purchase,7315.1,ATM,68378.84
T0009065,A00240,C0195,2026-02-05,Withdrawal,876.37,POS,41066.72
T0006391,A00171,C0141,2026-03-27,Deposit,7764.66,ATM,70759.68
T0003414,A00096,C0081,2026-02-21,Purchase,7113.93,Branch,29337.13
T0007407,A00195,C0160,2026-03-12,Bill Payment,2160.61,EFT,72948.24
T0005475,A00146,C0121,2026-01-20,Deposit,10713.49,Branch,38930.71
T0010545,A00282,C0228,2026-05-10,Withdrawal,2223.19,App,-8249.27
T0011636,A00312,C0250,2026-05-22,Bill Payment,196.94,ATM,130357.84
T0006150,A00164,C0136,2026-06-10,Bill Payment,3943.83,EFT,167947.06
T0013817,A00371,C0296,2025-08-26,Airtime,7458.77,EFT,45945.49
T0008917,A00235,C0190,2026-05-25,Transfer In,23534.64,POS,79535.18
T0010480,A00280,C0227,2026-01-01,Deposit,21490.64,USSD,140101.71
T0002354,A00066,C0054,2025-08-28,Deposit,20287.8,App,38862.73
T0007882,A00207,C0170,2026-05-10,Transfer In,17795.69,ATM,119370.13
T0002079,A00058,C0048,2025-07-01,Transfer Out,6041.39,EFT,80285.19
T0012791,A00345,C0277,2026-04-03,Transfer In,4532.09,App,63347.51
T0001202,A00037,C0032,2026-02-17,Transfer Out,764.07,POS,74178.21
T0003079,A00085,C0070,2026-01-07,Transfer Out,3412.86,ATM,99309.01
T0000001,A00001,C0001,2025-12-11,Withdrawal,2416.11,App,35858.17
T0001390,A00041,C0036,2026-06-12,Purchase,3847.65,USSD,77505.85
T0012487,A00337,C0269,2025-11-05,Airtime,6530.15,ATM,69451.69
T0006636,A00177,C0146,2025-10-02,Salary Credit,2855.42,ATM,109081.03
T0004723,A00127,C0105,2026-04-07,Deposit,10228.81,USSD,31951.53
T0007399,A00195,C0160,2026-02-15,Airtime,3328.12,POS,40995.71
T0009363,A00249,C0202,2026-01-18,Withdrawal,5184.31,Branch,32825.61
T0000573,A00018,C0016,2025-11-24,Salary Credit,4245.52,App,52750.28
T0001205,A00037,C0032,2025-10-14,Transfer In,7348.53,EFT,104036.29
T0004199,A00116,C0096,2025-07-31,Transfer In,15290.12,EFT,73718.28
T0005299,A00141,C0117,2026-01-08,Airtime,566.8,USSD,30973.81
T0008284,A00218,C0179,2026-06-06,Transfer Out,6887.7,ATM,38131.7
T0000884,A00027,C0025,2025-07-29,Bill Payment,2121.86,EFT,152701.78
T0009701,A00259,C0211,2026-02-26,Transfer Out,5084.54,Branch,85219.95
T0004818,A00129,C0106,2026-03-08,Transfer In,22222.35,Branch,89609.48
T0004127,A00114,C0094,2026-03-22,Bill Payment,5876.86,USSD,-9792.48
T0007495,A00197,C0161,2025-09-13,Salary Credit,2307.96,POS,59525.17
T0006904,A00183,C0151,2026-06-15,Transfer Out,7219.84,POS,32669.78
T0002004,A00057,C0047,2025-12-20,Transfer Out,-3391.79,USSD,38775.03
T0002266,A00063,C0052,2025-12-12,Purchase,3594.28,USSD,30105.86
T0000304,A00010,C0010,2025-08-04,Purchase,3339.13,App,66375.92
T0008960,A00236,C0191,2026-03-17,Purchase,4270.43,USSD,34830.34
T0003578,A00099,C0083,2026-05-15,Purchase,7406.76,Branch,10633.18
T0000167,A00006,C0006,2025-09-24,Transfer In,20230.67,EFT,51468.37
T0007830,A00206,C0169,2026-04-08,Airtime,5813.28,POS,28980.3
T0007447,A00196,C0161,2026-04-10,Transfer Out,854.98,POS,93801.04
T0004328,A00118,C0097,2026-04-07,Deposit,9418.96,ATM,21871.59
T0000906,A00028,C0026,2026-02-08,Deposit,13104.51,ATM,82641.48
T0000946,A00030,C0028,2025-11-11,Purchase,730.71,POS,54919.07
T0001061,A00033,C0030,2025-10-18,Salary Credit,2044.01,EFT,38263.71
T0010780,A00291,C0234,2025-07-11,Withdrawal,4734.14,USSD,19938.84
T0005386,A00144,C0119,2025-12-20,Withdrawal,5647.24,USSD,24673.67
T0006174,A00165,C0137,2026-02-14,Deposit,6750.74,ATM,38232.84
T0009400,A00250,C0203,2026-05-26,Salary Credit,10762.39,Branch,94403.01
T0005727,A00152,C0126,2025-08-23,Withdrawal,1299.3,Branch,69974.75
T0005027,A00134,C0111,2026-01-13,Airtime,4794.51,App,32983.57
T0013724,A00369,C0295,2025-09-24,Transfer In,3128.56,ATM,20008.45
T0012673,A00343,C0275,2026-05-15,Withdrawal,3768.55,App,15536.0
T0009272,A00246,C0200,2025-10-31,Deposit,1625.34,App,26648.25
T0006055,A00162,C0134,2025-11-21,Bill Payment,7313.7,EFT,21431.75
T0012400,A00334,C0267,2025-12-29,Bill Payment,6861.05,ATM,20622.95
T0006874,A00182,C0150,2025-12-26,Deposit,17372.24,USSD,69428.79
T0008362,A00221,C0181,2026-02-09,Bill Payment,1230.35,Branch,42315.85
T0003374,A00094,C0079,2025-09-18,Salary Credit,22490.45,Branch,29905.66
T0000579,A00018,C0016,2025-09-22,Withdrawal,747.71,USSD,56455.16
T0012368,A00333,C0266,2025-11-28,Purchase,7763.0,EFT,81921.46
T0007202,A00189,C0155,2026-04-11,Deposit,6364.41,ATM,149835.18
T0010236,A00275,C0224,2026-05-01,Airtime,6888.02,USSD,27548.64
T0007677,A00201,C0165,2026-02-02,Purchase,913.75,EFT,39832.28
T0000056,A00002,C0002,2025-10-20,Withdrawal,7174.81,App,57548.49
T0005324,A00142,C0117,2026-03-29,Transfer Out,5032.0,ATM,50581.03
T0010900,A00294,C0237,2026-05-04,Airtime,5751.73,ATM,122083.58
T0010859,A00293,C0236,2025-11-09,Transfer Out,2207.97,EFT,1875.53
T0007162,A00189,C0155,2026-01-01,Purchase,5251.21,ATM,59308.81
T0010468,A00280,C0227,2025-07-04,Purchase,4428.91,ATM,90622.31
T0013520,A00363,C0290,2025-11-13,Salary Credit,6039.54,USSD,133947.43
T0007298,A00192,C0157,2026-05-11,Transfer Out,3349.5,USSD,51390.42
T0011815,A00317,C0254,2026-02-02,Airtime,4440.12,EFT,17637.9
T0006863,A00182,C0150,2026-01-01,Purchase,1428.76,Branch,63303.48
T0002724,A00074,C0060,2025-09-04,Purchase,6519.28,USSD,26859.64
T0007523,A00198,C0162,2025-12-07,Deposit,12937.61,USSD,51020.67
T0013974,A00374,C0298,2025-09-14,Purchase,2242.38,App,114808.31
T0007522,A00198,C0162,2025-09-16,Deposit,5966.85,EFT,38083.06
T0013258,A00357,C0286,2025-11-21,Transfer Out,312.58,USSD,126571.56
T0001528,A00045,C0038,2025-09-02,Salary Credit,1085.86,EFT,5397.77
T0012908,A00348,C0279,2025-07-12,Transfer Out,5860.95,USSD,57773.51
T0011153,A00299,C0240,2026-03-10,Purchase,5741.65,USSD,147194.47
T0000815,A00025,C0023,2026-02-04,Airtime,,Branch,104337.53
T0013624,A00366,C0293,2026-03-24,Purchase,1402.98,ATM,46900.0
T0008482,A00224,C0183,2026-01-21,Purchase,5243.11,USSD,-18030.65
T0012754,A00344,C0276,2025-08-26,Purchase,4811.22,USSD,64848.86
T0010544,A00282,C0228,2025-12-26,Purchase,180.16,EFT,-6026.08
T0006586,A00176,C0146,2026-05-18,Salary Credit,12030.46,USSD,32918.35
T0011295,A00303,C0243,2026-06-14,Transfer In,18163.34,EFT,51280.83
T0009121,A00242,C0197,2025-10-09,Airtime,4861.05,USSD,-17710.87
T0012186,A00329,C0264,2025-09-07,Purchase,3424.76,Branch,17790.63
T0004975,A00132,C0109,2025-08-28,Deposit,9038.72,USSD,185993.93
T0012103,A00326,C0261,2025-09-09,Airtime,6613.6,USSD,105435.13
T0006098,A00164,C0136,2025-07-16,Withdrawal,3262.97,Branch,24247.94
T0009736,A00260,C0212,2025-09-25,Bill Payment,856.54,Branch,185670.7
T0006285,A00168,C0139,2025-11-17,Bill Payment,4520.11,POS,54156.87
T0005669,A00151,C0125,2026-04-22,Transfer In,19796.67,EFT,104830.66
T0005519,A00146,C0121,2025-07-09,Deposit,17608.96,EFT,269126.43
T0009660,A00258,C0210,2026-01-23,Transfer In,5522.38,App,57139.15
T0010161,A00273,C0222,2025-12-15,Deposit,24304.33,USSD,68521.17
T0006492,A00174,C0144,2025-11-02,Deposit,23427.82,EFT,55032.52
T0009585,A00256,C0208,2026-01-07,Transfer In,8435.75,App,48796.62
T0013655,A00366,C0293,2025-08-15,Airtime,7054.89,POS,71342.99
T0004709,A00126,C0104,2025-08-13,Deposit,151.34,ATM,118202.41
T0010451,A00280,C0227,2025-07-13,Bill Payment,4902.68,POS,95681.86
T0005407,A00144,C0119,2025-11-07,Transfer In,19043.08,POS,127592.35
T0007798,A00204,C0167,2025-07-20,Airtime,527.79,Branch,28009.78
T0005616,A00149,C0123,2026-05-20,Withdrawal,7362.29,POS,96338.85
T0001630,A00047,C0040,2026-03-28,Transfer In,14489.33,Branch,75900.39
T0009008,A00238,C0193,2025-12-27,Withdrawal,7769.32,Branch,78006.26
T0013357,A00359,C0288,2025-07-01,Deposit,14868.53,App,109671.92
T0001734,A00049,C0042,2025-10-03,Salary Credit,4834.41,EFT,183177.37
T0013783,A00370,C0296,2025-09-08,Bill Payment,6931.89,POS,100351.29
T0001998,A00057,C0047,2025-12-14,Transfer Out,5095.14,Branch,33941.37
T0012137,A00328,C0263,2026-03-21,Airtime,142.74,EFT,19356.84
T0011589,A00311,C0250,2025-08-12,Withdrawal,5813.66,Branch,48891.48
T0013622,A00365,C0292,2025-08-22,Transfer In,19714.06,POS,102537.32
T0009713,A00260,C0212,2025-08-28,Airtime,7323.88,Branch,60309.47
T0006523,A00174,C0144,2025-08-16,Deposit,12618.28,App,105229.85
T0007650,A00200,C0164,2026-01-13,Salary Credit,24721.85,USSD,153111.47
T0006946,A00183,C0151,2025-09-04,Salary Credit,4531.74,Branch,194679.6
T0012424,A00335,C0268,2025-12-12,Airtime,5941.98,ATM,14871.56
T0012207,A00329,C0264,2025-07-21,Deposit,7011.1,App,70723.33
T0001986,A00056,C0047,2026-01-24,Deposit,4106.01,POS,69303.31
T0000730,A00022,C0020,2026-03-08,Deposit,11833.37,App,148851.87
T0008575,A00227,C0185,2026-01-25,Bill Payment,5831.02,App,35665.79
T0004333,A00118,C0097,2026-06-19,Salary Credit,5396.27,ATM,50677.62
T0003420,A00096,C0081,2026-04-27,Transfer Out,5779.53,USSD,30573.69
T0007635,A00200,C0164,2026-02-21,Withdrawal,4474.8,EFT,123877.55
T0008613,A00227,C0185,2026-01-26,Transfer In,11782.67,ATM,166065.98
T0006707,A00179,C0148,2025-12-22,Transfer Out,3788.83,USSD,10796.97
T0006808,A00180,C0149,2026-02-02,Salary Credit,3348.87,EFT,115351.18
T0000972,A00031,C0029,2026-04-19,Purchase,3343.02,EFT,53787.24
T0000789,A00024,C0022,2026-01-17,Purchase,2321.21,App,120232.77
T0007482,A00196,C0161,2026-03-01,Transfer In,19704.93,Branch,271280.48
T0012330,A00332,C0266,2026-01-13,Salary Credit,2399.56,EFT,75387.06
T0004427,A00120,C0099,2026-05-28,Transfer In,4291.05,App,26887.3
T0011478,A00309,C0248,2025-07-10,Transfer In,15464.0,ATM,74657.8
T0000507,A00015,C0014,2025-12-13,Transfer In,14122.3,POS,114907.14
T0000994,A00031,C0029,2026-06-04,Transfer Out,2856.55,POS,83158.59
T0001339,A00040,C0035,2025-10-09,Deposit,9119.42,App,118907.85
T0002593,A00071,C0057,2026-02-16,Purchase,5199.59,ATM,48698.43
T0007328,A00192,C0157,2025-07-28,Bill Payment,4542.95,ATM,151721.14
T0013819,A00371,C0296,2025-09-13,Deposit,17740.99,App,61916.55
T0000421,A00013,C0013,2025-10-16,Bill Payment,4656.45,POS,57756.07
T0001075,A00034,C0030,2026-05-07,Purchase,6100.37,EFT,56076.69
T0011313,A00304,C0244,2025-08-31,Purchase,1177.09,USSD,-14158.24
T0001517,A00045,C0038,2025-11-26,Purchase,1229.27,USSD,-1632.02
T0009259,A00245,C0200,2026-01-22,Transfer In,12777.06,App,114922.15
T0008867,A00233,C0189,2025-08-08,Bill Payment,4757.43,ATM,110757.32
T0010101,A00271,C0221,2025-11-20,Airtime,7960.41,ATM,-8321.62
T0013568,A00364,C0291,2025-12-20,Deposit,3147.6,POS,164555.84
T0004804,A00128,C0106,2025-07-03,Transfer In,260.86,Branch,66057.44
T0010605,A00284,C0230,2025-10-16,Airtime,7690.19,App,83066.72
T0011233,A00301,C0242,2026-05-18,Transfer In,669.67,POS,91153.26
T0006137,A00164,C0136,2025-09-19,Withdrawal,6012.7,POS,102251.23
T0006048,A00161,C0133,2026-06-26,Purchase,2877.69,EFT,34454.19
T0007985,A00209,C0172,2025-08-24,Salary Credit,,ATM,140201.57
T0009881,A00264,C0216,2025-07-15,Transfer Out,4913.31,Branch,117525.74
T0011209,A00301,C0242,2026-03-14,Withdrawal,5141.03,USSD,76965.72
T0013385,A00360,C0288,2025-08-04,Salary Credit,3007.03,POS,72161.17
T0009483,A00253,C0205,2025-09-19,Transfer Out,5227.61,POS,2609.9
T0001767,A00051,C0043,2025-10-27,Transfer Out,5940.43,Branch,50165.55
T0007325,A00192,C0157,2026-03-02,Bill Payment,1274.35,EFT,131562.27
T0006275,A00168,C0139,2026-02-05,Purchase,1784.87,USSD,65655.49
T0005046,A00134,C0111,2026-03-13,Withdrawal,3419.63,ATM,61395.97
T0001834,A00052,C0044,2025-07-15,Deposit,24000.43,ATM,134076.75
T0006412,A00171,C0141,2026-01-27,Transfer Out,2186.9,ATM,65186.57
T0010000,A00267,C0218,2026-05-09,Airtime,7021.75,ATM,42677.09
T0005057,A00135,C0112,2026-06-24,Purchase,2594.92,App,30558.67
T0003861,A00106,C0088,2026-03-16,Purchase,955.8,POS,62305.64
T0009074,A00240,C0195,2026-01-27,Bill Payment,2207.26,Branch,94253.08
T0003425,A00096,C0081,2025-07-12,Deposit,14359.89,POS,70438.93
T0009026,A00239,C0194,2026-01-20,Salary Credit,22753.58,USSD,55321.8
T0008340,A00220,C0180,2025-12-13,Deposit,829.47,App,2595.69
T0000821,A00025,C0023,2025-08-03,Bill Payment,725.82,Branch,97411.05
T0012061,A00325,C0260,2026-03-04,Airtime,5417.89,App,31173.03
T0007198,A00189,C0155,2025-12-21,Purchase,2158.44,App,141554.16
T0012210,A00329,C0264,2025-11-11,Transfer In,14521.72,POS,94605.58
T0004147,A00114,C0094,2025-08-31,Purchase,1480.63,EFT,27622.27
T0008890,A00234,C0190,2025-08-03,Bill Payment,3000.37,Branch,82812.57
T0004578,A00124,C0103,2026-01-27,Airtime,4011.69,USSD,60199.34
T0010140,A00272,C0221,2026-06-23,Transfer In,11947.4,App,116559.13
T0013882,A00372,C0297,2025-09-12,Transfer In,18821.93,App,102521.06
T0006002,A00159,C0132,2026-01-12,Airtime,4873.06,Branch,111185.53
T0011073,A00297,C0239,2025-09-19,Airtime,2682.67,EFT,88539.05
T0011329,A00304,C0244,2026-04-15,Withdrawal,6537.53,USSD,14449.08
T0007104,A00188,C0154,2025-07-30,Purchase,4958.24,POS,18182.98
T0003745,A00103,C0085,2026-06-16,Airtime,1326.53,POS,40978.28
T0004911,A00131,C0108,2026-01-31,Airtime,7421.28,USSD,26652.37
T0012860,A00347,C0279,2025-11-25,Withdrawal,3905.55,ATM,134435.34
T0010858,A00293,C0236,2026-04-29,Airtime,-3001.49,App,4083.5
T0003701,A00102,C0084,2025-07-20,Bill Payment,1151.27,App,59536.15
T0011336,A00305,C0244,2026-01-25,Purchase,589.76,USSD,58022.16
T0006034,A00161,C0133,2026-04-13,Deposit,4152.75,POS,17052.57
T0008058,A00211,C0173,2025-09-19,Transfer Out,5619.72,Branch,108026.34
T0010726,A00288,C0232,2025-11-02,Airtime,5893.08,ATM,19260.1
T0013861,A00372,C0297,2025-12-05,Purchase,3496.57,EFT,15761.1
T0009776,A00261,C0213,2025-09-28,Withdrawal,6260.2,Branch,21267.39
T0001710,A00049,C0042,2026-03-10,Airtime,5348.24,USSD,123192.68
T0000445,A00013,C0013,2025-08-23,Transfer Out,4952.46,EFT,78579.15
T0013699,A00368,C0294,2025-09-14,Transfer Out,7305.09,USSD,16693.55
T0001884,A00053,C0045,2025-08-12,Withdrawal,4495.87,EFT,98249.21
T0012772,A00345,C0277,2026-01-07,Withdrawal,3824.77,Branch,14241.29
T0006036,A00161,C0133,2026-01-01,Purchase,1522.28,App,10894.69
T0002903,A00081,C0066,2026-03-09,Salary Credit,23078.44,ATM,61667.86
T0008874,A00234,C0190,2025-09-24,Transfer In,18988.72,EFT,75504.41
T0009451,A00251,C0204,2026-06-03,Withdrawal,2552.41,ATM,21961.48
T0000702,A00021,C0019,2026-05-03,Withdrawal,5670.44,POS,26985.05
T0010985,A00296,C0238,2025-11-12,Transfer In,11238.93,USSD,111426.49
T0011660,A00313,C0251,2025-10-17,Salary Credit,2717.52,App,84650.35
T0008600,A00227,C0185,2026-04-03,Purchase,2062.6,Branch,168999.87
T0004651,A00125,C0104,2025-10-26,Purchase,4426.67,POS,50944.5
T0013340,A00359,C0288,2026-04-10,Bill Payment,6669.8,ATM,12661.15
T0003933,A00108,C0090,2025-07-27,Transfer Out,4898.18,EFT,-27983.34
T0007763,A00203,C0166,2026-03-03,Purchase,6484.52,App,104803.85
T0007735,A00202,C0165,2025-07-01,Transfer In,12781.49,EFT,118404.34
T0004317,A00118,C0097,2025-08-16,Bill Payment,3986.46,EFT,19118.73
T0007504,A00197,C0161,2026-03-19,Deposit,21689.3,EFT,64694.37
T0009132,A00242,C0197,2026-05-28,Airtime,1573.19,App,-1236.34
T0009440,A00250,C0203,2025-11-18,Airtime,1537.74,App,277052.46
T0007535,A00198,C0162,2025-11-29,Bill Payment,4737.28,EFT,68495.51
T0002512,A00069,C0056,2025-12-11,Transfer In,21528.58,ATM,149612.78
T0004062,A00111,C0092,2025-10-26,Withdrawal,3863.31,EFT,46131.03
T0006419,A00171,C0141,2025-12-11,Deposit,17950.84,App,89027.04
T0012692,A00343,C0275,2026-03-14,Deposit,16873.56,Branch,34394.76
T0006839,A00181,C0149,2025-11-17,Purchase,7680.23,Branch,110778.28
T0006953,A00184,C0151,2026-01-10,Salary Credit,-6484.6,POS,37169.98
T0007597,A00199,C0163,2025-08-04,Transfer Out,2929.46,Branch,152097.94
T0008818,A00232,C0188,2025-08-02,Withdrawal,6231.95,Branch,17687.67
T0012097,A00326,C0261,2026-05-25,Purchase,1069.31,App,90767.59
T0002466,A00068,C0056,2025-09-13,Airtime,4330.88,ATM,268333.17
T0012434,A00335,C0268,2025-08-04,Purchase,,App,31331.65
T0011645,A00312,C0250,2026-05-04,Purchase,4968.03,USSD,88817.01
T0013991,A00374,C0298,2026-02-07,Transfer Out,1481.18,POS,162057.15
T0010509,A00281,C0228,2026-05-14,Withdrawal,6396.86,POS,47655.33
T0012950,A00349,C0280,2025-12-28,Purchase,1438.48,Branch,23565.19
T0000401,A00012,C0012,2025-09-28,Bill Payment,4059.78,POS,151992.02
T0003322,A00092,C0077,2025-12-09,Transfer Out,5595.09,ATM,100796.18
T0002582,A00071,C0057,2025-09-18,Purchase,1950.57,Branch,68921.95
T0008630,A00228,C0185,2025-07-18,Transfer In,1562.12,App,-12357.91
T0010163,A00273,C0222,2025-12-14,Transfer Out,5099.38,USSD,56662.77
T0013750,A00370,C0296,2026-04-29,Withdrawal,7072.11,ATM,26834.53
T0007432,A00195,C0160,2026-01-25,Salary Credit,12010.07,EFT,211056.36
T0013462,A00362,C0289,2026-02-01,Withdrawal,5207.56,ATM,92095.59
T0006667,A00178,C0147,2025-10-05,Transfer In,9302.07,ATM,32152.11
T0002819,A00078,C0064,2025-11-26,Deposit,4746.07,USSD,91280.91
T0011608,A00312,C0250,2026-05-08,Transfer Out,7471.94,App,68280.43
T0002017,A00057,C0047,2026-06-23,Purchase,5390.43,App,79869.13
T0005864,A00156,C0130,2026-01-02,Salary Credit,5516.22,USSD,4712.8
T0010456,A00280,C0227,2026-04-01,Transfer Out,2251.53,POS,103724.13
T0009536,A00254,C0206,2025-08-27,Airtime,692.28,POS,14545.55
T0006695,A00178,C0147,2026-01-29,Withdrawal,1728.74,USSD,95468.41
T0002415,A00067,C0055,2025-07-21,Deposit,18097.14,EFT,163954.37
T0011204,A00301,C0242,2025-11-13,Deposit,24781.29,USSD,54328.69
T0000766,A00023,C0021,2026-02-05,Transfer In,6271.0,ATM,90969.53
T0007957,A00209,C0172,2025-09-08,Deposit,15113.22,ATM,49034.57
T0009248,A00245,C0200,2026-06-13,Transfer In,23683.0,App,61429.38
T0002522,A00069,C0056,2025-08-08,Bill Payment,4806.58,POS,174128.25
T0010278,A00276,C0224,2026-06-10,Airtime,173.86,USSD,4880.59
T0006345,A00169,C0140,2025-10-25,Transfer In,20485.33,POS,60390.69
T0003833,A00105,C0087,2026-02-17,Purchase,1298.78,POS,41337.33
T0005400,A00144,C0119,2025-07-14,Purchase,5880.55,App,59773.71
T0000537,A00017,C0016,2026-06-21,Deposit,9477.51,POS,37601.43
T0004510,A00122,C0101,2025-10-22,Bill Payment,3916.01,App,103320.27
T0005709,A00152,C0126,2026-03-17,Withdrawal,6979.42,App,32775.28
T0011332,A00304,C0244,2025-12-12,Deposit,11116.06,Branch,35244.89
T0006020,A00160,C0133,2026-04-21,Transfer Out,740.23,App,37087.05
T0007761,A00203,C0166,2025-10-09,Bill Payment,7069.06,POS,94282.11
T0008294,A00218,C0179,2025-07-29,Purchase,3390.22,App,75695.91
T0003401,A00095,C0080,2025-11-24,Transfer Out,2418.01,EFT,65300.7
T0004751,A00127,C0105,2025-07-28,Bill Payment,6132.01,EFT,30351.53
T0010624,A00285,C0230,2026-01-08,Deposit,12094.4,EFT,77471.78
T0004898,A00130,C0107,2026-01-22,Airtime,1210.89,ATM,247904.19
T0001123,A00034,C0030,2025-10-08,Purchase,541.58,App,171985.95
T0003430,A00096,C0081,2025-10-31,Airtime,6219.82,App,64053.01
T0011693,A00314,C0252,2026-01-12,Withdrawal,709.43,POS,15488.29
T0003984,A00109,C0091,2025-11-27,Bill Payment,6071.86,Branch,-5638.25
T0009471,A00252,C0204,2026-03-12,Withdrawal,2448.47,USSD,20880.29
T0001011,A00032,C0029,2026-04-10,Transfer Out,315.4,POS,44756.15
T0006711,A00179,C0148,2026-05-20,Withdrawal,,ATM,2479.26
T0001807,A00051,C0043,2025-12-16,Transfer In,19995.25,ATM,160753.43
T0001858,A00053,C0045,2026-04-14,Airtime,2107.61,EFT,74468.49
T0001397,A00041,C0036,2025-11-05,Withdrawal,2334.72,Branch,70586.01
T0004160,A00114,C0094,2026-03-18,Withdrawal,5389.77,POS,60624.65
T0012819,A00346,C0278,2025-12-26,Bill Payment,3769.96,USSD,61960.95
T0008850,A00233,C0189,2026-05-27,Withdrawal,2205.68,ATM,83101.17
T0013804,A00370,C0296,2026-01-29,Transfer In,19887.54,USSD,164097.17
T0003705,A00102,C0084,2026-05-22,Transfer Out,-3527.82,EFT,38769.71
T0001534,A00045,C0038,2026-06-08,Withdrawal,2804.52,POS,11037.52
T0009022,A00238,C0193,2026-03-03,Salary Credit,4834.57,ATM,174938.45
T0011195,A00300,C0241,2025-10-12,Transfer Out,107.82,USSD,85905.92
T0011959,A00322,C0257,2026-04-08,Airtime,4944.36,POS,65480.0
T0013370,A00359,C0288,2026-06-01,Purchase,6669.77,App,158153.89
T0010051,A00269,C0219,2026-04-12,Salary Credit,23456.34,Branch,111846.59
T0011022,A00297,C0239,2026-01-23,Withdrawal,5280.94,EFT,-1106.91
T0002863,A00080,C0066,2026-06-19,Deposit,15181.48,Branch,24625.67
T0013355,A00359,C0288,2025-08-02,Bill Payment,2405.74,USSD,98969.36
T0012734,A00344,C0276,2025-07-15,Transfer Out,2901.48,App,38492.76
T0001655,A00048,C0041,2025-12-04,Transfer In,4338.79,ATM,59889.66
T0012540,A00339,C0271,2026-06-28,Airtime,5451.34,Branch,18537.36
T0000652,A00019,C0017,2025-12-15,Salary Credit,16160.23,ATM,64612.55
T0009203,A00243,C0198,2025-12-22,Transfer In,6042.85,POS,173168.05
T0008963,A00236,C0191,2026-02-04,Bill Payment,4797.37,App,30738.88
T0006614,A00177,C0146,2026-01-03,Transfer In,5684.33,ATM,59142.87
T0008012,A00210,C0172,2026-01-20,Deposit,12111.16,USSD,36808.14
T0013495,A00363,C0290,2025-08-09,Transfer In,-23673.16,USSD,112317.73
T0013283,A00357,C0286,2026-02-11,Deposit,11052.17,App,132680.49
T0013038,A00351,C0281,2025-11-22,Purchase,3969.38,ATM,-992.41
T0013957,A00374,C0298,2025-12-21,Airtime,941.31,EFT,64218.99
T0008043,A00211,C0173,2026-01-28,Salary Credit,19968.33,Branch,58421.13
T0007067,A00186,C0153,2026-05-26,Airtime,4043.89,EFT,157201.91
T0012612,A00341,C0273,2025-08-17,Salary Credit,7388.33,POS,97749.59
T0010391,A00279,C0226,2026-03-30,Airtime,6293.32,EFT,40147.15
T0011930,A00321,C0256,2026-05-22,Transfer Out,4691.59,USSD,112044.57
T0007187,A00189,C0155,2026-01-03,Deposit,4551.38,Branch,152897.22
T0012466,A00337,C0269,2026-04-21,Transfer In,9582.2,App,39759.19
T0008776,A00231,C0188,2026-01-09,Transfer Out,3719.02,EFT,68063.24
T0008513,A00225,C0183,2026-04-23,Transfer In,1744.1,ATM,31526.31
T0001837,A00052,C0044,2025-11-29,Withdrawal,5735.68,App,143308.36
T0006883,A00182,C0150,2025-07-05,Bill Payment,4555.03,ATM,102022.64
T0007594,A00199,C0163,2025-12-03,Salary Credit,24459.03,EFT,119167.18
T0008870,A00234,C0190,2025-10-22,Airtime,3865.18,EFT,39567.43
T0003827,A00105,C0087,2025-07-17,Airtime,6239.87,EFT,46058.83
T0004332,A00118,C0097,2026-03-08,Transfer In,5503.65,ATM,45281.35
T0012909,A00348,C0279,2025-09-08,Airtime,2603.38,POS,55170.13
T0004783,A00128,C0106,2026-01-14,Airtime,625.27,Branch,67913.86
T0000958,A00030,C0028,2025-12-02,Bill Payment,5376.67,POS,94322.15
T0010205,A00274,C0223,2025-07-20,Withdrawal,3023.46,EFT,55857.52
T0009389,A00249,C0202,2025-10-06,Withdrawal,7947.05,ATM,56339.62
T0010762,A00290,C0234,2025-08-18,Transfer Out,3084.17,USSD,-22244.68
T0012232,A00330,C0264,2026-06-24,Purchase,7559.78,ATM,47896.91
T0004496,A00122,C0101,2026-04-16,Withdrawal,5171.33,App,58351.71
T0003675,A00102,C0084,2025-10-08,Transfer Out,918.11,Branch,1991.95
T0012523,A00338,C0270,2025-09-21,Transfer Out,6732.45,POS,18644.66
T0002464,A00068,C0056,2026-05-27,Salary Credit,11324.14,USSD,264012.05
T0013392,A00360,C0288,2026-02-10,Withdrawal,2288.31,EFT,120355.86
T0012508,A00338,C0270,2025-07-13,Purchase,-2021.01,App,35016.57
T0002365,A00066,C0054,2025-10-10,Transfer Out,1168.26,ATM,32653.24
T0005063,A00135,C0112,2025-07-27,Transfer In,316.06,EFT,8186.71
T0007061,A00186,C0153,2025-08-19,Purchase,7274.92,App,117184.01
T0013906,A00373,C0298,2025-09-10,Transfer In,8003.63,USSD,14249.06
T0005733,A00153,C0127,2026-03-26,Transfer In,2172.29,ATM,58956.03
T0010153,A00273,C0222,2025-07-03,Bill Payment,7328.83,POS,58453.48
T0002050,A00058,C0048,2025-11-13,Withdrawal,2653.6,EFT,44497.41
T0008423,A00223,C0182,2025-10-12,Transfer In,22084.9,EFT,39912.54
T0012474,A00337,C0269,2025-10-07,Bill Payment,7997.37,ATM,44688.33
T0005196,A00138,C0114,2025-12-07,Withdrawal,4390.9,App,40791.59
T0002130,A00059,C0049,2025-10-15,Bill Payment,412.73,ATM,118267.32
T0012059,A00325,C0260,2026-05-11,Transfer In,10603.19,Branch,39863.65
T0000529,A00016,C0015,2025-12-26,Transfer In,8086.39,App,25138.04
T0012478,A00337,C0269,2025-07-14,Deposit,23684.06,POS,81187.61
T0012696,A00343,C0275,2026-03-24,Salary Credit,15283.46,App,56486.78
T0008405,A00222,C0181,2026-04-17,Transfer In,22350.3,Branch,87572.33
T0013195,A00355,C0284,2025-11-02,Purchase,1720.16,App,86175.46
T0006209,A00166,C0138,2026-06-26,Purchase,1376.69,Branch,67909.49
T0002640,A00072,C0058,2026-02-22,Transfer Out,1276.0,POS,34609.21
T0007492,A00197,C0161,2025-08-09,Airtime,6911.33,USSD,40326.54
T0005148,A00136,C0112,2026-01-08,Transfer Out,5479.42,Branch,106781.42
T0007166,A00189,C0155,2025-08-21,Withdrawal,3219.11,App,50502.94
T0005636,A00150,C0124,2026-05-08,Withdrawal,5669.99,POS,37355.75
T0005020,A00134,C0111,2026-03-03,Deposit,21058.8,EFT,41098.32
T0002615,A00071,C0057,2026-03-10,Withdrawal,658.16,Branch,118689.91
T0000679,A00020,C0018,2025-12-03,Transfer Out,510.11,ATM,73721.8
T0004581,A00124,C0103,2025-10-30,Withdrawal,3333.94,ATM,64865.71
T0008826,A00232,C0188,2025-10-03,Purchase,3469.2,Branch,17954.33
T0005562,A00148,C0122,2026-06-02,Withdrawal,3099.27,POS,66179.66
T0012506,A00338,C0270,2026-03-12,Transfer In,23885.34,Branch,41986.41
T0003988,A00109,C0091,2026-05-30,Salary Credit,13335.81,ATM,1114.53
T0010626,A00285,C0230,2026-06-07,Withdrawal,7988.67,App,64918.47
T0009510,A00253,C0205,2025-10-24,Deposit,3373.2,USSD,71215.95
T0002123,A00059,C0049,2026-03-30,Salary Credit,16374.96,POS,103843.62
T0001338,A00040,C0035,2026-02-12,Salary Credit,7347.93,ATM,109788.43
T0014001,A00375,C0299,2026-06-21,Withdrawal,4274.52,EFT,49670.62
T0011714,A00314,C0252,2025-09-15,Airtime,2352.59,POS,53632.57
T0001527,A00045,C0038,2026-02-28,Transfer Out,6109.91,ATM,4311.91
T0001996,A00056,C0047,2026-01-06,Transfer Out,3417.11,App,48738.1
T0000099,A00003,C0003,2025-11-27,Transfer Out,6810.29,EFT,174274.7
T0000922,A00029,C0027,2025-11-18,Salary Credit,10268.55,App,11842.69
T0010795,A00291,C0234,2025-09-19,Transfer In,1799.98,App,39099.09
T0013040,A00351,C0281,2025-08-13,Bill Payment,6788.17,App,-13492.15
T0005788,A00154,C0128,2025-11-04,Salary Credit,14475.17,POS,23721.82
T0003431,A00096,C0081,2025-11-14,Purchase,3090.75,Branch,60962.26
T0004843,A00129,C0106,2026-06-20,Purchase,6541.95,Branch,201803.18
T0012106,A00326,C0261,2025-07-21,Purchase,3793.31,USSD,112985.56
T0012162,A00328,C0263,2026-05-16,Bill Payment,6677.36,USSD,99367.97
T0010246,A00275,C0224,2026-06-16,Transfer In,8778.65,POS,51427.67
T0003527,A00098,C0082,2025-11-27,Transfer In,7754.05,App,73025.12
T0013912,A00373,C0298,2025-09-30,Deposit,10700.61,EFT,6572.64
T0004584,A00124,C0103,2025-07-12,Salary Credit,20179.44,EFT,101611.62
T0002458,A00068,C0056,2025-07-25,Transfer Out,2925.0,EFT,251410.58
T0009975,A00267,C0218,2025-09-22,Deposit,16930.08,App,41036.04
T0000927,A00029,C0027,2026-06-19,Transfer In,6399.27,USSD,68712.09
T0000593,A00018,C0016,2026-06-20,Purchase,7731.02,Branch,70513.05
T0002879,A00080,C0066,2026-04-14,Deposit,20915.68,App,80352.67
T0010214,A00274,C0223,2025-10-24,Withdrawal,719.99,USSD,60622.02
T0000260,A00009,C0009,2026-01-10,Bill Payment,6540.48,EFT,80433.31
T0001097,A00034,C0030,2025-08-21,Transfer In,19098.16,ATM,130972.36
T0004186,A00116,C0096,2025-10-03,Salary Credit,15820.51,EFT,30247.65
T0007343,A00193,C0158,2026-06-13,Transfer In,10645.62,USSD,24542.72
T0001679,A00048,C0041,2025-09-02,Deposit,,Branch,72425.35
T0007699,A00201,C0165,2025-11-14,Transfer Out,4686.61,Branch,77656.54
T0001482,A00044,C0037,2025-08-04,Withdrawal,4631.19,Branch,5934.5
T0003713,A00102,C0084,2026-02-27,Transfer In,23086.08,USSD,78418.65
T0011139,A00299,C0240,2026-06-03,Salary Credit,21965.91,USSD,125124.04
T0012423,A00335,C0268,2026-06-26,Airtime,666.97,ATM,20813.54
T0000803,A00025,C0023,2026-01-07,Salary Credit,13542.68,Branch,82824.99
T0003288,A00091,C0076,2026-04-14,Deposit,2377.52,App,98891.22
T0011829,A00318,C0255,2025-09-10,Purchase,1702.21,Branch,23865.04
T0007942,A00208,C0171,2026-01-06,Salary Credit,5867.69,Branch,53744.28
T0006296,A00168,C0139,2026-02-26,Transfer Out,5384.92,POS,67733.24
T0002775,A00077,C0063,2026-02-13,Transfer Out,2539.53,USSD,54493.44
T0008354,A00220,C0180,2026-03-31,Deposit,2356.04,ATM,128921.58
T0006230,A00166,C0138,2025-12-13,Deposit,3829.94,POS,205805.84
T0006288,A00168,C0139,2025-11-12,Airtime,3199.03,ATM,81889.37
T0004725,A00127,C0105,2025-08-28,Bill Payment,3838.11,EFT,32094.82
T0009884,A00264,C0216,2025-11-03,Transfer Out,7076.84,Branch,101327.65
T0006097,A00164,C0136,2026-02-16,Deposit,24498.02,Branch,27510.91
T0004692,A00126,C0104,2026-01-10,Deposit,4137.57,EFT,65754.86
T0004487,A00122,C0101,2025-09-22,Transfer In,5743.31,EFT,60328.39
T0013768,A00370,C0296,2025-10-20,Withdrawal,793.5,Branch,43991.26
T0005779,A00153,C0127,2026-02-25,Bill Payment,7773.1,Branch,63388.27
T0011940,A00322,C0257,2026-05-19,Deposit,-3655.2,App,55694.25
T0000436,A00013,C0013,2026-02-14,Withdrawal,3060.95,USSD,57731.28
T0003235,A00089,C0074,2025-10-30,Withdrawal,1224.56,USSD,19818.68
T0013773,A00370,C0296,2025-12-14,Transfer Out,6896.96,App,73092.14
T0005123,A00136,C0112,2026-06-28,Transfer In,12163.37,ATM,56949.32
T0006551,A00175,C0145,2025-07-06,Purchase,5020.31,POS,88993.03
T0005000,A00133,C0110,2025-08-28,Bill Payment,1946.72,App,82698.13
T0002047,A00058,C0048,2026-05-19,Salary Credit,10771.85,ATM,60238.06
T0005850,A00155,C0129,2026-05-02,Purchase,4632.37,USSD,99798.89
T0004961,A00132,C0109,2025-11-08,Purchase,3781.62,EFT,93400.61
T0005137,A00136,C0112,2026-02-21,Airtime,4202.96,App,79266.74
T0005001,A00133,C0110,2026-05-31,Airtime,851.51,App,81846.62
T0000019,A00001,C0001,2026-05-31,Salary Credit,10287.45,USSD,87372.02
T0003208,A00088,C0073,2025-09-13,Transfer In,21153.2,ATM,150842.6
T0006341,A00169,C0140,2026-01-15,Withdrawal,2233.36,ATM,52304.23
T0000288,A00010,C0010,2026-01-12,Purchase,443.46,Branch,-22614.64
T0002817,A00078,C0064,2025-08-12,Salary Credit,21848.76,Branch,87805.08
T0004453,A00121,C0100,2026-05-05,Deposit,15837.67,App,178941.88
T0005750,A00153,C0127,2025-08-27,Bill Payment,5681.52,EFT,32687.47
T0010261,A00275,C0224,2025-12-07,Deposit,4336.69,ATM,54124.46
T0000093,A00003,C0003,2025-12-05,Withdrawal,1657.45,EFT,131580.95
T0001766,A00051,C0043,2026-03-06,Transfer Out,646.0,POS,56105.98
T0003718,A00102,C0084,2026-06-30,Airtime,829.2,POS,91254.31
T0011606,A00312,C0250,2026-06-26,Withdrawal,3144.01,EFT,56276.21
T0008342,A00220,C0180,2026-04-01,Deposit,235.56,EFT,11593.05
T0010339,A00278,C0225,2025-12-29,Withdrawal,185.59,USSD,42932.08
T0005041,A00134,C0111,2025-12-28,Salary Credit,20467.6,EFT,57530.57
T0002943,A00082,C0067,2026-06-21,Salary Credit,2382.48,ATM,75645.28
T0009620,A00256,C0208,2025-09-19,Transfer Out,6006.08,EFT,125239.51
T0011423,A00306,C0245,2026-02-16,Transfer In,10555.47,EFT,41261.13
T0010638,A00286,C0231,2026-01-23,Airtime,5481.6,ATM,-17339.56
T0013103,A00353,C0283,2025-10-07,Transfer In,8061.67,App,58644.69
T0007880,A00207,C0170,2026-06-04,Deposit,11147.89,EFT,84386.35
T0005325,A00142,C0117,2026-01-27,Purchase,1921.92,USSD,48659.11
T0002859,A00080,C0066,2025-11-26,Deposit,2984.13,POS,-6366.23
T0001925,A00054,C0045,2026-03-15,Deposit,-15208.68,Branch,119002.49
T0010251,A00275,C0224,2026-05-03,Purchase,7468.02,POS,27023.63
T0002438,A00068,C0056,2025-10-20,Deposit,7816.55,ATM,96843.57
T0009532,A00254,C0206,2025-10-05,Transfer Out,6072.55,EFT,32556.04
T0007513,A00197,C0161,2026-04-26,Bill Payment,5240.87,ATM,45560.41
T0001974,A00056,C0047,2026-01-09,Salary Credit,17684.98,App,96586.82
T0001706,A00049,C0042,2025-11-11,Salary Credit,21496.92,EFT,120619.19
T0012527,A00338,C0270,2026-02-07,Airtime,4549.91,App,14053.59
T0009325,A00247,C0201,2026-06-07,Deposit,22314.75,Branch,19119.53
T0014119,A00377,C0300,2026-06-20,Purchase,6297.38,App,19292.55
T0001445,A00042,C0036,2025-09-20,Transfer In,,POS,62954.87
T0008813,A00232,C0188,2026-01-28,Withdrawal,541.73,Branch,42978.69
T0011330,A00304,C0244,2026-05-24,Transfer In,13770.23,USSD,28219.31
T0012968,A00349,C0280,2025-07-24,Salary Credit,17597.25,USSD,111833.8
T0013042,A00351,C0281,2025-07-01,Airtime,4893.27,Branch,-20190.26
T0003853,A00106,C0088,2026-06-11,Bill Payment,1032.68,App,25064.36
T0003780,A00104,C0086,2026-01-09,Transfer In,14661.1,Branch,20927.72
T0006223,A00166,C0138,2026-06-30,Airtime,1063.53,App,139378.7
T0004308,A00118,C0097,2025-09-19,Purchase,4785.0,ATM,29426.3
T0013051,A00351,C0281,2026-06-11,Purchase,6524.8,USSD,-63055.69
T0013394,A00360,C0288,2025-09-01,Transfer Out,3063.87,App,117020.5
T0006272,A00167,C0138,2026-06-08,Transfer In,21882.56,POS,91982.81
T0010503,A00281,C0228,2025-12-18,Deposit,881.22,POS,37105.15
T0003738,A00103,C0085,2026-01-12,Salary Credit,2281.8,USSD,40611.07
T0011744,A00315,C0253,2025-09-07,Deposit,4774.79,POS,136826.84
T0007825,A00205,C0168,2026-03-12,Withdrawal,3009.02,Branch,102121.63
T0006135,A00164,C0136,2026-03-11,Salary Credit,217.82,POS,111002.21
T0006830,A00181,C0149,2026-02-16,Bill Payment,3659.14,POS,32731.6
T0006430,A00171,C0141,2025-08-14,Airtime,30.44,ATM,160894.18
T0008824,A00232,C0188,2025-07-25,Transfer Out,7178.57,POS,23688.32
T0011285,A00302,C0242,2025-10-25,Transfer Out,7801.88,EFT,54080.95
T0013985,A00374,C0298,2025-07-19,Bill Payment,2043.52,Branch,134862.49
T0012026,A00324,C0259,2026-03-14,Deposit,2533.34,ATM,48132.37
T0000384,A00012,C0012,2025-11-07,Transfer Out,4629.66,EFT,82583.98
T0007711,A00201,C0165,2026-01-28,Withdrawal,7142.95,POS,85862.37
T0003904,A00107,C0089,2026-06-01,Purchase,7152.79,EFT,18871.13
T0004712,A00127,C0105,2025-08-02,Airtime,2844.1,App,7509.27
T0003942,A00108,C0090,2026-06-16,Deposit,18071.79,POS,20431.24
T0011539,A00311,C0250,2025-10-14,Deposit,4899.41,ATM,14524.72
T0012788,A00345,C0277,2026-01-13,Salary Credit,401.38,App,50390.74
T0013444,A00361,C0289,2025-12-10,Deposit,4347.25,EFT,188233.44
T0010100,A00271,C0221,2025-08-07,Salary Credit,7672.89,App,-361.21
T0003542,A00098,C0082,2025-12-30,Withdrawal,1108.16,USSD,123890.11
T0002092,A00058,C0048,2026-02-27,Transfer Out,2978.91,USSD,41909.94
T0014106,A00376,C0300,2025-07-08,Transfer Out,461.36,EFT,199251.98
T0007760,A00203,C0166,2026-03-11,Salary Credit,14316.59,USSD,101351.17
T0013863,A00372,C0297,2025-10-12,Airtime,5275.5,POS,11276.01
T0006864,A00182,C0150,2025-11-13,Purchase,5180.9,EFT,58122.58
T0005539,A00147,C0121,2025-12-14,Salary Credit,1448.06,Branch,83953.11
T0011231,A00301,C0242,2026-04-12,Bill Payment,7946.18,USSD,90973.82
T0008155,A00215,C0176,2025-09-23,Airtime,4133.25,ATM,82338.52
T0001129,A00035,C0031,2026-03-22,Deposit,22106.68,Branch,104069.63
T0003300,A00092,C0077,2025-08-12,Transfer In,22552.24,App,55659.52
T0005949,A00158,C0131,2026-05-30,Salary Credit,1778.4,USSD,53472.74
T0006392,A00171,C0141,2026-01-28,Transfer Out,4005.14,App,66754.54
T0004497,A00122,C0101,2025-10-25,Transfer Out,6705.46,EFT,51646.25
T0010513,A00281,C0228,2025-07-02,Bill Payment,7351.31,ATM,29471.6
T0012053,A00325,C0260,2025-07-16,Transfer Out,829.43,Branch,40201.49
T0000243,A00009,C0009,2025-08-18,Deposit,340.84,USSD,7652.02
T0013859,A00372,C0297,2026-04-17,Transfer In,24415.86,USSD,13473.2
T0002056,A00058,C0048,2026-05-21,Transfer Out,3812.77,Branch,60397.69
T0000083,A00003,C0003,2026-06-01,Bill Payment,1811.63,USSD,109961.55
T0000989,A00031,C0029,2026-06-17,Purchase,7446.73,USSD,102701.7
T0008332,A00220,C0180,2026-01-27,Transfer Out,7024.57,EFT,-5130.83
T0011968,A00322,C0257,2026-01-25,Purchase,7070.81,EFT,132801.01
T0010639,A00286,C0231,2025-08-10,Deposit,8563.84,App,-8775.72
T0006244,A00166,C0138,2025-07-22,Transfer Out,998.53,ATM,225903.09
T0012951,A00349,C0280,2025-07-12,Transfer Out,2323.85,USSD,21241.34
T0004152,A00114,C0094,2026-03-21,Salary Credit,-24686.54,Branch,60877.41
T0013483,A00363,C0290,2026-02-09,Airtime,6874.11,Branch,41064.56
T0003782,A00104,C0086,2026-06-13,Deposit,16534.61,ATM,36634.26
T0005568,A00148,C0122,2025-07-07,Salary Credit,23736.24,ATM,97037.31
T0005130,A00136,C0112,2026-05-19,Bill Payment,6089.52,USSD,78186.21
T0002491,A00069,C0056,2025-10-01,Salary Credit,6941.05,POS,65900.34
T0004232,A00116,C0096,2025-10-27,Deposit,14298.67,EFT,80507.64
T0004420,A00120,C0099,2025-10-06,Transfer Out,1245.45,POS,33109.91
T0006259,A00167,C0138,2026-04-12,Airtime,157.84,USSD,51290.82
T0013084,A00352,C0282,2026-04-25,Salary Credit,18697.54,POS,-24656.68
T0012566,A00339,C0271,2025-08-16,Withdrawal,3056.55,EFT,-8692.9
T0009317,A00247,C0201,2025-07-03,Salary Credit,211.51,App,18701.6
T0000974,A00031,C0029,2026-06-14,Withdrawal,3165.48,App,43520.57
T0004166,A00115,C0095,2025-12-15,Transfer Out,5502.96,USSD,44039.38
T0009247,A00245,C0200,2025-08-18,Airtime,5774.33,Branch,37746.38
T0009740,A00260,C0212,2025-07-18,Transfer Out,3799.18,App,181664.81
T0000253,A00009,C0009,2026-02-11,Deposit,1677.07,App,52123.17
T0000785,A00024,C0022,2025-08-02,Airtime,2774.91,POS,66909.25
T0006887,A00182,C0150,2025-12-28,Transfer Out,5232.73,POS,116460.54
T0012710,A00343,C0275,2026-01-13,Transfer Out,4352.86,Branch,78902.34
T0011496,A00309,C0248,2025-12-02,Purchase,,ATM,37831.31
T0009838,A00263,C0215,2026-02-17,Airtime,5952.24,EFT,-3008.53
T0011107,A00298,C0240,2025-11-19,Bill Payment,2212.15,USSD,55571.85
T0012074,A00326,C0261,2026-05-16,Airtime,1713.89,ATM,58140.92
T0004055,A00111,C0092,2025-12-18,Bill Payment,2518.19,POS,45125.7
T0008586,A00227,C0185,2025-10-21,Salary Credit,5571.23,App,73865.88
T0006796,A00180,C0149,2025-08-14,Salary Credit,1233.98,EFT,81484.06
T0011112,A00299,C0240,2025-10-13,Purchase,7342.16,App,19573.76
T0004836,A00129,C0106,2026-05-03,Salary Credit,21601.57,ATM,152726.46
T0012841,A00347,C0279,2025-12-10,Salary Credit,24853.24,ATM,119486.76
T0004502,A00122,C0101,2026-02-03,Airtime,7754.57,POS,96834.24
T0008460,A00223,C0182,2025-08-29,Salary Credit,12823.85,EFT,174428.78
T0003060,A00085,C0070,2026-01-09,Purchase,156.58,ATM,16993.15
T0012607,A00341,C0273,2026-04-05,Bill Payment,4157.18,App,84265.29
T0009309,A00247,C0201,2026-06-21,Transfer In,4995.74,Branch,29425.91
T0011937,A00322,C0257,2025-11-17,Withdrawal,2906.1,POS,33508.19
T0011131,A00299,C0240,2026-02-21,Purchase,5752.49,USSD,93157.75
T0000660,A00020,C0018,2025-10-29,Bill Payment,5623.73,Branch,31688.12
T0001223,A00037,C0032,2026-02-22,Deposit,1922.57,USSD,96972.12
T0002952,A00082,C0067,2025-10-04,Transfer In,9280.15,App,103890.59
T0012420,A00335,C0268,2025-08-20,Transfer Out,3103.62,EFT,-5881.06
T0008591,A00227,C0185,2025-08-27,Deposit,10852.58,POS,125802.27
T0005650,A00151,C0125,2025-10-10,Transfer In,20415.24,EFT,59090.35
T0011049,A00297,C0239,2026-06-18,Transfer In,5238.33,Branch,56448.57
T0006243,A00166,C0138,2026-01-26,Withdrawal,5115.02,App,226901.62
T0008504,A00225,C0183,2025-11-20,Transfer Out,5154.07,ATM,31867.59
T0007041,A00186,C0153,2026-01-12,Purchase,6613.55,USSD,29440.15
T0004110,A00113,C0093,2025-11-10,Transfer Out,5706.16,Branch,70349.39
T0006685,A00178,C0147,2025-07-18,Transfer In,9575.32,Branch,68779.63
T0003549,A00098,C0082,2026-04-08,Airtime,403.5,ATM,163470.23
T0004255,A00117,C0097,2025-11-08,Deposit,15164.96,Branch,71549.55
T0001030,A00033,C0030,2025-08-26,Withdrawal,6257.59,App,8767.82
T0013396,A00360,C0288,2025-12-26,Transfer In,19864.97,USSD,130865.69
T0013234,A00357,C0286,2025-08-23,Salary Credit,22519.11,Branch,48879.9
T0003725,A00103,C0085,2025-12-30,Transfer Out,5624.58,EFT,18365.27
T0006213,A00166,C0138,2025-07-12,Salary Credit,5276.03,ATM,87524.52
T0012729,A00343,C0275,2025-07-23,Withdrawal,6382.84,USSD,82351.58
T0002024,A00057,C0047,2025-08-19,Bill Payment,1762.08,POS,75649.23
T0001007,A00032,C0029,2026-06-25,Salary Credit,24100.29,EFT,46833.02
T0009671,A00258,C0210,2026-01-06,Salary Credit,13674.3,ATM,88311.88
T0003222,A00089,C0074,2026-02-03,Airtime,7911.41,Branch,10000.2
T0003752,A00103,C0085,2025-07-27,Purchase,1164.8,POS,41735.44
T0005402,A00144,C0119,2026-03-20,Salary Credit,,ATM,78789.64
T0013711,A00368,C0294,2025-11-27,Salary Credit,7246.46,POS,25713.49
T0006152,A00165,C0137,2026-06-10,Transfer Out,6500.35,EFT,-3402.04
T0013165,A00354,C0283,2025-09-11,Salary Credit,14245.16,USSD,161781.75
T0010054,A00269,C0219,2025-09-30,Bill Payment,7554.61,App,105560.05
T0007651,A00200,C0164,2025-07-23,Transfer In,-10952.34,USSD,164063.81
T0012778,A00345,C0277,2026-05-17,Airtime,1475.41,USSD,34449.76
T0000738,A00023,C0021,2025-09-25,Airtime,4436.19,POS,43257.29
T0006884,A00182,C0150,2026-01-16,Transfer Out,4379.77,USSD,97642.87
T0008855,A00233,C0189,2026-06-10,Purchase,1864.97,USSD,74688.27
T0002417,A00067,C0055,2025-10-29,Withdrawal,6042.18,Branch,156775.7
T0004136,A00114,C0094,2025-12-27,Bill Payment,2066.13,EFT,-287.97
T0007750,A00203,C0166,2026-04-22,Transfer In,17093.49,Branch,80896.69
T0001758,A00051,C0043,2025-11-05,Deposit,2007.63,ATM,77515.73
T0013658,A00366,C0293,2026-03-06,Withdrawal,4466.18,ATM,66261.19
T0003085,A00085,C0070,2026-03-22,Withdrawal,6502.44,EFT,112688.43
T0010645,A00286,C0231,2025-09-24,Withdrawal,1367.21,POS,12749.08
T0006925,A00183,C0151,2026-06-06,Airtime,432.88,ATM,88592.44
T0005099,A00135,C0112,2026-02-09,Transfer Out,5858.6,Branch,30713.41
T0013873,A00372,C0297,2025-08-06,Deposit,22112.55,POS,37297.15
T0001844,A00052,C0044,2025-09-09,Bill Payment,6979.48,ATM,132608.18
T0010198,A00273,C0222,2025-08-27,Transfer In,5895.73,USSD,72264.47
T0001340,A00040,C0035,2026-06-13,Purchase,3024.92,USSD,115882.93
T0008766,A00231,C0188,2025-12-13,Transfer In,16552.48,Branch,77933.33
T0012739,A00344,C0276,2026-02-26,Deposit,7646.25,ATM,28762.67
T0005221,A00138,C0114,2026-05-20,Transfer Out,3982.62,USSD,47537.87
T0004129,A00114,C0094,2026-05-17,Airtime,3864.04,ATM,1274.42
T0011781,A00316,C0254,2026-01-23,Transfer Out,2023.12,POS,57073.8
T0002767,A00076,C0062,2025-10-24,Purchase,271.3,USSD,80533.07
T0000826,A00026,C0024,2025-12-01,Salary Credit,3192.01,Branch,26580.02
T0012903,A00348,C0279,2026-02-22,Airtime,3496.61,USSD,81428.09
T0001529,A00045,C0038,2026-01-26,Purchase,3537.8,POS,1859.97
T0009781,A00261,C0213,2025-12-16,Purchase,1501.71,Branch,32623.54
T0002702,A00074,C0060,2025-12-22,Bill Payment,7850.86,Branch,35077.02
T0004792,A00128,C0106,2025-08-24,Airtime,4137.34,POS,66249.21
T0008952,A00236,C0191,2025-10-10,Purchase,5958.9,Branch,16269.76
T0010817,A00292,C0235,2026-04-05,Transfer In,,App,26725.15
T0002644,A00072,C0058,2026-01-31,Transfer In,19877.01,USSD,61997.54
T0005956,A00158,C0131,2026-02-07,Airtime,5675.03,POS,56030.27
T0004434,A00121,C0100,2026-01-12,Airtime,6577.18,EFT,32416.01
T0002439,A00068,C0056,2025-12-18,Transfer In,12539.86,USSD,109383.43
T0009887,A00264,C0216,2026-02-02,Deposit,10199.13,Branch,114414.66
T0007374,A00194,C0159,2025-08-16,Bill Payment,1964.86,USSD,37515.91
T0005523,A00147,C0121,2025-11-23,Purchase,5137.56,POS,-556.43
T0009409,A00250,C0203,2026-05-19,Withdrawal,5940.96,POS,123896.07
T0013069,A00352,C0282,2026-02-07,Purchase,1344.39,Branch,1580.87
T0011064,A00297,C0239,2026-01-27,Purchase,1553.29,EFT,54131.79
T0003866,A00106,C0088,2025-07-10,Bill Payment,2004.36,USSD,69671.67
T0007773,A00203,C0166,2026-05-14,Transfer Out,6532.58,App,136399.92
T0009627,A00257,C0209,2025-11-03,Purchase,1786.75,ATM,-2501.69
T0008942,A00235,C0190,2026-06-18,Withdrawal,,USSD,148396.13
T0000861,A00026,C0024,2026-03-10,Withdrawal,3090.55,USSD,189500.19
T0004204,A00116,C0096,2025-11-20,Deposit,24275.34,USSD,75429.78
T0006176,A00165,C0137,2025-10-16,Transfer Out,2949.73,App,30217.71
T0004669,A00125,C0104,2026-03-12,Deposit,16874.85,POS,73627.71
T0010523,A00282,C0228,2025-07-31,Airtime,6019.9,USSD,12500.91
T0011695,A00314,C0252,2025-09-03,Salary Credit,22606.48,USSD,34180.55
T0004866,A00130,C0107,2025-07-19,Airtime,5453.43,USSD,114990.39
T0010378,A00279,C0226,2025-10-08,Withdrawal,3951.38,EFT,-3217.03
T0009809,A00262,C0214,2025-08-23,Salary Credit,-8233.91,ATM,83507.75
T0008152,A00215,C0176,2025-08-21,Withdrawal,-6236.86,POS,77434.05
T0009125,A00242,C0197,2025-12-28,Transfer Out,3270.92,App,-19201.0
T0000398,A00012,C0012,2026-04-08,Transfer Out,5814.59,POS,140508.97
T0008583,A00227,C0185,2025-09-16,Transfer In,6167.2,Branch,75956.64
T0002526,A00069,C0056,2026-03-19,Salary Credit,9713.74,USSD,166571.1
T0013024,A00350,C0281,2026-02-23,Deposit,1583.21,App,101850.96
T0011495,A00309,C0248,2025-08-22,Deposit,13183.18,POS,44668.43
T0012855,A00347,C0279,2025-11-30,Purchase,777.71,ATM,157973.54
T0008977,A00237,C0192,2026-02-05,Airtime,5615.1,Branch,10565.38
T0007410,A00195,C0160,2025-08-25,Airtime,5259.26,POS,53157.9
T0012450,A00336,C0268,2026-03-10,Purchase,7121.4,POS,60787.1
T0013276,A00357,C0286,2025-09-14,Salary Credit,781.38,App,152159.02
T0010080,A00270,C0220,2025-09-03,Transfer In,2522.88,EFT,51516.07
T0009779,A00261,C0213,2026-05-04,Deposit,6643.06,ATM,37637.23
T0008320,A00220,C0180,2026-06-20,Bill Payment,6059.83,EFT,503.31
T0008909,A00235,C0190,2025-11-11,Airtime,860.28,EFT,11754.06
T0005901,A00156,C0130,2025-08-27,Airtime,6232.91,Branch,163495.67
T0007091,A00187,C0154,2026-01-28,Transfer Out,7507.43,Branch,36420.68
T0013564,A00364,C0291,2025-12-28,Salary Credit,969.56,EFT,152823.76
T0001515,A00045,C0038,2026-03-15,Withdrawal,4027.37,App,3423.34
T0007813,A00205,C0168,2025-08-23,Transfer In,24517.17,POS,65821.21
T0013852,A00371,C0296,2026-05-02,Transfer In,5450.88,USSD,38776.1
T0008923,A00235,C0190,2026-02-01,Salary Credit,7908.83,POS,150739.7
T0003280,A00091,C0076,2026-01-21,Transfer In,23140.99,EFT,66342.43
T0003428,A00096,C0081,2026-01-12,Bill Payment,2430.65,App,58888.14
T0006133,A00164,C0136,2026-03-22,Airtime,7761.14,EFT,86519.23
T0011389,A00306,C0245,2026-04-24,Transfer Out,3778.16,App,65280.71
T0004257,A00117,C0097,2025-08-18,Airtime,7163.68,Branch,73059.27
T0005250,A00139,C0115,2026-02-28,Transfer In,16026.16,Branch,64579.71
T0002247,A00062,C0051,2026-06-28,Bill Payment,7034.93,ATM,76671.52
T0011843,A00318,C0255,2025-07-08,Deposit,17885.01,ATM,95105.89
T0003026,A00084,C0069,2025-07-11,Airtime,2103.08,EFT,53532.89
T0004757,A00127,C0105,2026-02-22,Deposit,7243.17,EFT,45907.47
T0013320,A00358,C0287,2026-03-29,Salary Credit,1333.77,Branch,120162.25
T0008787,A00232,C0188,2026-02-07,Salary Credit,,USSD,38825.23
T0010431,A00279,C0226,2026-01-20,Airtime,295.47,POS,98052.82
T0010973,A00296,C0238,2026-01-23,Airtime,3707.15,App,60295.12
T0011355,A00305,C0244,2025-12-27,Deposit,18294.99,ATM,138766.07
T0000842,A00026,C0024,2025-09-06,Deposit,12040.0,Branch,67353.63
T0007021,A00185,C0152,2025-12-25,Salary Credit,17717.03,Branch,114606.06
T0003171,A00087,C0072,2025-07-23,Airtime,924.84,EFT,-3583.74
T0013000,A00350,C0281,2026-03-10,Deposit,17892.97,USSD,108770.5
T0007138,A00188,C0154,2025-09-20,Deposit,2011.79,POS,138087.43
T0005298,A00141,C0117,2026-06-22,Withdrawal,4865.06,EFT,31540.61
T0005356,A00143,C0118,2025-09-03,Purchase,7656.17,ATM,-14218.58
T0011763,A00316,C0254,2026-03-05,Transfer Out,7809.41,EFT,8515.2
T0002030,A00057,C0047,2025-09-19,Purchase,,Branch,71433.83
T0006441,A00172,C0142,2026-01-17,Transfer Out,7814.49,EFT,15606.39
T0009337,A00248,C0202,2026-05-13,Airtime,1941.35,App,42733.02
T0009785,A00261,C0213,2026-01-17,Transfer In,19455.16,EFT,50808.4
T0007380,A00194,C0159,2025-07-01,Transfer Out,7041.38,USSD,32880.86
T0011958,A00322,C0257,2026-03-02,Transfer Out,246.73,Branch,70424.36
T0013096,A00353,C0283,2026-02-12,Bill Payment,5687.08,EFT,22664.24
T0005047,A00134,C0111,2026-06-15,Purchase,937.06,USSD,60458.91
T0013604,A00365,C0292,2025-07-03,Bill Payment,7781.27,POS,41995.16
T0003860,A00106,C0088,2026-04-03,Transfer Out,4088.69,App,63261.44
T0009174,A00243,C0198,2026-06-02,Purchase,7898.58,POS,17686.09
T0006123,A00164,C0136,2026-03-09,Withdrawal,5283.17,ATM,107710.8
T0004159,A00114,C0094,2026-02-28,Transfer In,23593.28,ATM,66014.42
T0012255,A00330,C0264,2026-02-07,Bill Payment,4972.72,EFT,116763.58
T0003931,A00108,C0090,2026-01-06,Transfer Out,1584.67,App,-44678.59
T0013225,A00356,C0285,2026-06-18,Bill Payment,3973.35,EFT,172977.82
T0005878,A00156,C0130,2025-09-02,Purchase,6092.54,ATM,64298.91
T0010181,A00273,C0222,2026-03-15,Transfer Out,5868.61,Branch,39566.33
T0003182,A00087,C0072,2025-12-22,Deposit,14323.13,Branch,10960.53
T0011041,A00297,C0239,2025-08-16,Transfer In,6046.08,USSD,64700.83
T0000161,A00005,C0005,2025-10-24,Transfer Out,4522.69,USSD,35257.75
T0004648,A00125,C0104,2025-11-17,Withdrawal,3897.17,App,63699.85
T0012581,A00340,C0272,2025-07-03,Airtime,1610.25,ATM,-6258.7
T0009063,A00240,C0195,2025-07-28,Transfer Out,4436.05,USSD,28514.96
T0010560,A00283,C0229,2026-01-14,Transfer Out,,App,30900.05
T0007123,A00188,C0154,2025-11-16,Salary Credit,4503.21,USSD,89448.65
T0003657,A00101,C0084,2026-01-06,Purchase,70.07,POS,98718.98
T0009062,A00240,C0195,2026-01-15,Transfer In,17160.41,POS,32951.01
T0001560,A00046,C0039,2026-01-08,Purchase,4430.97,EFT,19345.06
T0006882,A00182,C0150,2025-12-04,Bill Payment,2272.85,EFT,106577.67
T0000402,A00012,C0012,2025-11-28,Airtime,7577.18,Branch,144414.84
T0000543,A00017,C0016,2025-08-20,Airtime,3887.6,App,50925.87
T0003016,A00084,C0069,2026-06-17,Transfer In,5038.2,USSD,60348.15
T0009188,A00243,C0198,2026-03-03,Salary Credit,7292.24,App,65322.18
T0003139,A00086,C0071,2026-02-21,Bill Payment,1470.17,POS,87647.36
T0013445,A00361,C0289,2025-11-28,Transfer Out,6713.76,Branch,181519.68
T0006131,A00164,C0136,2025-07-31,Salary Credit,9144.7,USSD,88879.52
T0009770,A00261,C0213,2026-02-27,Transfer Out,3607.6,POS,57387.31
T0002057,A00058,C0048,2025-09-18,Purchase,1189.28,EFT,59208.41
T0006153,A00165,C0137,2025-09-07,Bill Payment,3777.71,Branch,-7179.75
T0001124,A00034,C0030,2025-09-04,Transfer Out,7469.84,POS,164516.11
T0002792,A00077,C0063,2026-02-10,Airtime,476.84,POS,160236.02
T0001914,A00054,C0045,2025-09-09,Salary Credit,10692.6,Branch,97898.6
T0007663,A00200,C0164,2026-02-13,Bill Payment,2386.97,Branch,176744.04
T0011651,A00312,C0250,2026-01-17,Purchase,3707.94,ATM,124898.67
T0012605,A00341,C0273,2025-12-05,Airtime,218.78,POS,72462.51
T0001863,A00053,C0045,2025-09-05,Deposit,-23761.94,EFT,94220.91
T0009059,A00240,C0195,2025-10-16,Purchase,2745.16,ATM,15114.48
T0002539,A00069,C0056,2025-08-06,Transfer Out,1012.95,POS,222349.18
T0004239,A00117,C0097,2026-05-25,Transfer Out,,ATM,9156.65
T0007656,A00200,C0164,2026-02-10,Bill Payment,3259.44,USSD,178108.34
T0008217,A00216,C0177,2025-11-08,Bill Payment,1892.33,POS,53675.68
T0011415,A00306,C0245,2026-01-24,Bill Payment,4860.31,App,62610.46
T0009467,A00252,C0204,2025-12-31,Deposit,12938.81,ATM,40672.17
T0004211,A00116,C0096,2025-09-28,Purchase,5992.99,ATM,66372.62
T0001068,A00033,C0030,2025-08-26,Withdrawal,2969.3,POS,40720.63
T0001615,A00047,C0040,2025-09-02,Salary Credit,4361.38,EFT,39702.96
T0003013,A00084,C0069,2026-02-18,Bill Payment,7199.22,USSD,60924.11
T0008303,A00219,C0180,2026-02-13,Transfer In,11383.29,POS,71473.53
T0001924,A00054,C0045,2025-12-06,Airtime,770.99,Branch,103793.81
T0006603,A00176,C0146,2026-05-03,Transfer In,20273.8,Branch,58609.01
T0005366,A00143,C0118,2026-04-09,Withdrawal,5526.33,USSD,-41970.86
T0002883,A00080,C0066,2025-11-14,Withdrawal,6273.13,EFT,59870.02
T0007801,A00204,C0167,2025-07-28,Airtime,5437.01,App,30628.13
T0002982,A00083,C0068,2026-03-02,Deposit,6864.88,POS,102875.14
T0006461,A00173,C0143,2025-11-23,Deposit,21712.62,POS,72882.57
T0013074,A00352,C0282,2026-02-22,Withdrawal,6750.5,App,-8332.4
T0001345,A00040,C0035,2025-09-27,Bill Payment,6211.28,USSD,109273.85
T0005722,A00152,C0126,2026-04-23,Airtime,6113.85,USSD,83009.4
T0002224,A00061,C0050,2026-04-17,Transfer In,10366.86,POS,116113.81
T0005438,A00145,C0120,2025-11-01,Deposit,19716.06,POS,58874.78
T0000270,A00010,C0010,2026-03-10,Purchase,6578.27,EFT,18211.89
T0011721,A00315,C0253,2025-11-22,Deposit,19489.68,App,40942.39
T0010644,A00286,C0231,2025-09-21,Transfer In,2585.68,Branch,14116.29
T0008519,A00225,C0183,2025-12-27,Withdrawal,5212.24,ATM,50271.22
T0003028,A00084,C0069,2026-02-10,Deposit,4751.19,App,56824.01
T0005892,A00156,C0130,2026-01-02,Deposit,,App,115846.52
T0003376,A00094,C0079,2025-09-09,Purchase,5784.61,App,17188.51
T0014051,A00376,C0300,2026-04-21,Transfer Out,5481.05,App,18589.0
T0009364,A00249,C0202,2025-07-06,Transfer Out,7631.14,ATM,25194.47
T0012544,A00339,C0271,2026-01-07,Withdrawal,3377.22,Branch,17259.01
T0004960,A00132,C0109,2025-09-13,Purchase,6287.76,ATM,97182.23
T0010207,A00274,C0223,2026-05-07,Purchase,983.72,App,54672.81
T0008603,A00227,C0185,2026-03-15,Purchase,7511.72,App,145628.26
T0003008,A00084,C0069,2026-04-10,Salary Credit,8690.68,EFT,66828.89
T0008272,A00218,C0179,2026-02-07,Bill Payment,5177.5,ATM,-688.33
T0009068,A00240,C0195,2025-09-03,Withdrawal,817.39,USSD,32341.32
T0006018,A00160,C0133,2025-11-23,Transfer Out,96.66,POS,39711.02
T0009228,A00244,C0199,2026-03-30,Transfer Out,7412.97,POS,91535.28
T0000022,A00001,C0001,2026-02-20,Salary Credit,13788.18,App,112368.65
T0001039,A00033,C0030,2026-02-20,Airtime,7551.05,App,12743.88
T0009179,A00243,C0198,2026-01-08,Bill Payment,4011.74,POS,23591.43
T0008055,A00211,C0173,2026-03-25,Withdrawal,3220.33,ATM,91452.33
T0006828,A00181,C0149,2025-07-29,Airtime,2885.15,USSD,19513.87
T0005586,A00148,C0122,2026-03-04,Withdrawal,4743.38,EFT,228432.03
T0009545,A00255,C0207,2025-11-27,Airtime,6795.62,EFT,29571.32
T0004887,A00130,C0107,2025-09-02,Salary Credit,2823.08,EFT,199270.35
T0011188,A00300,C0241,2026-03-09,Withdrawal,2694.98,USSD,96282.81
T0006404,A00171,C0141,2026-01-02,Salary Credit,15489.76,EFT,88499.15
T0012570,A00339,C0271,2026-01-11,Airtime,2337.58,App,2515.94
T0013909,A00373,C0298,2025-08-02,Purchase,2697.0,Branch,4511.38
T0008478,A00224,C0183,2026-04-17,Withdrawal,70.71,EFT,-1057.24
T0012295,A00331,C0265,2026-04-27,Salary Credit,20268.12,ATM,27383.26
T0001791,A00051,C0043,2026-04-23,Airtime,354.81,App,84255.15
T0010296,A00276,C0224,2025-10-24,Purchase,4092.72,EFT,43750.01
T0010784,A00291,C0234,2026-01-16,Withdrawal,3824.13,App,22843.81
T0001289,A00039,C0034,2026-06-22,Bill Payment,4209.2,USSD,26537.65
T0001452,A00043,C0037,2025-11-13,Purchase,3278.58,Branch,50817.88
T0002991,A00083,C0068,2025-07-14,Purchase,,App,53921.6
T0003487,A00097,C0081,2026-06-02,Airtime,3101.21,Branch,82041.54
T0007638,A00200,C0164,2026-01-10,Deposit,1263.86,App,120818.3
T0001505,A00045,C0038,2026-05-06,Withdrawal,6536.14,Branch,-2129.25
T0004422,A00120,C0099,2026-01-02,Airtime,7646.23,Branch,37295.69
T0009642,A00257,C0209,2026-06-09,Purchase,4540.87,ATM,-18977.4
T0012688,A00343,C0275,2026-05-13,Transfer In,10698.94,EFT,20060.24
T0010668,A00287,C0231,2026-06-09,Airtime,7164.58,POS,22968.84
T0005621,A00149,C0123,2026-06-12,Purchase,7109.36,EFT,68869.6
T0010463,A00280,C0227,2025-09-10,Salary Credit,7352.6,POS,103527.01
T0003890,A00107,C0089,2026-05-23,Transfer In,10348.49,ATM,38380.41
T0013897,A00372,C0297,2025-08-03,Transfer Out,4192.63,POS,125860.67
T0010365,A00278,C0225,2026-03-03,Salary Credit,15178.02,USSD,136842.15
T0013398,A00360,C0288,2026-02-25,Airtime,7009.61,USSD,116408.44
T0009193,A00243,C0198,2026-03-16,Deposit,20517.3,ATM,143547.67
T0002909,A00081,C0066,2025-10-13,Purchase,5430.7,ATM,63870.24
T0005406,A00144,C0119,2025-11-07,Bill Payment,58.41,EFT,108549.27
T0009913,A00265,C0217,2025-10-19,Transfer Out,4331.12,ATM,65868.41
T0002821,A00078,C0064,2025-10-07,Deposit,16749.74,Branch,105298.0
T0001746,A00050,C0042,2026-06-05,Deposit,5966.87,POS,60922.76
T0009108,A00241,C0196,2026-02-24,Bill Payment,7862.77,App,27403.59
T0004800,A00128,C0106,2026-04-23,Purchase,2272.66,USSD,72188.93
T0006929,A00183,C0151,2026-06-16,Salary Credit,16779.06,POS,147212.78
T0008780,A00232,C0188,2025-09-26,Bill Payment,976.05,Branch,11436.93
T0012172,A00329,C0264,2026-03-25,Withdrawal,1266.03,App,-10145.32
T0005801,A00154,C0128,2025-11-23,Transfer In,7513.18,Branch,51982.09
T0004775,A00128,C0106,2025-11-21,Deposit,2931.74,Branch,60908.33
T0006620,A00177,C0146,2025-11-16,Salary Credit,1631.04,Branch,84563.27
T0008375,A00221,C0181,2026-01-29,Deposit,17752.12,USSD,128289.6
T0008309,A00219,C0180,2026-02-04,Bill Payment,442.96,Branch,58482.94
T0004466,A00122,C0101,2025-10-20,Withdrawal,2596.78,App,26394.43
T0000955,A00030,C0028,2026-02-02,Transfer Out,602.98,App,87639.11
T0005591,A00149,C0123,2026-06-06,Transfer In,14243.91,USSD,50228.54
T0004701,A00126,C0104,2025-12-31,Transfer In,14799.47,EFT,95889.75
T0011497,A00309,C0248,2026-05-25,Salary Credit,23194.5,ATM,61025.81
T0004355,A00119,C0098,2025-12-19,Airtime,1372.34,Branch,144887.94
T0011731,A00315,C0253,2025-10-11,Salary Credit,2660.64,POS,66693.37
T0010037,A00269,C0219,2025-09-20,Airtime,1094.35,POS,36097.64
T0008579,A00227,C0185,2026-01-06,Bill Payment,6756.38,EFT,24785.97
T0011146,A00299,C0240,2025-12-07,Transfer In,6899.91,Branch,149923.29
T0004367,A00119,C0098,2025-11-20,Withdrawal,2076.35,POS,204611.05
T0013315,A00358,C0287,2026-03-29,Purchase,2390.18,App,108839.33
T0013821,A00371,C0296,2025-11-30,Deposit,11807.72,POS,70622.63
T0006304,A00169,C0140,2026-06-16,Transfer Out,377.55,Branch,27289.31
T0006594,A00176,C0146,2025-10-12,Bill Payment,709.85,Branch,43068.92
T0001087,A00034,C0030,2026-01-12,Transfer Out,746.38,POS,114745.63
T0004198,A00116,C0096,2025-11-14,Salary Credit,10186.22,USSD,58428.16
T0011413,A00306,C0245,2025-12-06,Salary Credit,1612.82,POS,74065.44
T0007116,A00188,C0154,2025-07-03,Transfer Out,1698.69,ATM,62550.95
T0008123,A00214,C0175,2026-05-13,Transfer Out,1164.92,USSD,21218.26
T0006482,A00173,C0143,2025-12-25,Transfer Out,4254.88,ATM,63044.1
T0010716,A00288,C0232,2026-05-11,Purchase,4972.77,USSD,18668.03
T0007844,A00206,C0169,2025-12-13,Purchase,940.13,Branch,23554.58
T0013193,A00355,C0284,2026-05-29,Bill Payment,1669.36,EFT,88053.56
T0000849,A00026,C0024,2025-07-31,Salary Credit,3061.16,App,102607.07
T0001072,A00033,C0030,2025-10-19,Purchase,6556.62,App,55403.18
T0010154,A00273,C0222,2026-03-02,Withdrawal,336.54,Branch,58116.94
T0005170,A00137,C0113,2026-04-07,Purchase,,Branch,22413.05
T0002125,A00059,C0049,2025-10-01,Withdrawal,229.27,App,102087.35
T0006930,A00183,C0151,2026-05-24,Deposit,13184.59,USSD,160397.37
T0002042,A00058,C0048,2025-07-04,Deposit,17082.39,POS,34559.67
T0013905,A00372,C0297,2026-05-05,Deposit,6423.38,POS,126590.81
T0011004,A00296,C0238,2025-08-23,Transfer In,15812.23,POS,190182.65
T0001309,A00039,C0034,2026-05-10,Withdrawal,2799.7,EFT,102527.35
T0008746,A00231,C0188,2026-01-17,Purchase,5301.78,POS,12518.72
T0007915,A00207,C0170,2025-12-03,Transfer In,3011.87,POS,242484.27
T0008925,A00235,C0190,2025-11-13,Deposit,23072.28,POS,173551.72
T0008186,A00216,C0177,2025-08-10,Transfer Out,6987.55,USSD,-7714.42
T0011828,A00318,C0255,2026-06-27,Withdrawal,1686.65,USSD,25567.25
T0013700,A00368,C0294,2026-02-10,Withdrawal,2510.38,EFT,14183.17
T0011123,A00299,C0240,2025-10-31,Withdrawal,4108.44,USSD,50667.96
T0012302,A00331,C0265,2026-02-26,Purchase,4815.81,ATM,73153.86
T0001934,A00054,C0045,2026-06-29,Purchase,7247.68,Branch,118347.59
T0002223,A00061,C0050,2026-05-10,Salary Credit,20964.47,POS,105746.95
T0006122,A00164,C0136,2026-03-31,Salary Credit,17852.25,USSD,112993.97
T0000808,A00025,C0023,2025-12-21,Withdrawal,5858.49,ATM,74289.16
T0011894,A00320,C0256,2025-11-13,Withdrawal,3056.71,Branch,52112.73
T0011086,A00298,C0240,2025-08-12,Transfer In,3652.66,EFT,22017.83
T0007800,A00204,C0167,2026-01-18,Transfer In,9812.7,App,36065.14
T0003772,A00103,C0085,2025-08-21,Withdrawal,360.88,ATM,87965.97
T0007692,A00201,C0165,2025-10-22,Airtime,7658.43,USSD,48812.49
T0009962,A00266,C0217,2025-12-17,Transfer Out,4572.43,POS,19778.34
T0004747,A00127,C0105,2026-04-22,Transfer Out,5671.1,App,56133.77
T0009038,A00239,C0194,2026-06-05,Transfer In,2500.92,ATM,57617.48
T0004916,A00131,C0108,2026-02-21,Salary Credit,9186.47,POS,41679.45
T0000550,A00017,C0016,2026-06-02,Purchase,720.6,USSD,71924.04
T0008027,A00210,C0172,2026-03-13,Salary Credit,24235.73,App,61140.54
T0001663,A00048,C0041,2026-03-09,Airtime,7918.55,EFT,75054.0
T0008680,A00229,C0186,2025-07-19,Bill Payment,5271.03,POS,27016.87
T0001775,A00051,C0043,2025-10-19,Deposit,8589.52,EFT,91474.54
T0012241,A00330,C0264,2026-02-03,Salary Credit,14495.07,EFT,80761.28
T0008387,A00222,C0181,2025-07-07,Airtime,5553.88,Branch,45338.21
T0013304,A00358,C0287,2025-11-18,Salary Credit,202.79,ATM,86016.32
T0000680,A00020,C0018,2026-04-20,Deposit,16442.37,USSD,90164.17
T0001991,A00056,C0047,2026-01-03,Withdrawal,6288.25,POS,46138.74
T0012864,A00347,C0279,2025-07-14,Airtime,3361.87,ATM,144626.52
T0001960,A00056,C0047,2025-07-12,Salary Credit,20249.61,POS,37040.19
T0003679,A00102,C0084,2025-09-24,Bill Payment,7009.19,ATM,-7957.16
T0000870,A00027,C0025,2025-12-30,Salary Credit,16700.26,EFT,46810.56
T0000820,A00025,C0023,2025-10-15,Transfer Out,3807.41,Branch,98136.87
T0002634,A00072,C0058,2025-07-17,Purchase,2345.56,USSD,25364.59
T0009841,A00263,C0215,2026-02-17,Airtime,,EFT,-14685.74
T0007382,A00194,C0159,2025-07-10,Transfer In,18834.69,POS,73108.66
T0013539,A00364,C0291,2025-09-19,Bill Payment,2306.75,POS,69091.79
T0009688,A00259,C0211,2026-06-24,Purchase,3713.24,ATM,70831.36
T0010213,A00274,C0223,2025-10-10,Purchase,6973.25,EFT,61342.01
T0008823,A00232,C0188,2026-01-24,Airtime,,POS,30866.89
T0001078,A00034,C0030,2026-04-03,Deposit,23956.18,USSD,80732.4
T0006600,A00176,C0146,2026-02-09,Salary Credit,1137.57,Branch,51318.72
T0002508,A00069,C0056,2026-04-25,Bill Payment,944.48,ATM,121056.24
T0002036,A00057,C0047,2026-05-04,Bill Payment,4425.42,ATM,66866.85
T0011861,A00319,C0255,2025-07-23,Purchase,1736.85,USSD,3316.56
T0006394,A00171,C0141,2026-01-18,Withdrawal,6405.82,Branch,62615.79
T0004148,A00114,C0094,2026-03-01,Transfer Out,6213.29,POS,21408.98
T0008330,A00220,C0180,2025-08-01,Airtime,6787.43,App,-14866.39
T0010604,A00284,C0230,2025-07-11,Purchase,1452.49,ATM,90756.91
T0012108,A00326,C0261,2026-01-17,Withdrawal,1083.73,EFT,132299.81
T0011552,A00311,C0250,2026-05-12,Transfer In,22370.78,USSD,37350.81
T0007850,A00206,C0169,2026-02-10,Transfer Out,3887.82,EFT,65264.76
T0011386,A00306,C0245,2026-04-25,Deposit,15750.97,POS,55464.91
T0005150,A00136,C0112,2026-02-14,Salary Credit,19701.57,App,125359.06
T0010317,A00277,C0225,2026-02-05,Transfer In,13683.28,Branch,73187.15
T0001901,A00054,C0045,2026-02-26,Withdrawal,,USSD,47096.82
T0012592,A00340,C0272,2025-07-19,Transfer Out,6045.94,App,17929.13
T0007612,A00199,C0163,2025-09-24,Salary Credit,18977.68,POS,227383.15
T0001739,A00050,C0042,2025-10-23,Transfer Out,7379.74,USSD,15253.18
T0008529,A00226,C0184,2026-04-10,Transfer In,19203.65,EFT,58485.17
T0004370,A00119,C0098,2025-10-15,Purchase,6591.9,EFT,234474.87
T0007204,A00189,C0155,2026-06-02,Purchase,2594.31,ATM,159910.43
T0010779,A00291,C0234,2026-04-15,Bill Payment,1784.1,App,24672.98
T0006585,A00176,C0146,2025-12-10,Transfer In,1214.21,App,20887.89
T0014005,A00375,C0299,2026-04-25,Purchase,1788.8,Branch,56284.57
T0005056,A00135,C0112,2025-08-24,Salary Credit,20237.18,POS,33153.59
T0012774,A00345,C0277,2026-05-06,Salary Credit,1338.27,USSD,22103.77
T0011948,A00322,C0257,2025-09-14,Transfer In,13909.65,POS,44310.98
T0001532,A00045,C0038,2025-11-03,Deposit,3948.6,EFT,20675.6
T0001922,A00054,C0045,2025-10-06,Bill Payment,3006.16,App,95476.11
T0007250,A00190,C0156,2026-02-10,Withdrawal,,App,109164.85
T0000472,A00014,C0014,2025-08-18,Transfer In,11873.36,Branch,138473.74
T0009123,A00242,C0197,2026-04-01,Withdrawal,,ATM,-23729.57
T0003274,A00091,C0076,2026-05-05,Salary Credit,8423.26,EFT,43971.01
T0000431,A00013,C0013,2025-10-19,Transfer Out,3822.78,EFT,41729.97
T0008044,A00211,C0173,2025-09-19,Bill Payment,7982.0,Branch,50439.13
T0005746,A00153,C0127,2026-05-31,Transfer In,170.23,USSD,58645.96
T0013287,A00357,C0286,2026-06-18,Transfer In,11527.42,EFT,152949.42
T0002807,A00078,C0064,2026-05-16,Purchase,1023.62,App,65276.52
T0003556,A00098,C0082,2025-11-21,Bill Payment,6031.04,ATM,165371.78
T0001435,A00042,C0036,2026-04-06,Airtime,2425.78,ATM,41932.29
T0003537,A00098,C0082,2025-12-26,Transfer In,7247.93,EFT,117293.46
T0008312,A00219,C0180,2025-07-16,Deposit,23925.67,App,82575.35
T0009454,A00251,C0204,2025-12-10,Salary Credit,12600.73,Branch,30243.62
T0001968,A00056,C0047,2025-12-06,Purchase,6415.89,ATM,62472.86
T0003909,A00108,C0090,2025-09-25,Purchase,7522.81,USSD,2715.04
T0002579,A00071,C0057,2025-09-30,Purchase,4278.59,App,67102.23
T0002970,A00082,C0067,2026-05-16,Withdrawal,7024.45,POS,94201.68
T0004850,A00130,C0107,2025-11-21,Transfer In,20615.15,App,36575.18
T0007766,A00203,C0166,2026-05-02,Deposit,9938.3,Branch,110489.89
T0010785,A00291,C0234,2026-01-15,Bill Payment,4459.74,EFT,18384.07
T0001383,A00041,C0036,2026-06-28,Transfer In,16987.56,EFT,57285.04
T0005688,A00151,C0125,2026-06-01,Transfer In,13318.31,EFT,148566.44
T0002479,A00068,C0056,2025-08-06,Withdrawal,2042.4,EFT,256505.35
T0004170,A00115,C0095,2026-01-05,Transfer Out,7969.95,Branch,28003.96
T0005753,A00153,C0127,2026-01-08,Transfer Out,7280.86,App,25007.51
T0001620,A00047,C0040,2026-01-21,Withdrawal,4460.47,POS,52330.07
T0007097,A00187,C0154,2026-05-24,Transfer In,17662.94,Branch,46980.07
T0009677,A00259,C0211,2026-03-12,Airtime,6917.23,App,28756.09
T0013019,A00350,C0281,2025-12-20,Transfer In,15720.95,App,97954.66
T0002385,A00067,C0055,2026-02-07,Bill Payment,7579.7,USSD,16975.47
T0003023,A00084,C0069,2026-04-03,Transfer In,8073.07,Branch,55436.12
T0011680,A00313,C0251,2026-05-20,Transfer Out,7304.76,USSD,126710.97
T0012262,A00331,C0265,2026-02-02,Withdrawal,5114.25,EFT,-7391.77
T0014040,A00375,C0299,2025-07-21,Bill Payment,3354.77,ATM,90434.2
T0001987,A00056,C0047,2026-01-13,Salary Credit,388.56,USSD,69691.87
T0005715,A00152,C0126,2025-09-26,Airtime,4625.48,App,68810.5
T0000549,A00017,C0016,2026-04-11,Transfer Out,1820.15,EFT,72644.64
T0012276,A00331,C0265,2025-09-27,Withdrawal,-7396.74,USSD,8214.93
T0012912,A00348,C0279,2025-10-12,Purchase,2821.95,EFT,45123.21
T0003197,A00088,C0073,2025-09-27,Airtime,3563.82,App,92470.46
T0003672,A00102,C0084,2026-01-19,Salary Credit,,POS,11661.26
T0006642,A00177,C0146,2026-04-19,Deposit,20383.08,EFT,177554.54
T0002153,A00060,C0050,2025-09-04,Airtime,5257.87,POS,15442.16
T0003040,A00084,C0069,2026-05-27,Withdrawal,6521.09,POS,90299.84
T0007388,A00194,C0159,2026-06-04,Withdrawal,4506.21,USSD,91138.06
T0010415,A00279,C0226,2026-01-23,Deposit,16705.66,Branch,104337.1
T0002509,A00069,C0056,2025-09-14,Transfer Out,1083.05,App,119973.19
T0001626,A00047,C0040,2025-07-23,Withdrawal,403.07,Branch,65601.9
T0011035,A00297,C0239,2026-04-12,Withdrawal,3101.17,EFT,23260.07
T0011479,A00309,C0248,2026-03-18,Deposit,4840.31,ATM,79498.11
T0011858,A00319,C0255,2025-11-15,Transfer Out,1228.74,Branch,14247.03
T0008654,A00228,C0185,2025-12-14,Deposit,24975.54,POS,38473.98
T0013235,A00357,C0286,2026-06-09,Withdrawal,258.68,ATM,48621.22
T0000921,A00029,C0027,2025-10-29,Bill Payment,1759.71,ATM,1574.14
T0012138,A00328,C0263,2026-06-23,Withdrawal,166.01,EFT,19190.83
T0012134,A00327,C0262,2025-07-09,Transfer Out,6068.12,EFT,61504.03
T0011177,A00300,C0241,2026-03-19,Airtime,6578.28,USSD,21392.0
T0004585,A00124,C0103,2025-07-31,Salary Credit,17309.22,App,118920.84
T0005259,A00140,C0116,2026-02-02,Salary Credit,22675.53,POS,49190.91
T0012904,A00348,C0279,2026-05-19,Transfer Out,-5154.67,POS,76273.42
T0012865,A00347,C0279,2026-04-13,Withdrawal,5026.06,POS,139600.46
T0005830,A00154,C0128,2025-08-22,Purchase,1367.5,POS,109026.07
T0004298,A00118,C0097,2025-11-12,Airtime,1281.48,EFT,17361.2
T0014021,A00375,C0299,2025-10-15,Purchase,5897.34,ATM,30860.72
T0013762,A00370,C0296,2026-03-12,Transfer In,16251.96,EFT,54003.48
T0008165,A00215,C0176,2026-02-24,Deposit,19371.53,POS,121276.73
T0002345,A00066,C0054,2026-06-24,Transfer Out,2119.64,Branch,18125.16
T0006089,A00163,C0135,2026-06-17,Airtime,2260.86,POS,11803.67
T0007068,A00186,C0153,2026-02-28,Transfer In,5458.94,POS,162660.85
T0004337,A00118,C0097,2025-11-10,Purchase,3525.58,POS,37943.13
T0000681,A00020,C0018,2026-05-16,Deposit,7241.71,POS,97405.88
T0010204,A00274,C0223,2026-04-06,Salary Credit,21895.08,Branch,58880.98
T0003239,A00089,C0074,2025-07-08,Purchase,1855.56,App,47676.8
T0010233,A00275,C0224,2026-05-01,Purchase,6799.71,POS,16511.33
T0004991,A00133,C0110,2026-04-01,Purchase,2906.06,App,26878.51
T0001772,A00051,C0043,2026-02-13,Deposit,5688.77,USSD,73724.14
T0007327,A00192,C0157,2026-02-18,Salary Credit,6306.28,Branch,156264.09
T0000572,A00018,C0016,2026-03-22,Deposit,4827.27,Branch,48504.76
T0004319,A00118,C0097,2025-09-05,Purchase,2060.17,ATM,12836.62
T0006399,A00171,C0141,2025-07-19,Bill Payment,963.01,ATM,93052.5
T0002721,A00074,C0060,2025-11-25,Transfer Out,2007.26,App,40167.89
T0005321,A00142,C0117,2025-12-26,Deposit,20866.35,POS,42152.68
T0003101,A00085,C0070,2026-02-14,Salary Credit,16696.76,Branch,161223.0
T0007331,A00193,C0158,2026-01-08,Purchase,4305.36,POS,36429.82
T0009326,A00247,C0201,2026-01-27,Purchase,5233.68,ATM,13885.85
T0004501,A00122,C0101,2025-11-01,Transfer In,-19289.2,ATM,104588.81
T0004469,A00122,C0101,2025-10-22,Transfer Out,5693.05,App,12962.47
T0008226,A00217,C0178,2026-06-20,Withdrawal,4714.85,Branch,70391.8
T0005764,A00153,C0127,2026-02-19,Salary Credit,15935.43,Branch,52874.31
T0005998,A00159,C0132,2025-07-20,Deposit,23671.48,ATM,112455.96
T0011128,A00299,C0240,2025-10-30,Transfer In,23653.69,POS,71721.65
T0001554,A00045,C0038,2025-10-20,Transfer In,10562.39,ATM,81238.96
T0000232,A00008,C0008,2025-12-02,Bill Payment,5300.08,Branch,55632.53
T0009234,A00244,C0199,2026-04-25,Purchase,1630.53,USSD,121228.66
T0001908,A00054,C0045,2025-10-19,Transfer Out,1443.04,ATM,77842.78
T0002384,A00067,C0055,2025-11-20,Transfer In,4829.66,EFT,24555.17
T0003534,A00098,C0082,2025-10-20,Transfer Out,816.08,App,94705.86
T0001224,A00037,C0032,2026-02-22,Bill Payment,2762.39,ATM,94209.73
T0012219,A00329,C0264,2026-01-13,Withdrawal,5928.19,ATM,52837.39
T0013321,A00358,C0287,2025-11-22,Deposit,19948.31,Branch,140110.56
T0003010,A00084,C0069,2025-12-27,Salary Credit,11660.11,Branch,73161.04
T0008958,A00236,C0191,2026-01-11,Purchase,406.21,App,46015.78
T0005504,A00146,C0121,2025-09-09,Purchase,2940.42,App,212141.53
T0007886,A00207,C0170,2025-08-04,Salary Credit,11107.71,POS,121455.07
T0003512,A00098,C0082,2026-02-23,Bill Payment,2463.24,EFT,57569.37
T0004686,A00126,C0104,2025-11-22,Purchase,1938.3,Branch,54264.17
T0007369,A00194,C0159,2026-06-28,Transfer In,9778.16,ATM,41322.44
T0013878,A00372,C0297,2025-07-06,Purchase,3864.26,EFT,66399.68
T0006187,A00166,C0138,2026-03-27,Transfer In,15927.91,ATM,52031.19
T0005662,A00151,C0125,2026-03-02,Salary Credit,5960.42,ATM,71403.67
T0001776,A00051,C0043,2026-02-04,Deposit,20204.18,USSD,111678.72
T0005089,A00135,C0112,2025-07-19,Purchase,1950.06,EFT,16920.69
T0004231,A00116,C0096,2026-06-29,Purchase,463.78,Branch,66208.97
T0004635,A00125,C0104,2026-02-24,Transfer Out,4174.36,Branch,53717.58
T0010160,A00273,C0222,2025-11-07,Transfer Out,6297.81,Branch,44216.84
T0011108,A00298,C0240,2025-12-09,Transfer In,-8717.89,App,64289.74
T0001315,A00040,C0035,2025-09-21,Airtime,7223.14,ATM,50172.62
T0010908,A00294,C0237,2025-08-04,Transfer In,3272.11,App,143703.57
T0009294,A00247,C0201,2026-02-02,Salary Credit,21003.9,App,30605.91
T0007158,A00189,C0155,2025-09-30,Transfer In,4276.51,USSD,58779.6
T0012645,A00342,C0274,2025-12-30,Salary Credit,15528.2,Branch,59959.58
T0009210,A00244,C0199,2026-02-11,Airtime,5246.54,POS,47886.6
T0010611,A00284,C0230,2026-05-13,Bill Payment,3918.23,EFT,88721.95
T0008500,A00225,C0183,2025-11-11,Withdrawal,5391.38,ATM,53794.41
T0013433,A00361,C0289,2026-06-26,Bill Payment,,App,111420.74
T0006626,A00177,C0146,2026-06-17,Airtime,5774.45,POS,73073.03
T0005506,A00146,C0121,2025-08-13,Transfer Out,7385.16,App,198496.89
T0007481,A00196,C0161,2025-08-23,Withdrawal,6555.1,EFT,251575.55
T0010878,A00294,C0237,2026-06-07,Salary Credit,24386.46,App,36059.45
T0007587,A00199,C0163,2025-11-11,Withdrawal,2002.98,EFT,99469.22
T0008915,A00235,C0190,2025-07-16,Deposit,11939.02,EFT,52635.65
T0009439,A00250,C0203,2026-05-16,Transfer In,21260.29,EFT,278590.2
T0008619,A00228,C0185,2026-05-12,Transfer Out,7264.12,POS,-1950.0
T0001313,A00040,C0035,2026-03-04,Transfer In,6159.56,USSD,58257.41
T0000471,A00014,C0014,2026-02-12,Transfer In,-18466.71,EFT,126600.38
T0007698,A00201,C0165,2025-12-25,Transfer In,9973.82,EFT,82343.15
T0007674,A00201,C0165,2025-11-06,Airtime,1758.68,ATM,17235.75
T0001385,A00041,C0036,2025-11-24,Transfer Out,7621.88,USSD,74320.69
T0001117,A00034,C0030,2025-07-05,Transfer In,18604.3,USSD,171674.5
T0000113,A00004,C0004,2025-08-17,Airtime,997.77,App,65863.55
T0013531,A00364,C0291,2025-09-08,Transfer In,21034.14,App,53560.63
T0011351,A00305,C0244,2026-01-10,Bill Payment,3597.97,App,98710.31
T0001098,A00034,C0030,2025-12-03,Bill Payment,3578.94,POS,127393.42
T0011576,A00311,C0250,2025-08-09,Transfer Out,3585.92,EFT,53793.51
T0013117,A00354,C0283,2025-10-11,Bill Payment,4812.82,Branch,44834.16
T0002566,A00071,C0057,2026-03-09,Bill Payment,5798.94,App,39349.69
T0003686,A00102,C0084,2026-05-13,Salary Credit,6621.6,App,7835.08
T0008522,A00226,C0184,2025-10-19,Withdrawal,7521.12,Branch,28798.97
T0013016,A00350,C0281,2026-02-22,Purchase,5286.82,POS,91397.79
T0005451,A00145,C0120,2026-04-12,Bill Payment,4414.18,EFT,75801.06
T0011082,A00298,C0240,2025-10-12,Bill Payment,3001.8,USSD,28258.7
T0006103,A00164,C0136,2026-04-19,Airtime,5705.97,USSD,23017.5
T0005862,A00155,C0129,2026-06-20,Deposit,16203.64,Branch,223936.47
T0008079,A00212,C0173,2026-02-02,Transfer Out,3214.64,POS,21704.01
T0004831,A00129,C0106,2026-02-01,Deposit,19080.35,USSD,114540.29
T0005806,A00154,C0128,2026-02-05,Airtime,4060.13,POS,63677.57
T0000126,A00004,C0004,2025-12-29,Purchase,1425.28,USSD,106772.52
T0004631,A00124,C0103,2025-10-03,Bill Payment,550.11,Branch,196784.57
T0003460,A00096,C0081,2026-05-24,Salary Credit,5748.3,POS,214733.53
T0006519,A00174,C0144,2025-12-20,Airtime,7390.58,App,83165.38
T0010976,A00296,C0238,2026-06-18,Transfer Out,7199.69,EFT,97550.25
T0004498,A00122,C0101,2026-06-23,Deposit,17660.31,POS,69306.56
T0007174,A00189,C0155,2025-08-01,Airtime,239.2,Branch,88818.25
T0008581,A00227,C0185,2026-05-26,Salary Credit,12044.39,App,58902.25
T0012362,A00333,C0266,2025-10-12,Withdrawal,3363.83,USSD,63497.85
T0010524,A00282,C0228,2026-01-01,Withdrawal,5046.99,ATM,7453.92
T0003096,A00085,C0070,2025-11-08,Bill Payment,7119.3,ATM,133157.2
T0009861,A00263,C0215,2026-06-21,Transfer Out,988.78,USSD,54087.67
T0008256,A00217,C0178,2026-04-15,Withdrawal,4699.62,USSD,187143.49
T0001272,A00038,C0033,2026-01-08,Salary Credit,10173.43,EFT,209078.07
T0010696,A00287,C0231,2026-05-21,Deposit,23969.95,POS,101623.33
T0001582,A00046,C0039,2025-09-05,Salary Credit,15898.13,ATM,43945.06
T0010875,A00294,C0237,2025-08-14,Purchase,2230.76,ATM,16735.29
T0003839,A00106,C0088,2025-07-28,Purchase,6603.92,Branch,18071.4
T0006637,A00177,C0146,2026-01-27,Deposit,19026.16,USSD,128107.19
T0002173,A00060,C0050,2025-10-10,Airtime,4214.09,POS,41031.41
T0008716,A00230,C0187,2025-08-16,Transfer Out,58.98,Branch,63760.95
T0009336,A00248,C0202,2025-12-19,Bill Payment,4277.3,App,44674.37
T0012635,A00342,C0274,2026-04-15,Transfer Out,1400.1,USSD,61447.41
T0008239,A00217,C0178,2026-01-16,Transfer In,12316.23,Branch,126523.34
T0003900,A00107,C0089,2026-05-18,Bill Payment,567.78,App,40157.18
T0002869,A00080,C0066,2026-04-01,Airtime,4642.65,POS,27900.0
T0006760,A00179,C0148,2025-11-18,Purchase,5212.69,EFT,100454.47
T0008022,A00210,C0172,2026-05-19,Purchase,5896.84,EFT,10788.81
T0006764,A00180,C0149,2025-11-05,Transfer Out,5662.73,Branch,20815.89
T0005919,A00157,C0131,2026-06-06,Transfer In,1402.65,USSD,34441.36
T0011627,A00312,C0250,2026-06-01,Deposit,1793.83,POS,147854.19
T0013506,A00363,C0290,2026-03-10,Deposit,22584.81,POS,137119.37
T0003302,A00092,C0077,2026-06-05,Bill Payment,1789.8,EFT,51198.04
T0011785,A00316,C0254,2025-11-17,Withdrawal,4629.77,POS,70386.67
T0000864,A00027,C0025,2026-06-11,Salary Credit,16835.18,POS,52754.05
T0002430,A00068,C0056,2026-05-15,Transfer Out,2139.86,EFT,-3951.44
T0011605,A00312,C0250,2025-07-07,Bill Payment,6373.33,POS,59420.22
T0005829,A00154,C0128,2025-07-08,Bill Payment,2612.92,EFT,110393.57
T0000584,A00018,C0016,2025-11-25,Purchase,958.08,ATM,44463.07
T0012483,A00337,C0269,2026-03-30,Withdrawal,5317.39,Branch,78638.6
T0003198,A00088,C0073,2025-11-17,Salary Credit,3459.26,Branch,95929.72
T0004049,A00111,C0092,2025-10-24,Bill Payment,4655.54,POS,33618.97
T0001592,A00046,C0039,2026-04-17,Deposit,3018.46,Branch,81710.08
T0003812,A00104,C0086,2025-08-13,Deposit,18131.61,EFT,110566.77
T0011615,A00312,C0250,2026-02-22,Transfer Out,,ATM,108277.8
T0003413,A00096,C0081,2025-10-31,Purchase,5766.92,Branch,36451.06
T0011340,A00305,C0244,2025-08-12,Transfer Out,4750.3,ATM,65046.69
T0004413,A00120,C0099,2026-03-09,Transfer Out,7903.1,App,50089.58
T0009024,A00239,C0194,2026-06-15,Salary Credit,5964.62,EFT,29460.48
T0010476,A00280,C0227,2026-06-17,Airtime,2042.83,POS,91471.94
T0012815,A00346,C0278,2026-05-04,Withdrawal,5566.68,EFT,45670.86
T0014079,A00376,C0300,2026-01-25,Salary Credit,24938.1,EFT,173422.1
T0000191,A00007,C0007,2026-04-19,Transfer In,21442.07,USSD,35566.96
T0007063,A00186,C0153,2025-09-04,Transfer Out,1450.27,ATM,130278.17
T0006726,A00179,C0148,2025-08-31,Transfer Out,6840.67,ATM,-44106.18
T0004978,A00132,C0109,2025-11-18,Airtime,427.93,ATM,182692.55
T0008366,A00221,C0181,2026-05-13,Purchase,1438.76,Branch,32018.64
T0013555,A00364,C0291,2026-05-01,Transfer Out,2287.22,ATM,117925.16
T0007921,A00207,C0170,2025-09-09,Purchase,-5017.02,POS,244504.57
T0011410,A00306,C0245,2026-03-18,Deposit,18760.75,ATM,77377.96
T0003150,A00086,C0071,2026-04-27,Transfer In,9007.9,POS,110020.92
T0004779,A00128,C0106,2026-03-01,Airtime,6300.92,USSD,40882.15
T0008373,A00221,C0181,2026-06-30,Transfer In,23870.92,Branch,104831.37
T0003599,A00099,C0083,2026-03-18,Airtime,113.71,ATM,74265.01
T0009780,A00261,C0213,2026-01-18,Purchase,3511.98,Branch,34125.25
T0013994,A00374,C0298,2025-08-24,Transfer Out,5399.25,POS,164463.59
T0007987,A00209,C0172,2025-10-22,Transfer In,5072.67,USSD,168161.2
T0001648,A00048,C0041,2026-03-29,Salary Credit,13013.6,App,50305.3
T0004327,A00118,C0097,2026-03-11,Transfer Out,5025.07,EFT,12452.63
T0012902,A00348,C0279,2026-02-13,Airtime,7578.83,USSD,84924.7
T0011876,A00319,C0255,2025-12-24,Purchase,1708.56,App,85451.78
T0013152,A00354,C0283,2026-04-18,Bill Payment,5523.96,POS,129335.19
T0001789,A00051,C0043,2025-09-28,Purchase,6972.49,ATM,79922.0
T0011122,A00299,C0240,2026-03-19,Transfer In,-164.73,ATM,54776.4
T0004002,A00110,C0091,2026-06-21,Airtime,6245.77,Branch,77154.77
T0002898,A00081,C0066,2026-01-27,Purchase,421.39,USSD,50759.7
T0003965,A00109,C0091,2025-10-20,Transfer In,9163.07,USSD,21201.19
T0003058,A00085,C0070,2026-06-15,Bill Payment,5010.28,Branch,25005.96
T0012228,A00330,C0264,2025-08-08,Salary Credit,23321.78,POS,65524.12
T0004948,A00131,C0108,2025-09-27,Bill Payment,249.4,App,116716.38
T0001740,A00050,C0042,2025-12-31,Withdrawal,6982.09,Branch,8271.09
T0000182,A00006,C0006,2025-10-17,Bill Payment,5932.74,Branch,63837.52
T0000200,A00007,C0007,2026-06-01,Transfer Out,1523.11,ATM,40624.14
T0006776,A00180,C0149,2025-07-14,Bill Payment,3993.12,USSD,31118.16
T0003498,A00097,C0081,2026-05-14,Bill Payment,3712.8,EFT,94857.52
T0007685,A00201,C0165,2026-04-10,Withdrawal,6479.79,POS,6175.72
T0010724,A00288,C0232,2026-06-17,Purchase,4748.47,App,26347.58
T0000021,A00001,C0001,2025-11-27,Deposit,6943.84,ATM,98580.47
T0002646,A00072,C0058,2025-07-19,Withdrawal,488.81,ATM,67601.69
T0001871,A00053,C0045,2025-07-18,Transfer Out,6004.32,EFT,104376.6
T0002600,A00071,C0057,2025-08-04,Airtime,2664.99,POS,59564.62
T0011607,A00312,C0250,2026-06-21,Salary Credit,19476.16,ATM,75752.37
T0004846,A00129,C0106,2025-11-26,Deposit,-1081.0,USSD,192479.12
T0008147,A00215,C0176,2025-09-02,Withdrawal,1802.19,App,89506.47
T0012017,A00324,C0259,2026-04-30,Purchase,4691.6,EFT,43996.85
T0008195,A00216,C0177,2025-12-09,Salary Credit,10609.09,ATM,15341.26
T0012917,A00348,C0279,2026-02-26,Deposit,12839.6,App,75014.98
T0013639,A00366,C0293,2026-01-09,Airtime,6288.19,EFT,49515.73
T0005037,A00134,C0111,2025-08-18,Withdrawal,7959.31,App,45638.12
T0001926,A00054,C0045,2026-05-25,Salary Credit,10017.52,USSD,129020.01
T0005941,A00157,C0131,2025-11-24,Transfer Out,3838.57,USSD,104548.92
T0008047,A00211,C0173,2026-06-26,Purchase,6454.16,EFT,62065.69
T0013333,A00358,C0287,2026-01-10,Airtime,7486.9,USSD,174285.81
T0009630,A00257,C0209,2026-03-07,Transfer Out,5306.43,Branch,-10039.88
T0014091,A00376,C0300,2026-06-05,Transfer Out,970.44,Branch,182059.49
T0006086,A00163,C0135,2026-03-14,Transfer In,9556.39,ATM,18756.59
T0005188,A00137,C0113,2025-12-29,Airtime,1580.85,EFT,47640.18
T0001597,A00046,C0039,2025-11-15,Transfer Out,3862.97,Branch,96577.95
T0008391,A00222,C0181,2025-07-07,Airtime,994.24,POS,53175.17
T0008650,A00228,C0185,2025-09-13,Withdrawal,5915.33,USSD,16788.33
T0007480,A00196,C0161,2026-01-31,Deposit,17709.18,Branch,258130.65
T0005023,A00134,C0111,2025-07-02,Deposit,7029.77,USSD,38956.08
T0005295,A00141,C0117,2026-05-07,Airtime,3193.37,Branch,37121.68
T0007119,A00188,C0154,2026-04-19,Salary Credit,19839.65,POS,72458.43
T0007383,A00194,C0159,2025-09-28,Salary Credit,7684.69,EFT,80793.35
T0011394,A00306,C0245,2026-04-11,Airtime,6621.98,EFT,49984.19
T0005823,A00154,C0128,2025-12-30,Airtime,2957.79,App,119845.05
T0004935,A00131,C0108,2025-11-18,Purchase,3220.82,EFT,100606.14
T0004592,A00124,C0103,2026-01-24,Transfer In,22937.31,App,163658.51
T0004205,A00116,C0096,2025-11-17,Purchase,968.47,POS,74461.31
T0002578,A00071,C0057,2026-03-31,Withdrawal,6236.89,Branch,71380.82
T0012457,A00336,C0268,2025-10-12,Airtime,4174.24,Branch,67040.32
T0003202,A00088,C0073,2026-01-14,Deposit,11583.99,USSD,130961.37
T0009730,A00260,C0212,2025-07-17,Airtime,1393.55,ATM,159674.31
T0001888,A00053,C0045,2026-04-16,Bill Payment,6973.99,ATM,88353.58
T0003042,A00084,C0069,2025-10-16,Withdrawal,202.27,POS,86405.06
T0009538,A00254,C0206,2026-05-31,Bill Payment,7801.64,App,27332.53
T0007568,A00199,C0163,2025-11-17,Salary Credit,16553.69,App,74859.19
T0007613,A00199,C0163,2026-03-18,Airtime,7296.13,POS,220087.02
T0007078,A00186,C0153,2026-04-15,Bill Payment,4714.15,ATM,165850.72
T0006057,A00162,C0134,2025-10-20,Salary Credit,1575.7,USSD,44553.74
T0006121,A00164,C0136,2026-04-04,Transfer In,16033.68,USSD,95141.72
T0001883,A00053,C0045,2026-03-02,Withdrawal,5149.69,USSD,102745.08
T0013693,A00368,C0294,2025-12-15,Withdrawal,2905.91,USSD,-1197.21
T0011165,A00300,C0241,2025-11-18,Purchase,1580.33,Branch,23611.44
T0002505,A00069,C0056,2025-08-31,Deposit,4133.68,USSD,103706.37
T0011943,A00322,C0257,2026-03-09,Airtime,3002.18,POS,45779.78
T0001498,A00044,C0037,2026-06-23,Transfer Out,3772.07,EFT,84060.26
T0006809,A00180,C0149,2025-08-09,Salary Credit,17911.33,EFT,133262.51
T0010510,A00281,C0228,2025-08-28,Airtime,5364.25,App,42291.08
T0000208,A00008,C0008,2025-08-15,Transfer In,8946.56,Branch,68783.18
T0004415,A00120,C0099,2026-04-20,Transfer Out,5421.11,POS,40672.31
T0007182,A00189,C0155,2026-02-12,Transfer In,23253.2,ATM,127840.93
T0009087,A00240,C0195,2026-03-07,Salary Credit,3858.59,EFT,199763.38
T0000942,A00030,C0028,2025-10-10,Withdrawal,3327.68,EFT,32770.32
T0007276,A00191,C0156,2025-08-14,Deposit,2306.21,EFT,60735.6
T0013964,A00374,C0298,2025-10-15,Bill Payment,7200.24,ATM,109005.85
T0001770,A00051,C0043,2025-11-20,Bill Payment,2417.29,App,72008.32
T0001210,A00037,C0032,2026-03-01,Purchase,4837.6,POS,91812.63
T0006606,A00177,C0146,2025-12-11,Withdrawal,6969.57,EFT,36929.22
T0007005,A00185,C0152,2026-03-09,Airtime,514.94,POS,58556.1
T0006343,A00169,C0140,2025-12-07,Transfer Out,7453.96,POS,37397.91
T0008569,A00227,C0185,2026-02-16,Transfer In,16677.52,Branch,40397.47
T0013575,A00364,C0291,2026-06-22,Bill Payment,,EFT,142068.73
T0010040,A00269,C0219,2026-03-01,Transfer Out,1258.94,POS,54827.92
T0009996,A00267,C0218,2026-03-20,Transfer Out,4746.21,USSD,33446.85
T0002405,A00067,C0055,2026-03-26,Transfer Out,2000.85,USSD,132040.07
T0002401,A00067,C0055,2025-11-04,Transfer In,15863.44,POS,122072.76
T0014013,A00375,C0299,2025-12-31,Transfer Out,5814.02,EFT,49872.84
T0008141,A00215,C0176,2025-09-02,Transfer In,23751.56,USSD,52877.97
T0004933,A00131,C0108,2025-12-17,Transfer In,2058.87,App,105754.18
T0005279,A00140,C0116,2025-11-08,Bill Payment,5246.16,App,13640.53
T0007124,A00188,C0154,2025-11-01,Transfer Out,5111.51,EFT,84337.14
T0000805,A00025,C0023,2026-02-20,Airtime,1265.31,POS,91733.28
T0004329,A00118,C0097,2025-11-02,Salary Credit,21204.37,App,43075.96
T0005288,A00141,C0117,2025-12-01,Withdrawal,874.54,USSD,35852.51
T0004111,A00113,C0093,2025-09-09,Transfer In,17913.86,Branch,88263.25
T0000251,A00009,C0009,2026-05-10,Deposit,21578.14,USSD,27428.19
T0012994,A00350,C0281,2025-11-24,Deposit,21087.9,App,58707.79
T0004989,A00133,C0110,2025-08-21,Transfer In,6189.72,App,31078.84
T0010448,A00280,C0227,2025-08-25,Transfer Out,2879.59,EFT,85071.66
T0011170,A00300,C0241,2026-01-01,Salary Credit,14347.18,POS,26984.6
T0005845,A00155,C0129,2026-06-13,Withdrawal,1397.69,POS,74231.52
T0001688,A00049,C0042,2026-05-18,Salary Credit,13691.18,EFT,45850.21
T0006544,A00175,C0145,2026-05-03,Bill Payment,3263.59,USSD,66017.84
T0001804,A00051,C0043,2026-04-07,Bill Payment,4320.96,POS,103327.54
T0002511,A00069,C0056,2026-06-06,Transfer Out,,ATM,128084.2
T0004195,A00116,C0096,2025-11-29,Purchase,2400.09,Branch,43854.0
T0011927,A00321,C0256,2026-01-07,Salary Credit,24569.05,Branch,114451.02
T0002240,A00062,C0051,2025-12-09,Deposit,24275.12,Branch,111100.09
T0005416,A00144,C0119,2025-12-22,Withdrawal,6240.26,Branch,161074.21
T0005888,A00156,C0130,2026-02-12,Bill Payment,3635.03,Branch,78483.98
T0005833,A00155,C0129,2026-06-09,Deposit,23426.57,Branch,70144.74
T0001184,A00037,C0032,2026-02-12,Transfer In,6714.06,App,73328.55
T0013614,A00365,C0292,2026-01-07,Deposit,14581.01,Branch,32595.9
T0013771,A00370,C0296,2025-12-22,Transfer In,12833.47,POS,66898.69
T0005535,A00147,C0121,2025-07-12,Airtime,1543.2,ATM,61210.9
T0013440,A00361,C0289,2026-04-18,Salary Credit,-19054.67,App,169867.27
T0003584,A00099,C0083,2025-11-04,Salary Credit,6302.68,POS,33200.91
T0010534,A00282,C0228,2025-10-08,Salary Credit,3871.91,App,5800.33
T0007782,A00203,C0166,2026-05-19,Purchase,-6942.26,EFT,148934.5
T0010427,A00279,C0226,2026-05-07,Withdrawal,4920.61,EFT,87480.64
T0008052,A00211,C0173,2025-10-07,Purchase,1045.47,USSD,85170.14
T0008163,A00215,C0176,2025-11-03,Salary Credit,5218.48,ATM,96069.09
T0009953,A00266,C0217,2026-05-24,Purchase,240.27,ATM,31851.42
T0006675,A00178,C0147,2025-10-27,Purchase,6409.14,ATM,35938.48
T0002951,A00082,C0067,2026-03-30,Airtime,,USSD,94610.44
T0010383,A00279,C0226,2026-04-06,Salary Credit,12567.72,EFT,54595.13
T0002827,A00078,C0064,2025-11-27,Transfer In,5195.53,Branch,131234.91
T0006426,A00171,C0141,2026-01-07,Bill Payment,4651.16,POS,121723.17
T0013953,A00374,C0298,2026-02-01,Salary Credit,18322.05,Branch,56467.28
T0012974,A00349,C0280,2026-04-06,Withdrawal,2276.81,USSD,135013.18
T0001079,A00034,C0030,2025-11-20,Withdrawal,6930.31,POS,73802.09
T0005228,A00138,C0114,2025-08-15,Transfer Out,2690.72,App,85162.58
T0006096,A00163,C0135,2026-01-05,Deposit,23563.3,USSD,22209.6
T0013717,A00369,C0295,2025-09-07,Withdrawal,7764.62,Branch,21400.98
T0000706,A00021,C0019,2026-02-04,Airtime,2073.55,Branch,8964.68
T0009233,A00244,C0199,2025-09-26,Transfer In,19146.6,Branch,122859.19
T0009338,A00248,C0202,2025-10-04,Purchase,7931.35,EFT,34801.67
T0002837,A00079,C0065,2026-04-27,Withdrawal,2690.02,POS,17518.9
T0010892,A00294,C0237,2026-03-14,Salary Credit,15625.81,USSD,133477.13
T0008593,A00227,C0185,2025-12-17,Deposit,6802.94,USSD,143498.49
T0001949,A00055,C0046,2026-05-25,Salary Credit,20754.55,ATM,53414.26
T0009563,A00255,C0207,2026-04-27,Deposit,2710.87,USSD,70093.43
T0002548,A00070,C0057,2025-11-19,Transfer Out,3449.83,POS,37515.99
T0013982,A00374,C0298,2025-10-08,Airtime,4768.67,ATM,117201.88
T0010750,A00289,C0233,2026-05-30,Bill Payment,1876.5,App,12254.26
T0013191,A00355,C0284,2025-10-24,Transfer Out,2924.51,EFT,95337.03
T0011480,A00309,C0248,2025-08-23,Transfer In,11081.46,ATM,90579.57
T0006170,A00165,C0137,2026-03-12,Purchase,1506.18,ATM,18957.04
T0006181,A00165,C0137,2026-05-31,Bill Payment,2380.42,Branch,8329.84
T0010011,A00267,C0218,2025-09-11,Airtime,7933.19,App,88721.58
T0003661,A00101,C0084,2026-04-30,Bill Payment,4644.85,ATM,106437.18
T0002454,A00068,C0056,2025-11-21,Transfer Out,5756.59,Branch,217325.58
T0005223,A00138,C0114,2026-06-04,Airtime,3948.37,POS,43966.45
T0007323,A00192,C0157,2026-02-02,Deposit,9699.13,App,138812.49
T0011040,A00297,C0239,2026-05-24,Deposit,547.47,App,58654.75
T0008430,A00223,C0182,2026-04-05,Bill Payment,109.96,EFT,19570.71
T0007675,A00201,C0165,2026-02-18,Transfer In,6751.24,Branch,23986.99
T0004101,A00113,C0093,2026-06-21,Deposit,-10554.81,POS,19466.97
T0003385,A00095,C0080,2026-02-10,Salary Credit,9043.46,USSD,53548.76
T0012735,A00344,C0276,2025-09-28,Airtime,944.79,USSD,37547.97
T0011712,A00314,C0252,2025-12-27,Deposit,17096.23,Branch,53164.88
T0009911,A00265,C0217,2025-07-13,Bill Payment,6804.22,ATM,73767.79
T0009683,A00259,C0211,2025-11-24,Transfer Out,4319.09,USSD,63722.46
T0009208,A00244,C0199,2026-05-05,Airtime,5197.1,POS,58326.83
T0011733,A00315,C0253,2025-11-16,Purchase,6493.83,ATM,57532.71
T0009169,A00242,C0197,2025-08-11,Withdrawal,4508.15,App,75269.75
T0009796,A00262,C0214,2026-04-24,Airtime,7975.23,EFT,45478.59
T0002335,A00065,C0054,2026-02-28,Bill Payment,3825.5,POS,8716.07
T0010055,A00269,C0219,2026-03-28,Transfer Out,6404.78,Branch,99155.27
T0008961,A00236,C0191,2026-04-28,Purchase,6586.09,EFT,28244.25
T0009249,A00245,C0200,2026-03-01,Purchase,5203.97,POS,56225.41
T0009280,A00246,C0200,2025-12-16,Transfer Out,1108.19,POS,11505.28
T0002432,A00068,C0056,2025-12-15,Transfer Out,3153.21,EFT,11774.22
T0000353,A00011,C0011,2026-05-29,Airtime,843.74,USSD,89455.87
T0003598,A00099,C0083,2026-02-12,Deposit,7687.86,EFT,74378.72
T0003115,A00086,C0071,2026-02-14,Deposit,1768.19,Branch,14834.57
T0003114,A00086,C0071,2026-06-08,Transfer Out,4671.25,POS,13066.38
T0013978,A00374,C0298,2026-04-24,Purchase,6557.95,ATM,116571.77
T0009498,A00253,C0205,2026-03-03,Airtime,3120.18,Branch,34574.25
T0002573,A00071,C0057,2025-10-04,Transfer In,10295.66,App,72960.18
T0007360,A00193,C0158,2025-12-08,Withdrawal,5570.91,App,99791.99
T0000975,A00031,C0029,2025-12-13,Purchase,250.42,USSD,43270.15
T0013360,A00359,C0288,2026-04-27,Salary Credit,20592.08,USSD,144127.88
T0008200,A00216,C0177,2025-12-05,Transfer In,2810.35,EFT,21902.89
T0014125,A00377,C0300,2026-05-02,Airtime,1645.49,ATM,41106.34
T0008105,A00213,C0174,2026-03-16,Deposit,9978.53,POS,25904.82
T0002149,A00060,C0050,2025-09-19,Withdrawal,139.21,App,21990.8
T0013292,A00358,C0287,2026-05-19,Bill Payment,1129.27,EFT,44002.56
T0000898,A00028,C0026,2026-01-22,Transfer In,15651.85,USSD,64508.66
T0002206,A00061,C0050,2025-11-05,Transfer Out,3579.14,EFT,96260.57
T0006722,A00179,C0148,2026-05-26,Withdrawal,5210.27,POS,-24266.29
T0000390,A00012,C0012,2026-01-13,Bill Payment,4919.45,USSD,68474.32
T0008848,A00233,C0189,2026-05-28,Airtime,7247.54,App,93031.87
T0004605,A00124,C0103,2026-04-15,Transfer Out,727.12,App,129390.13
T0005162,A00137,C0113,2025-07-15,Withdrawal,579.71,Branch,46088.52
T0004546,A00123,C0102,2025-09-17,Deposit,10152.52,App,76410.07
T0005774,A00153,C0127,2026-06-25,Airtime,7677.8,USSD,75414.27
T0006228,A00166,C0138,2025-12-29,Deposit,15195.13,Branch,189342.14
T0001659,A00048,C0041,2025-12-28,Salary Credit,14620.66,ATM,72624.59
T0001898,A00054,C0045,2026-05-11,Airtime,4164.65,EFT,62116.99
T0011617,A00312,C0250,2025-12-13,Deposit,11448.63,ATM,117589.09
T0003966,A00109,C0091,2026-03-25,Transfer Out,7144.45,ATM,14056.74
T0004774,A00128,C0106,2026-05-03,Purchase,211.73,EFT,57976.59
T0007462,A00196,C0161,2026-01-25,Transfer In,4110.89,USSD,194107.43
T0002276,A00063,C0052,2026-06-30,Airtime,602.25,ATM,93370.12
T0000728,A00022,C0020,2026-03-25,Salary Credit,23508.24,POS,113890.59
T0005206,A00138,C0114,2025-11-29,Deposit,11299.53,USSD,104405.31
T0001997,A00056,C0047,2026-04-04,Transfer Out,1446.25,App,47291.85
T0003683,A00102,C0084,2026-03-24,Withdrawal,,POS,-15331.66
T0005296,A00141,C0117,2025-11-25,Bill Payment,40.17,App,37081.51
T0009570,A00256,C0208,2025-10-17,Transfer In,10465.55,EFT,4478.93
T0007781,A00203,C0166,2025-08-17,Transfer Out,28.06,App,155876.76
T0012837,A00347,C0279,2026-02-28,Purchase,1833.96,POS,89782.98
T0008868,A00234,C0190,2026-01-24,Transfer In,16918.86,Branch,50684.03
T0011769,A00316,C0254,2026-01-22,Deposit,8619.36,EFT,26595.96
T0013297,A00358,C0287,2025-11-27,Deposit,10911.89,EFT,68219.55
T0003993,A00110,C0091,2025-11-10,Bill Payment,5488.3,ATM,34861.36
T0013519,A00363,C0290,2026-02-02,Withdrawal,6014.1,POS,127907.89
T0008003,A00209,C0172,2026-06-29,Withdrawal,316.62,EFT,224451.42
T0003526,A00098,C0082,2026-01-28,Bill Payment,1999.15,Branch,65271.07
T0012179,A00329,C0264,2026-01-15,Deposit,24047.09,USSD,18709.98
T0006741,A00179,C0148,2026-05-19,Transfer In,24976.89,ATM,-30441.0
T0006485,A00173,C0143,2025-09-15,Transfer Out,6651.6,USSD,67547.78
T0001156,A00035,C0031,2026-04-16,Airtime,4936.5,ATM,144086.66
T0005634,A00150,C0124,2026-02-16,Transfer Out,2081.0,POS,42833.36
T0004402,A00120,C0099,2025-08-02,Salary Credit,595.01,ATM,33925.92
T0004174,A00115,C0095,2026-03-15,Deposit,9720.48,USSD,44325.79
T0011584,A00311,C0250,2025-12-13,Transfer Out,2558.02,EFT,72178.3
T0002555,A00070,C0057,2026-02-08,Bill Payment,3580.4,App,37526.9
T0011593,A00311,C0250,2026-02-16,Purchase,231.57,Branch,54423.62
T0001802,A00051,C0043,2025-07-17,Purchase,3061.1,App,93469.98
T0000140,A00005,C0005,2025-10-22,Withdrawal,7494.77,USSD,-2312.01
T0012713,A00343,C0275,2025-07-23,Bill Payment,4379.48,POS,62133.46
T0012442,A00336,C0268,2025-08-26,Transfer In,24009.23,App,50616.85
T0008445,A00223,C0182,2026-04-22,Salary Credit,15921.81,USSD,41488.86
T0012359,A00333,C0266,2025-08-10,Withdrawal,112.23,App,74044.64
T0002282,A00063,C0052,2025-12-06,Transfer In,23512.79,Branch,104835.28
T0002602,A00071,C0057,2026-04-14,Transfer Out,497.9,USSD,83870.0
T0012678,A00343,C0275,2025-10-15,Transfer Out,2813.76,Branch,44962.52
T0013147,A00354,C0283,2025-11-03,Transfer In,13032.47,EFT,99788.9
T0002616,A00071,C0057,2026-05-12,Airtime,6807.74,Branch,111882.17
T0013080,A00352,C0282,2025-07-26,Airtime,5506.97,Branch,-34324.31
T0011970,A00322,C0257,2025-11-04,Salary Credit,1564.5,Branch,139859.08
T0013514,A00363,C0290,2025-10-22,Withdrawal,4416.84,Branch,132681.42
T0013610,A00365,C0292,2026-05-20,Transfer Out,1134.09,EFT,20561.51
T0014054,A00376,C0300,2026-02-22,Deposit,23125.48,App,38561.16
T0007743,A00202,C0165,2026-06-03,Airtime,1509.88,Branch,161723.76
T0002098,A00059,C0049,2026-04-13,Transfer In,19957.12,EFT,59944.19
T0005263,A00140,C0116,2025-10-11,Withdrawal,7502.27,Branch,32378.49
T0013036,A00350,C0281,2025-09-19,Withdrawal,1753.94,USSD,73472.79
T0008078,A00212,C0173,2026-02-03,Transfer Out,1027.84,App,24918.65
T0005879,A00156,C0130,2026-04-12,Airtime,1921.01,USSD,62377.9
T0000839,A00026,C0024,2025-11-22,Airtime,6234.89,ATM,54715.63
T0007098,A00187,C0154,2025-09-17,Purchase,4563.56,Branch,42416.51
T0006873,A00182,C0150,2025-09-07,Transfer In,8748.7,ATM,52056.55
T0000312,A00010,C0010,2025-08-12,Withdrawal,1355.81,POS,97874.84
T0007604,A00199,C0163,2025-07-17,Salary Credit,21401.63,App,191120.21
T0000294,A00010,C0010,2025-12-08,Deposit,422.83,POS,-12996.28
T0010472,A00280,C0227,2025-12-29,Bill Payment,2621.07,POS,105784.34
T0010060,A00269,C0219,2026-01-27,Transfer Out,1533.8,POS,113090.57
T0005050,A00134,C0111,2026-04-23,Deposit,18882.39,USSD,87358.94
T0013115,A00354,C0283,2026-01-16,Transfer In,15433.46,Branch,57081.91
T0006698,A00178,C0147,2025-08-21,Withdrawal,2613.11,ATM,95784.43
T0013933,A00373,C0298,2026-05-25,Deposit,17793.75,App,82400.81
T0010375,A00278,C0225,2025-12-10,Bill Payment,6235.37,ATM,139955.08
T0002915,A00081,C0066,2026-03-19,Deposit,24329.66,Branch,82345.33
T0014010,A00375,C0299,2025-10-11,Salary Credit,11936.52,ATM,63707.33
T0012959,A00349,C0280,2025-11-06,Transfer In,4959.82,POS,74094.83
T0004619,A00124,C0103,2025-08-20,Transfer Out,7411.26,ATM,155811.57
T0007617,A00199,C0163,2025-10-25,Deposit,17683.32,EFT,224941.47
T0001273,A00038,C0033,2026-01-08,Bill Payment,3926.62,POS,205151.45
T0005457,A00145,C0120,2026-03-05,Purchase,7359.09,ATM,77350.08
T0010218,A00274,C0223,2026-06-09,Transfer Out,5849.68,Branch,60016.42
T0007400,A00195,C0160,2026-05-20,Airtime,398.54,USSD,40597.17
T0001245,A00038,C0033,2026-04-18,Purchase,2030.48,Branch,91737.6
T0000724,A00022,C0020,2025-10-31,Salary Credit,9780.31,USSD,69402.17
T0011458,A00308,C0247,2025-10-22,Transfer In,12520.54,App,112636.02
T0013708,A00368,C0294,2026-02-02,Purchase,4025.17,ATM,31273.09
T0003006,A00084,C0069,2025-12-04,Withdrawal,490.7,App,47695.55
T0006560,A00175,C0145,2025-12-16,Airtime,4681.29,Branch,82172.22
T0000188,A00007,C0007,2026-05-01,Salary Credit,4521.83,POS,19186.85
T0000520,A00016,C0015,2025-12-04,Deposit,8050.98,Branch,25857.4
T0013197,A00355,C0284,2026-02-11,Transfer In,24958.41,App,107147.79
T0004899,A00130,C0107,2025-10-05,Bill Payment,4845.73,USSD,243058.46
T0000343,A00011,C0011,2026-04-23,Bill Payment,6158.22,App,53496.15
T0005140,A00136,C0112,2026-05-18,Transfer Out,3235.67,EFT,79815.1
T0007247,A00190,C0156,2026-05-07,Withdrawal,7050.0,App,97086.01
T0008360,A00220,C0180,2026-01-07,Airtime,4960.06,POS,95999.13
T0007903,A00207,C0170,2025-10-13,Bill Payment,6231.34,App,231018.25
T0007171,A00189,C0155,2026-05-11,Transfer Out,687.68,Branch,86787.42
T0001295,A00039,C0034,2025-08-13,Bill Payment,1014.96,App,18635.36
T0001305,A00039,C0034,2025-11-05,Airtime,3626.31,EFT,88819.01
T0009680,A00259,C0211,2025-09-18,Salary Credit,20649.97,POS,60055.74
T0005186,A00137,C0113,2026-03-03,Transfer Out,782.19,ATM,53274.78
T0002796,A00077,C0063,2025-11-25,Salary Credit,13103.33,ATM,154595.93
T0005784,A00153,C0127,2026-01-09,Deposit,293.28,Branch,55050.83
T0011432,A00307,C0246,2025-07-03,Purchase,1210.9,App,41876.0
T0006413,A00171,C0141,2026-01-12,Transfer In,3844.48,EFT,69031.05
T0000363,A00012,C0012,2026-04-30,Purchase,1095.1,POS,-5161.37
T0002733,A00075,C0061,2025-07-26,Transfer Out,44.4,App,65618.19
T0002842,A00079,C0065,2025-07-30,Withdrawal,2503.6,App,17580.38
T0009697,A00259,C0211,2026-02-27,Purchase,7693.08,App,99617.69
T0001728,A00049,C0042,2025-09-28,Airtime,879.13,ATM,176552.43
T0008809,A00232,C0188,2025-11-01,Salary Credit,6333.78,EFT,40932.5
T0012564,A00339,C0271,2025-11-25,Withdrawal,5338.5,EFT,-4902.6
T0005286,A00141,C0117,2025-11-14,Bill Payment,5071.28,ATM,42727.16
T0012004,A00324,C0259,2026-05-03,Withdrawal,5573.93,EFT,34821.98
T0009727,A00260,C0212,2025-09-23,Bill Payment,283.17,EFT,141302.34
T0013554,A00364,C0291,2025-08-12,Transfer Out,7516.62,USSD,120212.38
T0011083,A00298,C0240,2025-07-25,Transfer Out,852.87,USSD,27405.83
T0000347,A00011,C0011,2026-01-03,Deposit,16600.69,POS,59072.4
T0009694,A00259,C0211,2026-02-12,Deposit,20827.36,Branch,112757.69
T0005236,A00138,C0114,2025-10-13,Deposit,2434.83,USSD,112613.95
T0008287,A00218,C0179,2025-08-12,Deposit,7434.65,USSD,61748.12
T0005785,A00153,C0127,2026-02-20,Bill Payment,5452.45,USSD,49598.38
T0006235,A00166,C0138,2025-07-17,Transfer In,12659.66,POS,197961.53
T0008785,A00232,C0188,2025-09-01,Deposit,19495.91,ATM,11994.32
T0001132,A00035,C0031,2026-02-02,Withdrawal,7337.62,Branch,129464.02
T0010507,A00281,C0228,2025-12-18,Salary Credit,13557.36,App,38489.42
T0003244,A00090,C0075,2026-05-29,Transfer In,16064.72,POS,79336.6
T0003749,A00103,C0085,2026-05-11,Salary Credit,14612.69,POS,42182.93
T0000514,A00016,C0015,2025-11-09,Transfer Out,753.4,ATM,17030.04
T0006822,A00181,C0149,2025-07-17,Airtime,7206.21,POS,-13438.22
T0000997,A00031,C0029,2025-12-08,Salary Credit,18958.12,Branch,98361.33
T0005917,A00157,C0131,2026-04-10,Airtime,4779.71,App,39656.2
T0008899,A00234,C0190,2026-06-21,Airtime,3025.3,POS,119073.57
T0007540,A00198,C0162,2025-09-14,Withdrawal,3455.98,ATM,46012.51
T0013627,A00366,C0293,2025-09-12,Bill Payment,,Branch,38384.59
T0006841,A00181,C0149,2026-01-29,Salary Credit,2145.89,App,114500.59
T0011790,A00316,C0254,2025-09-24,Purchase,4200.35,POS,61638.72
T0000003,A00001,C0001,2025-11-02,Purchase,4424.24,EFT,26243.13
T0011516,A00310,C0249,2025-09-15,Purchase,3808.43,USSD,15843.85
T0003294,A00091,C0076,2025-11-09,Withdrawal,7020.51,Branch,73685.39
T0003814,A00105,C0087,2026-06-28,Salary Credit,17267.73,Branch,39500.93
T0005988,A00159,C0132,2026-06-19,Purchase,2281.72,Branch,55037.88
T0000691,A00021,C0019,2025-10-28,Bill Payment,5474.41,Branch,6865.6
T0004940,A00131,C0108,2026-05-20,Bill Payment,7814.86,USSD,98371.36
T0010447,A00280,C0227,2026-04-15,Transfer In,21424.0,Branch,87951.25
T0004029,A00110,C0091,2026-01-20,Airtime,2095.67,Branch,187724.92
T0007418,A00195,C0160,2026-04-15,Airtime,7675.01,ATM,58214.28
T0010187,A00273,C0222,2026-03-31,Transfer Out,1042.16,POS,60086.54
T0000511,A00016,C0015,2025-07-12,Transfer Out,7354.51,POS,21505.17
T0013296,A00358,C0287,2025-11-10,Salary Credit,17701.59,POS,57307.66
T0002937,A00081,C0066,2025-11-25,Deposit,23831.86,App,193308.97
T0000365,A00012,C0012,2026-01-24,Deposit,21974.87,Branch,21055.4
T0003470,A00097,C0081,2026-06-07,Bill Payment,7385.88,POS,53799.32
T0001793,A00051,C0043,2026-04-03,Deposit,15054.41,App,99160.94
T0010483,A00280,C0227,2025-07-15,Airtime,4948.24,Branch,128019.5
T0012652,A00342,C0274,2025-11-24,Purchase,977.56,App,85055.75
T0010056,A00269,C0219,2025-08-21,Deposit,13963.65,POS,113118.92
T0014116,A00377,C0300,2026-01-10,Withdrawal,993.66,App,32539.36
T0008365,A00221,C0181,2026-03-20,Salary Credit,4781.39,App,33457.4
T0007487,A00197,C0161,2026-06-25,Deposit,4519.19,POS,50712.94
T0008453,A00223,C0182,2025-11-16,Salary Credit,14895.59,USSD,117316.28
T0005268,A00140,C0116,2026-05-30,Withdrawal,6323.47,EFT,19093.72
T0005605,A00149,C0123,2025-07-23,Transfer Out,836.27,USSD,96721.1
T0010579,A00284,C0230,2025-07-26,Purchase,5591.12,ATM,18981.63
T0001001,A00032,C0029,2026-01-24,Salary Credit,7639.72,POS,12157.69
T0012143,A00328,C0263,2026-02-14,Transfer In,21644.38,Branch,69216.84
T0010241,A00275,C0224,2025-08-02,Salary Credit,8841.28,USSD,54304.75
T0010804,A00291,C0234,2026-01-31,Salary Credit,2468.67,App,57281.09
T0004656,A00125,C0104,2026-01-07,Withdrawal,5642.16,Branch,50691.51
T0008892,A00234,C0190,2026-04-11,Withdrawal,7780.9,USSD,70850.68
T0001652,A00048,C0041,2026-06-20,Transfer Out,3971.47,ATM,65239.44
T0002460,A00068,C0056,2026-04-09,Purchase,2579.28,EFT,245832.63
T0005856,A00155,C0129,2026-04-13,Airtime,3938.14,EFT,155464.92
T0000277,A00010,C0010,2025-09-29,Purchase,5849.35,EFT,7101.24
T0012957,A00349,C0280,2025-10-28,Deposit,5596.71,POS,57452.65
T0008102,A00212,C0173,2025-09-25,Deposit,8256.0,Branch,54677.61
T0008951,A00235,C0190,2026-04-14,Bill Payment,1676.89,ATM,162164.89
T0004506,A00122,C0101,2025-09-10,Airtime,5977.91,Branch,78841.85
T0004929,A00131,C0108,2026-06-22,Deposit,7567.44,USSD,70619.66
T0008709,A00229,C0186,2025-08-29,Bill Payment,2765.68,ATM,176262.18
T0002014,A00057,C0047,2026-04-28,Bill Payment,5085.49,EFT,55246.63
T0001525,A00045,C0038,2025-11-29,Purchase,563.93,Branch,11871.73
T0012334,A00332,C0266,2025-07-10,Withdrawal,2444.62,App,94470.01
T0004636,A00125,C0104,2026-02-04,Bill Payment,4843.98,POS,48873.6
T0007670,A00200,C0164,2026-04-14,Bill Payment,4781.68,ATM,186393.02
T0012753,A00344,C0276,2026-02-17,Purchase,6724.21,POS,69660.08
T0007919,A00207,C0170,2026-02-11,Airtime,379.41,Branch,249812.25
T0007729,A00202,C0165,2025-11-22,Transfer In,-15569.99,ATM,86867.32
T0011463,A00308,C0247,2025-08-31,Purchase,5950.22,EFT,104675.36
T0005654,A00151,C0125,2025-11-28,Withdrawal,7559.61,Branch,48305.74
T0001577,A00046,C0039,2025-10-27,Withdrawal,5686.0,App,47079.93
T0000787,A00024,C0022,2025-11-27,Salary Credit,15561.69,USSD,100245.59
T0009343,A00248,C0202,2026-03-26,Withdrawal,5881.64,USSD,72841.45
T0012485,A00337,C0269,2026-01-01,Transfer Out,1609.94,Branch,79819.9
T0003175,A00087,C0072,2026-01-07,Deposit,,App,21477.98
T0012818,A00346,C0278,2025-12-09,Transfer In,19389.55,ATM,65730.91
T0003334,A00092,C0077,2025-10-13,Withdrawal,43.97,App,146709.47
T0008252,A00217,C0178,2025-11-24,Transfer In,17329.9,EFT,178723.11
T0009130,A00242,C0197,2025-07-05,Withdrawal,1094.66,ATM,-17126.11
T0007962,A00209,C0172,2025-07-02,Purchase,3493.94,Branch,68396.9
T0012776,A00345,C0277,2025-08-06,Purchase,5450.82,Branch,36718.95
T0013914,A00373,C0298,2026-06-28,Purchase,4129.9,Branch,23523.59
T0001009,A00032,C0029,2025-07-27,Airtime,82.84,USSD,51863.51
T0007721,A00201,C0165,2025-08-12,Purchase,3770.69,Branch,98604.4
T0000239,A00008,C0008,2025-08-16,Withdrawal,5794.04,Branch,62941.42
T0002649,A00072,C0058,2026-01-26,Withdrawal,7440.39,USSD,58758.85
T0013299,A00358,C0287,2025-10-08,Salary Credit,23043.89,EFT,84831.49
T0010072,A00270,C0220,2025-12-03,Withdrawal,4559.84,USSD,23329.08
T0006673,A00178,C0147,2026-03-03,Withdrawal,927.62,EFT,35017.09
T0005220,A00138,C0114,2026-04-18,Bill Payment,-7637.74,ATM,51520.49
T0005911,A00157,C0131,2025-12-30,Salary Credit,6461.75,POS,66494.89
T0003568,A00099,C0083,2026-05-09,Airtime,6012.21,USSD,25835.84
T0005192,A00138,C0114,2025-07-30,Transfer Out,5652.94,App,15576.34
T0003893,A00107,C0089,2026-04-09,Airtime,875.32,EFT,30098.2
T0004356,A00119,C0098,2025-09-08,Transfer Out,696.82,USSD,144191.12
T0009915,A00265,C0217,2026-04-21,Purchase,1899.05,POS,59349.03
T0006140,A00164,C0136,2025-07-10,Purchase,4338.32,USSD,107269.57
T0002580,A00071,C0057,2025-12-14,Purchase,6135.47,App,60966.76
T0006444,A00172,C0142,2026-02-14,Airtime,2171.34,POS,17853.63
T0002221,A00061,C0050,2025-10-23,Transfer In,6209.26,USSD,84901.58
T0000729,A00022,C0020,2025-09-15,Transfer In,23127.91,ATM,137018.5
T0011506,A00310,C0249,2026-05-28,Bill Payment,6254.72,EFT,15817.91
T0013238,A00357,C0286,2026-06-15,Salary Credit,13616.58,ATM,59588.93
T0010462,A00280,C0227,2025-10-15,Bill Payment,7229.53,App,96174.41
T0011853,A00319,C0255,2026-06-14,Withdrawal,7350.06,ATM,20919.87
T0006532,A00174,C0144,2025-09-27,Deposit,4127.91,App,150328.38
T0002757,A00076,C0062,2025-11-21,Salary Credit,22338.26,ATM,25602.4
T0004384,A00119,C0098,2026-02-25,Transfer Out,3143.49,Branch,216845.23
T0010807,A00291,C0234,2025-10-07,Airtime,4566.03,POS,68920.5
T0012008,A00324,C0259,2026-04-11,Withdrawal,3801.63,ATM,28430.5
T0003424,A00096,C0081,2025-11-21,Purchase,651.05,Branch,56079.04
T0010918,A00295,C0237,2026-01-30,Purchase,7376.9,EFT,16851.95
T0012178,A00329,C0264,2025-07-14,Salary Credit,4089.04,EFT,-5337.11
T0005971,A00159,C0132,2025-08-10,Deposit,10226.83,ATM,38765.6
T0009143,A00242,C0197,2026-04-10,Deposit,9189.89,USSD,-584.26
T0012662,A00342,C0274,2025-08-27,Transfer In,22777.79,App,190252.3
T0008263,A00218,C0179,2025-12-01,Transfer In,4528.46,POS,10220.68
T0005313,A00141,C0117,2025-07-25,Withdrawal,1002.09,Branch,67539.43
T0005560,A00148,C0122,2025-09-15,Salary Credit,20793.34,POS,68226.13
T0003003,A00084,C0069,2026-03-27,Transfer In,20154.08,POS,56757.57
T0009491,A00253,C0205,2025-09-03,Salary Credit,13055.12,POS,10543.9
T0003432,A00096,C0081,2025-07-27,Transfer Out,5212.31,ATM,55749.95
T0004575,A00124,C0103,2025-12-21,Salary Credit,2136.73,USSD,74005.43
T0002434,A00068,C0056,2026-01-24,Transfer In,4702.32,App,31600.4
T0002348,A00066,C0054,2025-07-06,Deposit,7637.49,EFT,17080.98
T0008352,A00220,C0180,2025-09-26,Deposit,8697.78,Branch,110827.09
T0004252,A00117,C0097,2025-08-09,Withdrawal,6295.69,USSD,57767.51
T0001386,A00041,C0036,2025-10-26,Transfer Out,5092.37,Branch,69228.32
T0004703,A00126,C0104,2026-01-19,Transfer In,24656.44,App,132469.68
T0004985,A00133,C0110,2025-12-26,Transfer Out,5010.96,USSD,7863.53
T0000374,A00012,C0012,2025-07-01,Bill Payment,4185.91,App,92456.82
T0007562,A00199,C0163,2025-10-27,Salary Credit,16094.73,ATM,47018.69
T0013200,A00356,C0285,2025-12-23,Deposit,6936.37,POS,29485.13
T0003005,A00084,C0069,2026-05-07,Purchase,7031.74,USSD,48186.25
T0011440,A00307,C0246,2025-10-07,Purchase,1428.11,Branch,58652.6
T0001252,A00038,C0033,2025-08-10,Deposit,3525.13,ATM,110462.97
T0000532,A00016,C0015,2025-10-11,Airtime,1264.81,App,12436.87
T0013284,A00357,C0286,2026-04-16,Airtime,7773.75,EFT,124906.74
T0003671,A00102,C0084,2026-04-29,Transfer Out,522.17,POS,11023.58
T0007490,A00197,C0161,2026-04-03,Purchase,1968.79,Branch,53396.94
T0011722,A00315,C0253,2026-02-11,Transfer Out,5840.7,POS,35101.69
T0000704,A00021,C0019,2025-10-03,Withdrawal,5571.32,EFT,16155.7
T0010046,A00269,C0219,2025-10-13,Transfer In,6948.86,Branch,82333.72
T0002222,A00061,C0050,2025-10-19,Purchase,119.1,App,84782.48
T0010553,A00282,C0228,2025-12-31,Airtime,4267.09,EFT,8226.15
T0009054,A00239,C0194,2025-11-13,Transfer In,717.63,POS,137294.75
T0006256,A00167,C0138,2026-02-10,Withdrawal,4023.3,EFT,55942.39
T0010321,A00277,C0225,2026-02-03,Airtime,6216.75,ATM,91748.15
T0002527,A00069,C0056,2026-04-28,Purchase,3765.24,EFT,162805.86
T0007131,A00188,C0154,2026-06-28,Airtime,3348.36,USSD,96093.25
T0000807,A00025,C0023,2026-04-20,Purchase,6400.62,EFT,80147.65
T0011572,A00311,C0250,2026-02-28,Deposit,16561.75,Branch,63275.27
T0012954,A00349,C0280,2026-02-11,Airtime,3540.69,ATM,9146.42
T0008213,A00216,C0177,2026-06-29,Purchase,6253.5,USSD,64225.32
T0003640,A00101,C0084,2025-07-02,Airtime,5061.83,ATM,16864.79
T0002333,A00065,C0054,2025-11-21,Transfer In,24405.51,ATM,18591.84
T0005470,A00145,C0120,2025-12-30,Purchase,3257.92,EFT,110571.0
T0006602,A00176,C0146,2026-06-23,Withdrawal,6798.15,USSD,38335.21
T0009126,A00242,C0197,2025-08-22,Withdrawal,280.17,USSD,-19481.17
T0002556,A00070,C0057,2026-01-26,Salary Credit,11118.94,EFT,48645.84
T0002584,A00071,C0057,2025-08-26,Transfer In,4135.96,App,69347.92
T0001237,A00038,C0033,2025-10-21,Withdrawal,6379.45,ATM,29635.61
T0005815,A00154,C0128,2025-12-12,Transfer Out,128.96,EFT,139762.44
T0005161,A00137,C0113,2026-05-20,Deposit,21556.35,EFT,46668.23
T0002999,A00083,C0068,2025-09-12,Salary Credit,24081.07,ATM,51249.81
T0001940,A00055,C0046,2026-04-17,Withdrawal,4538.19,App,25033.95
T0003836,A00106,C0088,2025-12-09,Transfer Out,5952.98,EFT,17637.41
T0005090,A00135,C0112,2026-02-07,Bill Payment,4807.59,POS,12113.1
T0009526,A00254,C0206,2026-05-19,Purchase,1025.15,USSD,33604.24
T0013752,A00370,C0296,2025-11-01,Deposit,23377.8,USSD,46146.1
T0005039,A00134,C0111,2026-06-27,Airtime,3262.93,EFT,38424.91
T0011452,A00307,C0246,2025-11-15,Transfer In,3711.94,App,148880.73
T0012703,A00343,C0275,2026-03-08,Deposit,3036.61,App,57155.22
T0003865,A00106,C0088,2025-07-01,Transfer In,,App,71676.03
T0009674,A00258,C0210,2025-10-02,Bill Payment,2425.37,ATM,101245.24
T0008339,A00220,C0180,2025-07-25,Airtime,2027.57,App,1766.22
T0001306,A00039,C0034,2026-03-21,Bill Payment,,USSD,83530.39
T0008350,A00220,C0180,2026-01-03,Salary Credit,13414.93,EFT,79736.16
T0013169,A00355,C0284,2025-12-13,Purchase,3178.59,USSD,60583.4
T0005125,A00136,C0112,2025-08-06,Salary Credit,20802.83,ATM,70540.25
T0013131,A00354,C0283,2025-11-22,Purchase,4308.1,ATM,59672.49
T0010224,A00274,C0223,2026-04-28,Salary Credit,20048.07,Branch,80489.67
T0001130,A00035,C0031,2026-02-01,Salary Credit,7974.42,Branch,112044.05
T0000119,A00004,C0004,2025-10-11,Transfer In,15805.78,App,88615.61
T0012869,A00347,C0279,2026-05-03,Bill Payment,6203.34,EFT,174525.55
T0012063,A00325,C0260,2025-10-09,Deposit,10192.92,ATM,59185.99
T0010601,A00284,C0230,2026-03-30,Purchase,7777.55,App,56054.3
T0005375,A00143,C0118,2026-04-05,Transfer In,19409.44,USSD,-21162.45
T0003011,A00084,C0069,2026-04-14,Transfer Out,3880.99,POS,69280.05
T0004265,A00117,C0097,2025-07-21,Transfer In,12892.16,POS,91564.99
T0000848,A00026,C0024,2025-10-09,Withdrawal,281.69,POS,99545.91
T0007006,A00185,C0152,2026-03-23,Salary Credit,13277.57,POS,71833.67
T0003116,A00086,C0071,2025-09-23,Bill Payment,6788.01,ATM,8046.56
T0006669,A00178,C0147,2025-10-19,Deposit,8091.32,ATM,38265.81
T0004277,A00117,C0097,2025-12-19,Transfer Out,4437.29,Branch,111956.22
T0002449,A00068,C0056,2025-07-08,Withdrawal,707.04,POS,200049.62
T0005999,A00159,C0132,2025-10-14,Salary Credit,7077.07,Branch,119533.03
T0003790,A00104,C0086,2025-09-02,Deposit,4803.84,App,44369.32
T0005818,A00154,C0128,2026-06-15,Bill Payment,2534.19,ATM,134362.5
T0006299,A00168,C0139,2025-08-13,Withdrawal,6073.27,USSD,60237.43
T0009722,A00260,C0212,2026-06-13,Transfer In,6835.03,App,94111.47
T0011208,A00301,C0242,2025-12-08,Withdrawal,5334.89,USSD,82106.75
T0009351,A00248,C0202,2025-07-29,Transfer Out,703.08,EFT,84420.73
T0013196,A00355,C0284,2025-10-25,Bill Payment,3986.08,Branch,82189.38
T0005882,A00156,C0130,2026-04-11,Deposit,,USSD,60955.0
T0003063,A00085,C0070,2026-04-18,Airtime,1043.06,EFT,28146.96
T0003248,A00090,C0075,2026-02-20,Bill Payment,,Branch,77114.12
T0009939,A00265,C0217,2025-10-09,Salary Credit,19045.01,ATM,70290.15
T0001607,A00046,C0039,2026-02-05,Purchase,2874.8,USSD,87880.94
T0000462,A00014,C0014,2025-08-26,Salary Credit,15481.46,POS,90466.78
T0013492,A00363,C0290,2025-11-01,Deposit,4303.63,ATM,57495.98
T0007394,A00194,C0159,2026-03-21,Transfer Out,2703.57,USSD,68424.32
T0003581,A00099,C0083,2025-10-01,Purchase,2546.93,POS,37313.31
T0012514,A00338,C0270,2025-09-15,Withdrawal,7852.71,App,45632.48
T0012277,A00331,C0265,2026-02-05,Bill Payment,4208.94,App,4005.99
T0007234,A00190,C0156,2025-12-13,Transfer In,16330.17,POS,69042.8
T0013401,A00360,C0288,2026-06-04,Transfer Out,,POS,103713.63
T0004513,A00122,C0101,2025-11-28,Deposit,15457.86,Branch,138174.71
T0001127,A00035,C0031,2026-02-04,Deposit,21361.11,EFT,87410.73
T0006516,A00174,C0144,2026-05-18,Transfer In,6980.0,USSD,62236.63
T0005380,A00144,C0119,2025-10-22,Deposit,5732.09,ATM,13727.94
T0005414,A00144,C0119,2025-09-29,Transfer Out,4649.55,USSD,174615.49
T0003014,A00084,C0069,2025-08-22,Bill Payment,443.71,USSD,60480.4
T0004806,A00128,C0106,2026-01-13,Bill Payment,4748.37,ATM,54099.49
T0009089,A00240,C0195,2026-06-27,Airtime,5499.85,ATM,191359.57
T0005257,A00140,C0116,2025-11-03,Airtime,1693.16,POS,29943.59
T0009865,A00264,C0216,2025-09-14,Transfer Out,7280.04,Branch,20704.13
T0004956,A00132,C0109,2025-10-19,Transfer Out,6257.52,POS,90816.77
T0003117,A00086,C0071,2025-07-14,Transfer In,11734.99,POS,19781.55
T0009955,A00266,C0217,2026-04-14,Deposit,4446.5,USSD,35400.89
T0003441,A00096,C0081,2025-11-10,Transfer Out,6756.25,USSD,94591.78
T0008731,A00230,C0187,2026-01-13,Transfer In,16557.29,Branch,85510.11
T0005905,A00156,C0130,2026-06-17,Salary Credit,9545.08,USSD,189347.48
T0011738,A00315,C0253,2026-02-14,Transfer Out,5215.34,App,70588.82
T0000104,A00003,C0003,2026-02-23,Transfer Out,6822.81,USSD,147324.56
T0005787,A00154,C0128,2025-11-21,Bill Payment,7221.98,USSD,9246.65
T0001149,A00035,C0031,2025-09-04,Transfer Out,4684.49,USSD,136867.36
T0013679,A00367,C0293,2025-08-03,Transfer Out,4597.98,Branch,20141.15
T0005793,A00154,C0128,2026-05-11,Bill Payment,4109.99,Branch,29460.75
T0001447,A00042,C0036,2025-11-15,Withdrawal,1385.45,ATM,59128.21
T0000041,A00001,C0001,2026-04-22,Purchase,4537.81,Branch,85535.5
T0009500,A00253,C0205,2026-05-21,Transfer In,15165.9,Branch,49609.42
T0009148,A00242,C0197,2025-07-06,Salary Credit,1855.96,POS,28350.04
T0013130,A00354,C0283,2025-10-13,Bill Payment,7014.22,ATM,63980.59
T0011517,A00310,C0249,2025-11-27,Airtime,2135.42,USSD,13708.43
T0000918,A00029,C0027,2025-10-29,Withdrawal,4576.37,App,9963.23
T0004896,A00130,C0107,2025-09-15,Airtime,5076.29,POS,236729.23
T0001260,A00038,C0033,2025-08-05,Transfer In,1397.46,ATM,192140.2
T0010292,A00276,C0224,2026-02-24,Airtime,3663.67,App,32392.74
T0009928,A00265,C0217,2025-12-15,Airtime,7079.29,EFT,75905.24
T0000040,A00001,C0001,2026-03-11,Transfer Out,2596.46,POS,90073.31
T0000135,A00005,C0005,2026-02-09,Salary Credit,16264.59,POS,24497.57
T0005866,A00156,C0130,2025-07-08,Salary Credit,189.73,POS,17323.5
T0008099,A00212,C0173,2025-10-18,Salary Credit,561.68,App,56561.43
T0009295,A00247,C0201,2026-03-08,Transfer In,10790.11,Branch,41396.02
T0011542,A00311,C0250,2026-03-31,Transfer Out,4252.96,USSD,8130.45
T0007071,A00186,C0153,2025-09-14,Salary Credit,8731.27,USSD,189542.08
T0000300,A00010,C0010,2025-12-17,Salary Credit,17771.26,ATM,34794.83
T0010826,A00292,C0235,2026-02-01,Transfer Out,4254.43,EFT,23796.27
T0006566,A00175,C0145,2025-09-23,Salary Credit,1006.88,Branch,124267.86
T0010387,A00279,C0226,2025-11-17,Transfer In,,USSD,54815.23
T0008215,A00216,C0177,2026-03-29,Transfer Out,,USSD,58299.27
T0011562,A00311,C0250,2025-09-25,Withdrawal,4006.28,App,56854.5
T0012020,A00324,C0259,2026-04-18,Bill Payment,4326.67,ATM,50215.38
T0012410,A00334,C0267,2026-06-28,Salary Credit,10159.0,Branch,106514.84
T0006160,A00165,C0137,2026-02-12,Transfer In,6113.9,USSD,3400.45
T0013615,A00365,C0292,2025-11-10,Transfer In,2170.95,USSD,34766.85
T0009231,A00244,C0199,2026-03-11,Transfer In,11330.44,POS,94933.61
T0013530,A00363,C0290,2026-01-01,Transfer In,4919.74,EFT,195988.15
T0009561,A00255,C0207,2026-03-03,Purchase,7001.32,App,73174.46
T0012958,A00349,C0280,2026-06-24,Deposit,11682.36,EFT,69135.01
T0010588,A00284,C0230,2026-02-05,Salary Credit,10255.25,EFT,44754.0
T0003486,A00097,C0081,2025-11-24,Bill Payment,1849.32,EFT,85142.75
T0006966,A00184,C0151,2026-06-22,Purchase,6059.68,ATM,22044.38
T0011468,A00308,C0247,2026-06-20,Deposit,1684.68,USSD,104262.72
T0010380,A00279,C0226,2026-05-28,Salary Credit,14477.78,ATM,27220.4
T0009691,A00259,C0211,2025-08-31,Transfer In,19799.39,USSD,82164.01
T0010449,A00280,C0227,2026-05-29,Deposit,3013.7,App,88085.36
T0008134,A00214,C0175,2025-11-20,Transfer Out,5697.5,ATM,61030.3
T0010591,A00284,C0230,2026-03-22,Salary Credit,8975.29,USSD,53850.17
T0008236,A00217,C0178,2025-07-10,Withdrawal,2892.6,Branch,118189.8
T0013592,A00365,C0292,2025-09-16,Bill Payment,4685.87,App,20351.23
T0010384,A00279,C0226,2025-11-24,Bill Payment,7186.72,POS,47408.41
T0010469,A00280,C0227,2025-08-08,Airtime,397.73,App,90224.58
T0011488,A00309,C0248,2026-02-21,Bill Payment,7286.96,ATM,59125.09
T0012473,A00337,C0269,2026-04-21,Deposit,6597.56,Branch,52685.7
T0007726,A00202,C0165,2026-04-15,Transfer Out,2915.58,ATM,66440.06
T0008265,A00218,C0179,2025-08-16,Bill Payment,5388.47,POS,-163.46
T0008959,A00236,C0191,2025-08-09,Purchase,6915.01,Branch,39100.77
T0012285,A00331,C0265,2026-04-05,Bill Payment,6911.87,ATM,-27976.55
T0007978,A00209,C0172,2026-04-25,Purchase,7805.53,POS,99191.76
T0011870,A00319,C0255,2026-02-25,Salary Credit,19710.35,POS,45090.99
T0008132,A00214,C0175,2025-07-16,Salary Credit,8271.51,USSD,73678.08
T0007231,A00190,C0156,2025-09-21,Withdrawal,1001.67,Branch,55510.31
T0005898,A00156,C0130,2025-12-12,Salary Credit,18729.34,ATM,173277.66
T0010478,A00280,C0227,2025-07-15,Deposit,20858.73,App,120803.35
T0006705,A00178,C0147,2025-07-03,Salary Credit,20929.68,EFT,116372.94
T0000759,A00023,C0021,2026-02-18,Purchase,3110.9,USSD,69928.96
T0002485,A00068,C0056,2026-06-16,Salary Credit,24866.49,EFT,292933.24
T0007280,A00191,C0156,2026-05-21,Transfer In,8109.09,Branch,87212.49
T0008770,A00231,C0188,2026-05-11,Deposit,8839.78,POS,97450.89
T0008907,A00234,C0190,2026-04-11,Deposit,7282.35,App,107280.99
T0001060,A00033,C0030,2025-08-11,Withdrawal,516.31,EFT,36219.7
T0000461,A00014,C0014,2026-01-28,Transfer In,21351.7,Branch,74985.32
T0012715,A00343,C0275,2026-01-16,Deposit,9861.38,EFT,88688.5
T0002164,A00060,C0050,2025-10-05,Bill Payment,3627.79,POS,39999.27
T0013755,A00370,C0296,2025-09-02,Withdrawal,4293.2,USSD,50667.18
T0000609,A00018,C0016,2026-03-03,Salary Credit,19951.63,EFT,80812.59
T0007620,A00200,C0164,2025-11-08,Transfer Out,4388.54,App,19781.46
T0002227,A00062,C0051,2026-04-03,Airtime,634.78,Branch,15427.3
T0010676,A00287,C0231,2025-08-05,Withdrawal,2867.12,POS,34858.5
T0005339,A00142,C0117,2025-09-18,Withdrawal,5999.1,ATM,87103.44
T0005191,A00138,C0114,2026-05-05,Airtime,2762.94,POS,21229.28
T0011641,A00312,C0250,2025-12-17,Bill Payment,7529.24,ATM,108719.48
T0009963,A00266,C0217,2026-06-15,Withdrawal,3477.39,Branch,16300.95
T0006128,A00164,C0136,2026-03-07,Withdrawal,945.63,App,89806.9
T0003928,A00108,C0090,2025-08-03,Transfer Out,4701.76,App,-33057.9
T0013474,A00362,C0289,2025-07-02,Withdrawal,997.75,POS,88484.82
T0002717,A00074,C0060,2026-03-18,Transfer In,,POS,39154.32
T0009056,A00239,C0194,2025-07-13,Purchase,3153.34,Branch,153850.82
T0003434,A00096,C0081,2025-12-06,Transfer In,17988.02,POS,67201.68
T0002419,A00067,C0055,2026-04-06,Deposit,13164.52,EFT,167178.51
T0002544,A00069,C0056,2025-12-08,Withdrawal,1135.02,App,259659.2
T0008517,A00225,C0183,2026-04-15,Withdrawal,2906.05,POS,48797.43
T0010518,A00282,C0228,2025-10-26,Transfer Out,2266.95,ATM,19929.46
T0003620,A00100,C0083,2026-06-30,Airtime,4315.84,POS,-19028.85
T0000582,A00018,C0016,2025-12-19,Purchase,1313.75,USSD,47899.49
T0007002,A00185,C0152,2026-01-18,Deposit,14097.26,POS,72919.09
T0000229,A00008,C0008,2025-07-25,Withdrawal,,USSD,66158.09
T0001851,A00052,C0044,2026-06-08,Salary Credit,12306.53,POS,153590.92
T0006906,A00183,C0151,2026-01-15,Withdrawal,3704.12,Branch,22062.93
T0000183,A00006,C0006,2025-07-29,Purchase,543.62,EFT,63293.9
T0006405,A00171,C0141,2026-02-25,Deposit,3051.77,Branch,91550.92
T0004212,A00116,C0096,2026-05-06,Bill Payment,1492.46,POS,64880.16
T0006308,A00169,C0140,2025-07-01,Airtime,5966.1,POS,10828.55
T0003601,A00099,C0083,2026-06-16,Airtime,589.54,Branch,68756.95
T0013227,A00356,C0285,2025-12-06,Transfer Out,2797.25,ATM,178863.96
T0003161,A00086,C0071,2025-07-02,Bill Payment,3704.57,App,112857.3
T0007584,A00199,C0163,2026-06-19,Bill Payment,3361.51,POS,71649.19
T0014095,A00376,C0300,2025-07-18,Transfer In,14577.48,USSD,237861.82
T0008383,A00222,C0181,2026-04-06,Airtime,7326.14,EFT,34415.38
T0011206,A00301,C0242,2026-01-26,Transfer In,13925.24,Branch,90529.46
T0000372,A00012,C0012,2026-05-04,Deposit,21956.04,App,80123.85
T0012663,A00342,C0274,2025-09-03,Transfer Out,1418.56,USSD,188833.74
T0009090,A00240,C0195,2025-10-26,Transfer Out,751.18,USSD,190608.39
T0006257,A00167,C0138,2025-08-09,Salary Credit,,Branch,56236.28
T0001918,A00054,C0045,2026-05-21,Transfer Out,5696.55,POS,92131.35
T0002260,A00062,C0051,2025-09-18,Airtime,7503.79,POS,98446.81
T0008612,A00227,C0185,2026-06-05,Transfer In,16550.5,POS,154283.31
T0004569,A00123,C0102,2026-01-06,Transfer In,6305.42,USSD,81110.49
T0001910,A00054,C0045,2026-05-06,Transfer Out,7733.94,POS,67454.16
T0001763,A00051,C0043,2025-12-02,Airtime,6246.06,USSD,66521.86
T0012675,A00343,C0275,2025-08-31,Withdrawal,814.03,Branch,12005.28
T0000874,A00027,C0025,2026-06-13,Deposit,24304.61,USSD,76493.61
T0002978,A00083,C0068,2025-07-24,Deposit,23999.03,ATM,85646.48
T0000933,A00029,C0027,2025-07-18,Transfer Out,6934.23,EFT,78044.73
T0001749,A00050,C0042,2025-11-16,Deposit,2691.12,ATM,65223.03
T0002396,A00067,C0055,2026-04-20,Transfer In,17731.81,ATM,92407.88
T0010353,A00278,C0225,2026-02-15,Bill Payment,3937.49,USSD,32883.66
T0003693,A00102,C0084,2025-10-07,Salary Credit,24470.82,Branch,48841.65
T0011764,A00316,C0254,2025-12-30,Transfer In,8775.84,ATM,17291.04
T0007885,A00207,C0170,2026-06-09,Withdrawal,5907.93,App,110347.36
T0012614,A00341,C0273,2026-02-08,Withdrawal,7300.17,App,83131.06
T0007106,A00188,C0154,2026-04-13,Purchase,992.44,ATM,36963.41
T0001849,A00052,C0044,2025-11-12,Bill Payment,5055.59,Branch,148309.95
T0007660,A00200,C0164,2026-02-08,Withdrawal,3741.57,Branch,175377.95
T0008292,A00218,C0179,2025-07-05,Salary Credit,20161.27,ATM,81095.96
T0007029,A00186,C0153,2026-05-11,Withdrawal,6203.81,EFT,13582.34
T0008432,A00223,C0182,2025-07-25,Transfer Out,5820.76,ATM,6745.51
T0012350,A00332,C0266,2025-09-26,Transfer In,5208.98,ATM,157691.86
T0010030,A00268,C0219,2025-11-09,Airtime,2187.18,POS,45908.9
T0009872,A00264,C0216,2026-05-15,Transfer Out,204.45,ATM,76283.99
T0002039,A00057,C0047,2025-10-14,Salary Credit,11533.9,EFT,80746.56
T0006601,A00176,C0146,2026-02-22,Withdrawal,6185.36,App,45133.36
T0007563,A00199,C0163,2026-05-02,Transfer Out,1251.79,Branch,45766.9
T0000458,A00014,C0014,2025-11-05,Purchase,5725.21,EFT,56577.43
T0005766,A00153,C0127,2026-06-12,Transfer In,14935.78,App,63824.48
T0005163,A00137,C0113,2026-04-26,Airtime,6599.29,POS,39489.23
T0013035,A00350,C0281,2025-08-09,Deposit,3265.97,USSD,75226.73
T0011028,A00297,C0239,2025-07-31,Salary Credit,9269.15,ATM,11685.09
T0003535,A00098,C0082,2026-04-19,Salary Credit,3314.31,App,98020.17
T0006499,A00174,C0144,2026-05-01,Airtime,2786.42,USSD,32074.42
T0000169,A00006,C0006,2026-05-01,Transfer Out,2571.6,App,47265.45
T0000868,A00027,C0025,2026-01-23,Withdrawal,1878.3,EFT,36165.6
T0001417,A00041,C0036,2025-11-05,Transfer Out,6138.49,USSD,122669.32
T0011451,A00307,C0246,2026-05-28,Deposit,13164.0,EFT,145168.79
T0003422,A00096,C0081,2026-04-15,Salary Credit,24779.09,EFT,64429.05
T0004628,A00124,C0103,2025-11-05,Purchase,969.38,App,199965.45
T0013618,A00365,C0292,2026-06-30,Bill Payment,-1803.48,EFT,54273.31
T0013542,A00364,C0291,2026-06-10,Transfer In,4587.58,EFT,78868.55
T0011589,A00311,C0250,2025-08-12,Withdrawal,5813.66,Branch,48891.48
T0007845,A00206,C0169,2026-05-21,Deposit,6387.21,EFT,29941.79
T0008116,A00213,C0174,2025-09-02,Bill Payment,1415.41,App,57804.3
T0001641,A00047,C0040,2026-05-28,Withdrawal,1195.37,USSD,96180.65
T0012102,A00326,C0261,2025-09-10,Salary Credit,4774.51,App,112048.73
T0000968,A00031,C0029,2026-04-14,Salary Credit,11498.22,USSD,51314.26
T0008772,A00231,C0188,2026-05-09,Bill Payment,4955.13,App,88919.78
T0004020,A00110,C0091,2026-04-08,Deposit,2481.82,Branch,150602.09
T0003369,A00094,C0079,2025-10-17,Airtime,2671.88,USSD,20608.25
T0007534,A00198,C0162,2025-07-23,Deposit,4648.14,App,73232.79
T0012657,A00342,C0274,2025-10-25,Salary Credit,10377.18,EFT,118026.44
T0006429,A00171,C0141,2026-03-01,Transfer In,11519.09,Branch,160924.62
T0002370,A00067,C0055,2025-11-06,Transfer Out,6039.29,App,8596.77
T0012601,A00341,C0273,2026-03-21,Transfer In,2785.73,App,47059.84
T0005758,A00153,C0127,2026-06-20,Purchase,4135.48,Branch,34727.1
T0004021,A00110,C0091,2025-10-03,Bill Payment,2163.73,App,148438.36
T0013006,A00350,C0281,2026-01-10,Transfer Out,6207.46,Branch,116126.09
T0008864,A00233,C0189,2026-01-29,Transfer In,15319.39,Branch,110444.39
T0005178,A00137,C0113,2026-01-15,Bill Payment,277.21,EFT,740.77
T0002127,A00059,C0049,2025-10-26,Transfer In,5122.37,Branch,99571.53
T0008944,A00235,C0190,2026-02-26,Airtime,254.64,USSD,143852.66
T0008636,A00228,C0185,2026-04-20,Deposit,2160.48,EFT,-17749.52
T0012479,A00337,C0269,2026-05-04,Withdrawal,6873.75,POS,74313.86
T0001225,A00037,C0032,2026-01-20,Deposit,367.36,ATM,94577.09
T0004753,A00127,C0105,2025-12-11,Deposit,15385.83,ATM,50302.51
T0010737,A00288,C0232,2026-04-27,Salary Credit,3616.49,POS,86481.06
T0004351,A00119,C0098,2026-02-25,Transfer In,5173.43,USSD,99674.78
T0005034,A00134,C0111,2026-04-24,Salary Credit,15644.62,ATM,65433.28
T0007262,A00191,C0156,2025-09-25,Transfer In,17668.36,EFT,17934.23
T0001752,A00050,C0042,2026-03-31,Bill Payment,5461.89,POS,57053.86
T0011751,A00315,C0253,2025-08-28,Transfer In,17772.54,Branch,189019.83
T0008251,A00217,C0178,2026-02-08,Transfer Out,2128.34,POS,161393.21
T0009134,A00242,C0197,2026-04-18,Transfer Out,131.79,USSD,-6823.7
T0000628,A00019,C0017,2025-12-11,Salary Credit,16810.99,ATM,65578.34
T0004601,A00124,C0103,2026-04-17,Transfer Out,-5856.43,App,135196.16
T0013226,A00356,C0285,2026-05-30,Deposit,8683.39,USSD,181661.21
T0005696,A00151,C0125,2026-01-20,Transfer Out,990.08,USSD,191598.8
T0003521,A00098,C0082,2026-01-06,Salary Credit,18003.49,Branch,86156.01
T0006787,A00180,C0149,2026-02-02,Transfer In,18959.76,ATM,89225.21
T0009142,A00242,C0197,2026-01-31,Purchase,7925.72,App,-9774.15
T0009900,A00265,C0217,2025-12-30,Salary Credit,15242.91,Branch,52939.84
T0003175,A00087,C0072,2026-01-07,Deposit,,App,21477.98
T0005640,A00150,C0124,2026-05-27,Deposit,8757.31,EFT,74293.01
T0000715,A00022,C0020,2026-06-28,Salary Credit,12005.67,USSD,31179.31
T0012693,A00343,C0275,2026-01-14,Airtime,4291.64,Branch,30103.12
T0013348,A00359,C0288,2026-02-22,Deposit,22286.13,USSD,92299.04
T0002516,A00069,C0056,2026-04-16,Purchase,1991.6,USSD,154612.31
T0012497,A00338,C0270,2026-03-11,Salary Credit,,Branch,25804.09
T0011515,A00310,C0249,2026-03-21,Withdrawal,5003.45,USSD,19652.28
T0011473,A00309,C0248,2026-06-24,Bill Payment,3915.84,USSD,55562.9
T0004768,A00128,C0106,2026-06-12,Transfer Out,4036.97,EFT,52466.12
T0012606,A00341,C0273,2025-09-06,Salary Credit,15959.96,POS,88422.47
T0006975,A00184,C0151,2025-10-14,Deposit,5134.4,App,40320.03
T0012596,A00340,C0272,2025-12-01,Purchase,7876.72,App,42894.32
T0007884,A00207,C0170,2025-11-26,Bill Payment,1916.06,Branch,116255.29
T0005248,A00139,C0115,2025-07-25,Airtime,1882.2,POS,55617.54
T0010540,A00282,C0228,2026-03-21,Bill Payment,1910.41,App,4661.19
T0009700,A00259,C0211,2026-05-27,Purchase,2625.6,EFT,90304.49
T0000100,A00003,C0003,2026-06-24,Airtime,2558.1,App,171716.6
T0012352,A00332,C0266,2026-03-27,Purchase,5074.57,App,146270.24
T0004217,A00116,C0096,2026-03-02,Bill Payment,4456.7,EFT,59632.94
T0007024,A00185,C0152,2025-12-16,Airtime,7751.66,POS,148644.0
T0013635,A00366,C0293,2026-02-07,Deposit,19164.34,EFT,52942.35
T0007194,A00189,C0155,2026-05-21,Transfer Out,4353.34,ATM,142906.51
T0010557,A00283,C0229,2026-01-12,Transfer Out,4245.11,USSD,5136.38
T0007583,A00199,C0163,2026-06-28,Airtime,3875.55,ATM,75010.7
T0002635,A00072,C0058,2026-06-17,Airtime,5335.14,ATM,20029.45
T0000025,A00001,C0001,2025-11-04,Transfer Out,-7000.98,Branch,125767.58
T0005487,A00146,C0121,2026-05-06,Salary Credit,2173.72,App,122483.67
T0008412,A00222,C0181,2025-10-25,Transfer In,24395.7,ATM,137506.36
T0001163,A00036,C0032,2025-11-12,Purchase,2731.74,ATM,47168.18
T0006630,A00177,C0146,2025-12-01,Deposit,9704.11,USSD,74796.87
T0001895,A00054,C0045,2026-01-21,Deposit,7489.1,Branch,71620.34
T0013770,A00370,C0296,2025-07-30,Withdrawal,1345.34,Branch,54065.22
T0010911,A00294,C0237,2026-03-26,Transfer Out,3132.54,EFT,160049.12
T0003698,A00102,C0084,2025-12-03,Transfer Out,1069.58,App,60310.01
T0003437,A00096,C0081,2025-09-01,Salary Credit,23509.65,ATM,108036.88
T0000655,A00020,C0018,2026-06-14,Airtime,2411.89,USSD,19335.44
T0003917,A00108,C0090,2026-01-28,Withdrawal,6454.09,POS,10013.73
T0012115,A00326,C0261,2025-08-04,Deposit,6823.67,POS,139375.0
T0001466,A00043,C0037,2025-09-12,Deposit,,App,122240.57
T0012981,A00349,C0280,2025-11-21,Salary Credit,24133.61,Branch,161009.07
T0011420,A00306,C0245,2025-07-24,Purchase,4565.22,USSD,38298.79
T0004573,A00123,C0102,2026-04-09,Airtime,5988.54,ATM,66000.62
T0000321,A00010,C0010,2025-08-07,Airtime,7425.82,USSD,76096.45
T0013879,A00372,C0297,2026-06-25,Purchase,2280.22,USSD,64119.46
T0009359,A00248,C0202,2025-09-18,Withdrawal,2755.24,EFT,68468.61
T0003356,A00093,C0078,2025-08-29,Withdrawal,3084.53,ATM,-14020.31
T0011444,A00307,C0246,2025-10-31,Transfer In,11207.71,Branch,85397.08
T0007867,A00206,C0169,2025-11-26,Bill Payment,1022.97,EFT,68255.74
T0012705,A00343,C0275,2025-10-06,Transfer In,14293.88,EFT,92656.86
T0013125,A00354,C0283,2026-06-05,Airtime,7366.51,POS,36011.1
T0013476,A00362,C0289,2025-09-07,Transfer Out,4585.31,App,79689.71
T0007157,A00189,C0155,2025-10-12,Transfer Out,5024.25,App,54503.09
T0014085,A00376,C0300,2025-09-13,Salary Credit,956.04,Branch,158637.81
T0013923,A00373,C0298,2026-01-11,Deposit,8452.05,USSD,71677.2
T0002317,A00064,C0053,2026-06-03,Airtime,7204.83,EFT,96599.62
T0001511,A00045,C0038,2025-08-13,Deposit,14137.11,App,17853.45
T0001927,A00054,C0045,2025-11-07,Transfer Out,5009.66,App,124010.35
T0003992,A00110,C0091,2025-10-01,Bill Payment,417.49,Branch,40349.66
T0003809,A00104,C0086,2026-05-23,Bill Payment,7755.21,ATM,100486.2
T0009870,A00264,C0216,2026-02-12,Salary Credit,8079.74,App,66547.19
T0003132,A00086,C0071,2026-06-11,Transfer Out,6335.88,EFT,66047.44
T0004734,A00127,C0105,2025-09-15,Transfer In,17605.67,ATM,36813.98
T0005747,A00153,C0127,2025-11-17,Purchase,7019.7,ATM,51626.26
T0003825,A00105,C0087,2025-07-07,Purchase,4378.32,USSD,28935.87
T0006732,A00179,C0148,2025-09-02,Transfer In,16585.65,USSD,-39111.8
T0012682,A00343,C0275,2026-01-11,Bill Payment,1042.54,ATM,33672.48
T0009989,A00267,C0218,2026-06-09,Transfer Out,4792.29,App,45323.06
T0001251,A00038,C0033,2025-12-06,Transfer In,18474.04,POS,106937.84
T0007703,A00201,C0165,2025-08-31,Bill Payment,3138.13,POS,70580.61
T0008661,A00229,C0186,2026-04-02,Purchase,6614.83,ATM,400.37
T0001101,A00034,C0030,2025-07-01,Salary Credit,24031.75,USSD,140734.6
T0013747,A00369,C0295,2025-08-05,Salary Credit,3456.61,Branch,100254.67
T0002789,A00077,C0063,2026-06-19,Deposit,21585.86,App,172288.07
T0011630,A00312,C0250,2026-04-22,Airtime,,POS,142779.86
T0007993,A00209,C0172,2026-01-01,Salary Credit,6227.15,Branch,194156.47
T0011624,A00312,C0250,2026-02-18,Transfer In,23836.95,POS,143731.51
T0003733,A00103,C0085,2026-04-11,Bill Payment,1487.96,Branch,21592.56
T0005739,A00153,C0127,2026-05-19,Bill Payment,2623.45,USSD,73804.53
T0012274,A00331,C0265,2026-06-03,Deposit,5351.01,ATM,23608.24
T0012165,A00328,C0263,2025-09-23,Purchase,5201.09,ATM,115153.64
T0006794,A00180,C0149,2026-06-12,Deposit,22950.61,POS,80874.99
T0013448,A00361,C0289,2025-10-22,Purchase,3500.8,App,177951.36
T0011093,A00298,C0240,2025-10-30,Transfer Out,737.38,USSD,16847.24
T0009419,A00250,C0203,2026-02-05,Salary Credit,21273.08,EFT,209788.77
T0011085,A00298,C0240,2026-03-16,Bill Payment,1328.34,App,18365.17
T0005309,A00141,C0117,2025-09-28,Purchase,5812.87,Branch,51523.15
T0004660,A00125,C0104,2025-11-26,Withdrawal,5123.66,Branch,51108.38
T0010681,A00287,C0231,2025-12-07,Withdrawal,1989.18,EFT,46313.89
T0013364,A00359,C0288,2025-07-19,Transfer In,23302.76,EFT,177196.58
T0012792,A00345,C0277,2026-06-23,Withdrawal,5282.16,App,58065.35
T0004468,A00122,C0101,2025-09-04,Withdrawal,4207.88,USSD,18655.52
T0006531,A00174,C0144,2026-05-02,Withdrawal,760.82,ATM,146200.47
T0008895,A00234,C0190,2025-08-29,Deposit,,App,110160.05
T0009100,A00241,C0196,2026-03-09,Transfer Out,1946.48,Branch,21575.02
T0011095,A00298,C0240,2026-01-03,Transfer Out,2634.74,ATM,11967.47
T0003945,A00108,C0090,2025-10-14,Salary Credit,8584.08,ATM,14877.33
T0006678,A00178,C0147,2026-02-10,Airtime,6695.25,App,59633.16
T0013737,A00369,C0295,2026-05-03,Transfer In,3779.51,Branch,31282.28
T0012448,A00336,C0268,2026-05-13,Airtime,976.99,Branch,75346.5
T0010877,A00294,C0237,2026-05-12,Airtime,747.78,ATM,11672.99
T0005653,A00151,C0125,2026-05-12,Deposit,4338.51,Branch,55865.35
T0010139,A00272,C0221,2026-01-27,Salary Credit,14817.38,EFT,104611.73
T0006825,A00181,C0149,2026-03-22,Airtime,6782.57,App,-7619.18
T0008568,A00227,C0185,2025-09-11,Salary Credit,11224.22,Branch,23719.95
T0007737,A00202,C0165,2026-04-06,Salary Credit,11772.51,POS,127010.49
T0002011,A00057,C0047,2025-11-14,Salary Credit,15017.08,Branch,60464.73
T0008026,A00210,C0172,2026-04-05,Transfer In,13537.6,App,36904.81
T0001516,A00045,C0038,2026-04-27,Bill Payment,3826.09,App,-402.75
T0001920,A00054,C0045,2026-04-12,Bill Payment,5223.7,Branch,104315.63
T0002787,A00077,C0063,2025-08-11,Airtime,3697.98,Branch,131541.77
T0010467,A00280,C0227,2026-03-23,Bill Payment,1096.95,ATM,95051.22
T0012043,A00325,C0260,2025-07-14,Airtime,2413.73,POS,45711.96
T0003217,A00089,C0074,2025-12-16,Transfer In,926.68,ATM,11623.61
T0013617,A00365,C0292,2026-01-20,Withdrawal,3501.35,USSD,56076.79
T0009421,A00250,C0203,2025-12-09,Transfer In,6541.91,EFT,235654.02
T0000567,A00018,C0016,2026-05-12,Salary Credit,17227.78,ATM,49598.3
T0012551,A00339,C0271,2025-08-20,Deposit,19567.63,App,16577.56
T0002563,A00070,C0057,2025-10-27,Bill Payment,4811.48,App,71899.42
T0012003,A00324,C0259,2025-10-23,Salary Credit,18310.59,EFT,40395.91
T0004726,A00127,C0105,2025-07-13,Bill Payment,5041.01,EFT,27053.81
T0008816,A00232,C0188,2025-12-24,Transfer Out,985.92,Branch,30888.78
T0009225,A00244,C0199,2026-02-14,Deposit,-16040.82,Branch,92489.01
T0000623,A00019,C0017,2026-06-12,Purchase,1657.39,EFT,53319.62
T0002786,A00077,C0063,2026-05-16,Salary Credit,1878.74,POS,135239.75
T0009938,A00265,C0217,2026-03-13,Airtime,7350.09,EFT,51245.14
T0001981,A00056,C0047,2026-03-13,Transfer In,1201.77,App,79953.7
T0007732,A00202,C0165,2025-07-26,Bill Payment,3387.79,USSD,94173.5
T0011308,A00303,C0243,2025-12-09,Transfer Out,1722.44,POS,67115.58
T0001550,A00045,C0038,2025-12-13,Airtime,133.21,ATM,30886.99
T0013186,A00355,C0284,2026-01-22,Transfer Out,6390.9,ATM,87791.18
T0012515,A00338,C0270,2026-06-03,Transfer Out,7861.21,USSD,37771.27
T0006446,A00172,C0142,2026-06-08,Purchase,3290.96,EFT,35952.49
T0005149,A00136,C0112,2026-03-15,Airtime,1123.93,ATM,105657.49
T0004716,A00127,C0105,2025-11-23,Airtime,3027.22,Branch,8393.29
T0002665,A00072,C0058,2026-02-18,Transfer Out,4319.56,App,49234.56
T0005983,A00159,C0132,2026-04-12,Withdrawal,2890.29,USSD,68538.61
T0012200,A00329,C0264,2026-03-09,Deposit,10060.64,USSD,38473.26
T0000973,A00031,C0029,2026-06-12,Withdrawal,-7101.19,USSD,46686.05
T0010197,A00273,C0222,2025-07-03,Transfer In,21047.76,App,66368.74
T0001725,A00049,C0042,2025-10-30,Withdrawal,7200.36,EFT,158838.27
T0013515,A00363,C0290,2026-05-07,Deposit,9127.56,App,141808.98
T0010134,A00272,C0221,2025-11-25,Withdrawal,5269.03,EFT,42737.01
T0012888,A00348,C0279,2025-08-02,Deposit,10925.46,USSD,74549.17
T0013223,A00356,C0285,2026-03-21,Deposit,22882.01,EFT,180512.03
T0007529,A00198,C0162,2025-12-04,Withdrawal,,USSD,53344.94
T0001140,A00035,C0031,2025-07-29,Transfer Out,4893.69,App,138090.95
T0004630,A00124,C0103,2025-07-27,Bill Payment,4782.56,USSD,197334.68
T0003715,A00102,C0084,2026-05-25,Transfer In,15475.39,USSD,97904.66
T0002985,A00083,C0068,2026-03-17,Bill Payment,6342.52,EFT,89962.78
T0012781,A00345,C0277,2025-10-26,Deposit,22355.54,ATM,52150.64
T0005120,A00136,C0112,2025-10-01,Transfer In,7173.76,Branch,33220.06
T0002158,A00060,C0050,2026-06-03,Transfer Out,2642.43,USSD,-766.98
T0013687,A00367,C0293,2026-01-11,Withdrawal,7287.81,App,10473.26
T0012552,A00339,C0271,2025-07-15,Airtime,5816.21,App,10761.35
T0008073,A00212,C0173,2025-08-08,Withdrawal,3380.74,Branch,44802.99
T0014107,A00376,C0300,2025-08-06,Salary Credit,22312.94,App,221564.92
T0006483,A00173,C0143,2026-03-22,Airtime,3558.85,POS,59485.25
T0003796,A00104,C0086,2026-01-22,Transfer Out,5567.48,USSD,66776.27
T0002340,A00065,C0054,2025-08-26,Transfer In,24043.22,USSD,36668.22
T0004776,A00128,C0106,2026-05-15,Airtime,6113.51,POS,54794.82
T0006490,A00174,C0144,2026-01-03,Salary Credit,17170.47,POS,34310.32
T0010354,A00278,C0225,2025-10-09,Airtime,2414.17,App,30469.49
T0004507,A00122,C0101,2025-09-28,Deposit,3447.24,ATM,82289.09
T0001218,A00037,C0032,2025-08-18,Bill Payment,5595.19,ATM,91892.22
T0007904,A00207,C0170,2026-02-02,Salary Credit,4130.89,EFT,235149.14
T0007309,A00192,C0157,2025-07-28,Purchase,5422.33,ATM,87764.7
T0000178,A00006,C0006,2026-01-07,Deposit,8512.87,Branch,60942.21
T0006870,A00182,C0150,2026-02-10,Airtime,4291.81,POS,51547.41
T0000995,A00031,C0029,2025-07-09,Withdrawal,5929.32,ATM,77229.27
T0011492,A00309,C0248,2025-11-18,Withdrawal,977.6,App,40706.95
T0002220,A00061,C0050,2025-11-03,Purchase,5346.82,EFT,78692.32
T0011859,A00319,C0255,2025-09-09,Transfer Out,4793.14,EFT,9453.89
T0013793,A00370,C0296,2025-11-18,Deposit,20349.21,App,146025.36
T0008474,A00223,C0182,2025-09-21,Bill Payment,1182.36,Branch,160496.44
T0002496,A00069,C0056,2026-01-15,Purchase,6184.25,ATM,52474.89
T0004643,A00125,C0104,2026-03-01,Deposit,16617.09,USSD,65015.15
T0009501,A00253,C0205,2025-12-16,Transfer In,10042.83,ATM,59652.25
T0004632,A00124,C0103,2025-12-20,Purchase,7986.76,USSD,188797.81
T0003076,A00085,C0070,2026-01-24,Salary Credit,14154.26,EFT,95074.29
T0008904,A00234,C0190,2026-03-26,Purchase,6506.71,USSD,108834.83
T0002244,A00062,C0051,2025-08-31,Airtime,731.06,POS,91629.92
T0012686,A00343,C0275,2025-08-27,Purchase,94.64,POS,11438.44
T0009703,A00259,C0211,2025-11-16,Transfer In,11000.38,USSD,93742.22
T0005896,A00156,C0130,2026-01-03,Salary Credit,6798.86,USSD,159675.55
T0001227,A00037,C0032,2026-06-02,Transfer In,17868.18,EFT,124615.78
T0004116,A00113,C0093,2026-05-16,Deposit,20487.86,App,130538.22
T0003167,A00087,C0072,2025-12-15,Airtime,4715.05,USSD,-18615.99
T0010879,A00294,C0237,2025-08-14,Salary Credit,12065.52,Branch,48124.97
T0001134,A00035,C0031,2026-02-07,Deposit,14854.02,Branch,139302.6
T0012844,A00347,C0279,2025-11-16,Bill Payment,3069.11,EFT,129917.14
T0000585,A00018,C0016,2025-07-02,Transfer Out,117.42,EFT,44345.65
T0002080,A00058,C0048,2026-05-20,Purchase,2642.54,Branch,77642.65
T0009635,A00257,C0209,2025-10-03,Salary Credit,7238.48,App,13808.59
T0013836,A00371,C0296,2025-11-16,Withdrawal,3479.82,EFT,54902.62
T0008638,A00228,C0185,2025-09-13,Salary Credit,22991.67,EFT,11874.85
T0000928,A00029,C0027,2026-06-24,Airtime,7227.19,POS,61484.9
T0000999,A00032,C0029,2026-06-10,Withdrawal,,EFT,141.76
T0011325,A00304,C0244,2026-02-25,Salary Credit,15999.84,App,-8212.95
T0002429,A00068,C0056,2025-10-17,Purchase,4299.12,USSD,-1811.58
T0000075,A00003,C0003,2025-11-10,Purchase,2987.52,Branch,84224.01
T0003569,A00099,C0083,2025-07-30,Purchase,2238.39,App,23597.45
T0005013,A00133,C0110,2025-09-10,Transfer In,17216.03,Branch,86114.73
T0010382,A00279,C0226,2025-10-09,Deposit,,POS,42027.41
T0004113,A00113,C0093,2026-02-23,Salary Credit,16496.46,Branch,97434.87
T0001921,A00054,C0045,2026-02-24,Airtime,5833.36,POS,98482.27
T0005601,A00149,C0123,2025-12-15,Bill Payment,464.38,ATM,105971.03
T0004182,A00115,C0095,2026-02-18,Purchase,3228.85,POS,72681.57
T0005615,A00149,C0123,2025-08-26,Deposit,17416.71,EFT,103701.14
T0010581,A00284,C0230,2026-04-21,Purchase,1354.69,ATM,18776.43
T0010978,A00296,C0238,2026-06-19,Airtime,1252.77,App,90356.39
T0005759,A00153,C0127,2025-08-19,Withdrawal,2882.15,App,31844.95
T0001341,A00040,C0035,2025-09-25,Deposit,2491.59,ATM,118374.52
T0002776,A00077,C0063,2025-07-11,Transfer In,10204.82,POS,64698.26
T0004417,A00120,C0099,2025-09-25,Transfer Out,2176.71,App,42090.46
T0001376,A00041,C0036,2026-01-10,Withdrawal,6266.21,POS,30271.39
T0004679,A00126,C0104,2025-11-17,Airtime,3563.54,EFT,54652.74
T0001195,A00037,C0032,2025-07-16,Airtime,1128.82,Branch,77885.75
T0003935,A00108,C0090,2026-05-25,Bill Payment,441.91,ATM,-15958.14
T0002114,A00059,C0049,2026-03-16,Airtime,6325.3,POS,105736.34
T0012946,A00349,C0280,2025-07-31,Airtime,3775.34,App,-4372.4
T0009830,A00263,C0215,2026-03-05,Transfer In,9625.58,EFT,9986.7
T0013761,A00370,C0296,2026-04-06,Bill Payment,6499.8,EFT,37751.52
T0012037,A00325,C0260,2025-10-11,Transfer In,18878.06,USSD,36733.41
T0011194,A00300,C0241,2025-12-26,Purchase,932.95,ATM,86013.74
T0004030,A00110,C0091,2026-05-12,Airtime,887.63,USSD,186837.29
T0001460,A00043,C0037,2026-04-18,Salary Credit,23589.54,Branch,102364.53
T0004566,A00123,C0102,2026-04-15,Withdrawal,2154.74,EFT,84453.17
T0002976,A00083,C0068,2026-01-04,Transfer In,20456.72,POS,41657.24
T0006696,A00178,C0147,2026-04-27,Transfer In,9305.8,Branch,104774.21
T0005275,A00140,C0116,2025-08-13,Airtime,4613.35,ATM,30678.68
T0014110,A00376,C0300,2026-06-08,Withdrawal,5987.3,POS,216488.74
T0005038,A00134,C0111,2026-02-07,Withdrawal,3950.28,USSD,41687.84
T0007891,A00207,C0170,2026-05-13,Salary Credit,3634.19,POS,148749.65
T0010257,A00275,C0224,2026-04-06,Airtime,7727.15,POS,55617.75
T0002534,A00069,C0056,2026-04-04,Airtime,1651.63,POS,191251.97
T0008825,A00232,C0188,2025-07-20,Purchase,2264.79,USSD,21423.53
T0013802,A00370,C0296,2025-07-04,Bill Payment,7094.37,EFT,151308.76
T0000753,A00023,C0021,2025-09-29,Purchase,6288.23,App,22972.08
T0002186,A00061,C0050,2025-12-15,Deposit,15955.24,POS,52189.89
T0006420,A00171,C0141,2026-01-03,Transfer In,11122.82,USSD,100149.86
T0007916,A00207,C0170,2026-06-09,Withdrawal,3436.42,App,239047.85
T0000777,A00023,C0021,2025-07-17,Transfer Out,3418.7,POS,138116.1
T0013516,A00363,C0290,2026-04-25,Transfer Out,4111.62,Branch,137697.36
T0006537,A00174,C0144,2025-11-30,Transfer Out,7621.68,App,167071.98
T0010286,A00276,C0224,2026-04-09,Purchase,81.69,App,-11882.05
T0010559,A00283,C0229,2026-05-06,Deposit,,Branch,32920.96
T0001076,A00034,C0030,2026-02-16,Salary Credit,3809.67,App,59886.36
T0010956,A00295,C0237,2025-08-26,Deposit,4407.54,EFT,90581.94
T0013949,A00374,C0298,2026-06-21,Airtime,5870.94,App,14170.42
T0001794,A00051,C0043,2026-03-17,Salary Credit,2918.25,ATM,102079.19
T0011279,A00302,C0242,2025-09-30,Withdrawal,4366.99,USSD,76934.63
T0006315,A00169,C0140,2026-04-23,Transfer Out,7333.01,ATM,17563.83
T0002689,A00074,C0060,2026-06-19,Transfer In,12019.39,USSD,30579.69
T0003469,A00097,C0081,2026-05-20,Purchase,5654.57,EFT,61185.2
T0007256,A00191,C0156,2026-01-17,Withdrawal,2128.9,POS,10359.67
T0006747,A00179,C0148,2026-06-28,Bill Payment,7281.44,POS,41228.98
T0002503,A00069,C0056,2026-04-12,Bill Payment,554.17,USSD,89479.65
T0007288,A00192,C0157,2025-09-19,Salary Credit,14765.81,ATM,36720.84
T0010120,A00272,C0221,2025-11-08,Salary Credit,22166.47,App,37178.06
T0013094,A00353,C0283,2026-01-27,Transfer In,187.45,Branch,28556.8
T0008803,A00232,C0188,2025-10-28,Transfer Out,1545.72,EFT,43708.86
T0007837,A00206,C0169,2025-11-29,Bill Payment,6107.09,ATM,33309.7
T0003567,A00099,C0083,2026-01-03,Deposit,10994.74,EFT,31848.05
T0003261,A00090,C0075,2026-05-25,Salary Credit,19561.57,App,140772.03
T0012583,A00340,C0272,2026-02-23,Airtime,7761.9,USSD,-20403.38
T0000297,A00010,C0010,2026-02-15,Purchase,7867.96,ATM,21357.82
T0010749,A00289,C0233,2026-03-27,Airtime,7854.35,USSD,14130.76
T0008687,A00229,C0186,2026-01-13,Transfer Out,605.08,ATM,23334.3
T0001864,A00053,C0045,2025-08-16,Airtime,7299.58,POS,86921.33
T0010777,A00290,C0234,2025-12-02,Transfer In,620.64,Branch,-1467.19
T0004625,A00124,C0103,2026-05-06,Withdrawal,1925.96,App,199587.37
T0012914,A00348,C0279,2025-10-18,Deposit,8759.89,USSD,59239.02
T0011266,A00302,C0242,2026-01-21,Salary Credit,,EFT,68019.58
T0008548,A00226,C0184,2026-03-11,Airtime,7176.01,POS,45781.4
T0012194,A00329,C0264,2026-01-17,Transfer In,15760.32,POS,47573.42
T0001801,A00051,C0043,2026-03-18,Airtime,7520.72,POS,96531.08
T0011902,A00320,C0256,2025-09-03,Purchase,2898.18,USSD,102180.99
T0013452,A00361,C0289,2026-03-10,Airtime,5440.77,POS,163479.42
T0005474,A00146,C0121,2026-03-10,Purchase,7218.65,ATM,28217.22
T0005728,A00152,C0126,2025-09-21,Transfer In,5279.06,POS,75253.81
T0008674,A00229,C0186,2026-01-13,Purchase,7515.86,POS,5245.08
T0007739,A00202,C0165,2025-09-11,Purchase,2609.53,POS,129191.85
T0014042,A00375,C0299,2025-07-07,Transfer Out,385.02,POS,102272.65
T0007372,A00194,C0159,2026-03-05,Transfer Out,3254.82,App,29658.49
T0003673,A00102,C0084,2026-02-20,Transfer Out,5494.29,POS,6166.97
T0011847,A00318,C0255,2025-11-25,Airtime,7112.23,USSD,128387.13
T0009120,A00242,C0197,2026-02-19,Bill Payment,390.77,ATM,-12849.82
T0004764,A00128,C0106,2026-02-13,Deposit,9946.06,ATM,42527.08
T0009582,A00256,C0208,2026-05-08,Transfer Out,2924.07,ATM,26250.57
T0006077,A00163,C0135,2025-09-25,Salary Credit,12071.57,Branch,35782.36
T0006750,A00179,C0148,2025-07-27,Deposit,6103.44,App,58109.35
T0007441,A00196,C0161,2025-07-08,Withdrawal,6241.05,Branch,38644.98
T0007045,A00186,C0153,2025-09-18,Transfer Out,1525.11,ATM,43624.85
T0012226,A00330,C0264,2025-07-02,Bill Payment,2472.82,EFT,20954.17
T0007914,A00207,C0170,2025-11-24,Withdrawal,2971.39,USSD,239472.4
T0006662,A00177,C0146,2025-10-29,Airtime,3105.3,EFT,218451.8
T0009512,A00253,C0205,2025-12-07,Transfer Out,6985.34,Branch,86705.47
T0013204,A00356,C0285,2026-03-28,Salary Credit,5919.39,USSD,60893.92
T0002352,A00066,C0054,2026-04-09,Transfer In,12271.88,EFT,25022.62
T0008473,A00223,C0182,2026-05-30,Withdrawal,5654.15,POS,161678.8
T0007265,A00191,C0156,2026-06-23,Bill Payment,1722.45,EFT,7906.31
T0011748,A00315,C0253,2026-01-29,Transfer Out,5126.6,Branch,163502.65
T0011588,A00311,C0250,2025-10-27,Purchase,6831.26,Branch,54705.14
T0009149,A00242,C0197,2025-08-02,Bill Payment,4577.4,ATM,23772.64
T0001269,A00038,C0033,2026-02-23,Transfer Out,3639.75,POS,201379.75
T0002364,A00066,C0054,2025-08-01,Salary Credit,,ATM,33821.5
T0013415,A00361,C0289,2026-05-06,Deposit,1646.21,ATM,69244.36
T0002597,A00071,C0057,2026-05-24,Withdrawal,2377.44,EFT,61763.98
T0007767,A00203,C0166,2026-03-08,Airtime,4697.66,POS,105792.23
T0001964,A00056,C0047,2025-08-25,Bill Payment,3418.64,POS,47225.08
T0002969,A00082,C0067,2025-11-25,Transfer Out,1809.17,USSD,101226.13
T0009114,A00242,C0197,2025-11-04,Airtime,5507.64,POS,-15776.6
T0004091,A00112,C0093,2026-05-27,Deposit,2356.93,ATM,45707.56
T0001350,A00040,C0035,2026-03-03,Transfer Out,5555.93,POS,92419.54
T0006955,A00184,C0151,2026-01-01,Airtime,3583.22,App,29068.91
T0000969,A00031,C0029,2025-09-14,Withdrawal,2809.84,Branch,48504.42
T0006737,A00179,C0148,2025-10-20,Withdrawal,2887.25,POS,-60127.18
T0009807,A00262,C0214,2026-04-29,Salary Credit,4875.8,USSD,52346.51
T0002367,A00066,C0054,2025-12-12,Transfer In,4144.35,POS,31168.7
T0002860,A00080,C0066,2025-07-03,Salary Credit,19528.06,ATM,13161.83
T0004544,A00123,C0102,2026-05-28,Airtime,,Branch,68578.24
T0002954,A00082,C0067,2026-05-14,Airtime,5491.19,App,92349.97
T0001116,A00034,C0030,2025-07-05,Withdrawal,3712.29,EFT,153070.2
T0001208,A00037,C0032,2026-03-02,Withdrawal,3124.16,ATM,88837.28
T0004295,A00118,C0097,2026-04-27,Withdrawal,107.37,App,22885.66
T0005390,A00144,C0119,2025-09-28,Withdrawal,7686.59,App,7313.69
T0006348,A00169,C0140,2026-05-21,Transfer Out,1825.77,POS,53358.89
T0005093,A00135,C0112,2025-10-07,Deposit,20910.79,Branch,32212.12
T0009898,A00265,C0217,2026-04-12,Transfer In,22194.34,USSD,18415.09
T0008865,A00233,C0189,2026-05-24,Withdrawal,5653.06,POS,104791.33
T0004928,A00131,C0108,2025-12-27,Withdrawal,2847.69,USSD,63052.22
T0013779,A00370,C0296,2026-04-03,Transfer In,5434.2,ATM,123978.03
T0004664,A00125,C0104,2025-12-16,Transfer In,7601.93,ATM,65469.19
T0001618,A00047,C0040,2025-07-19,Deposit,,EFT,62582.1
T0008774,A00231,C0188,2025-12-29,Bill Payment,7618.74,App,74886.24
T0008887,A00234,C0190,2026-03-15,Transfer In,15653.67,App,95513.01
T0001016,A00032,C0029,2025-10-07,Salary Credit,8661.8,ATM,75337.35
T0000263,A00009,C0009,2026-01-28,Deposit,,App,115354.01
T0008355,A00220,C0180,2025-12-23,Bill Payment,6384.83,ATM,122536.75
T0009227,A00244,C0199,2025-12-11,Salary Credit,7549.87,USSD,98948.25
T0006503,A00174,C0144,2026-03-10,Transfer Out,2989.39,Branch,36089.83
T0008329,A00220,C0180,2026-01-24,Salary Credit,,POS,-8078.96
T0005848,A00155,C0129,2025-10-02,Withdrawal,4418.84,ATM,89685.92
T0010867,A00293,C0236,2025-11-20,Transfer In,20789.06,USSD,30378.05
T0007192,A00189,C0155,2026-05-19,Withdrawal,1324.95,Branch,128776.78
T0013769,A00370,C0296,2026-03-24,Deposit,11419.3,App,55410.56
T0012933,A00349,C0280,2026-03-06,Airtime,2060.06,ATM,17883.78
T0008335,A00220,C0180,2026-02-13,Bill Payment,5282.53,USSD,-13946.95
T0013029,A00350,C0281,2025-11-14,Withdrawal,1775.1,App,94405.54
T0013876,A00372,C0297,2025-12-13,Deposit,8449.66,USSD,66328.58
T0013703,A00368,C0294,2026-02-16,Salary Credit,22964.41,EFT,36915.89
T0001764,A00051,C0043,2025-11-03,Transfer Out,2564.49,App,63957.37
T0001065,A00033,C0030,2026-02-20,Purchase,7744.89,POS,39624.8
T0007332,A00193,C0158,2026-05-05,Withdrawal,4742.09,USSD,31687.73
T0000383,A00012,C0012,2026-01-28,Salary Credit,4550.12,EFT,87213.64
T0000895,A00028,C0026,2026-03-12,Airtime,1349.69,EFT,25679.1
T0013567,A00364,C0291,2026-01-19,Purchase,6184.03,Branch,161408.24
T0012511,A00338,C0270,2026-04-05,Salary Credit,7466.55,ATM,51093.14
T0002515,A00069,C0056,2025-09-13,Withdrawal,3831.95,App,156603.91
T0000490,A00014,C0014,2026-01-15,Transfer In,13149.34,POS,171295.73
T0006318,A00169,C0140,2026-03-20,Transfer In,6704.46,ATM,37201.67
T0002571,A00071,C0057,2026-05-12,Deposit,6334.74,Branch,65023.88
T0001040,A00033,C0030,2026-03-22,Withdrawal,696.53,ATM,12047.35
T0009973,A00267,C0218,2026-01-04,Transfer In,6616.95,Branch,25466.84
T0000078,A00003,C0003,2026-03-12,Salary Credit,12818.47,POS,99779.91
T0005036,A00134,C0111,2026-01-26,Airtime,7903.0,USSD,53597.43
T0008017,A00210,C0172,2026-06-13,Purchase,7713.29,App,33063.55
T0006918,A00183,C0151,2025-10-04,Withdrawal,6602.48,App,74808.76
T0000045,A00002,C0002,2025-12-02,Purchase,6997.9,App,63207.54
T0008167,A00216,C0177,2026-04-24,Purchase,7035.37,Branch,11303.1
T0004763,A00128,C0106,2025-12-10,Withdrawal,5747.79,EFT,32581.02
T0004702,A00126,C0104,2026-05-06,Transfer In,11923.49,App,107813.24
T0008199,A00216,C0177,2025-07-31,Withdrawal,2957.72,App,19092.54
T0010492,A00281,C0228,2025-10-04,Transfer Out,5411.1,App,24071.37
T0000919,A00029,C0027,2026-03-25,Transfer Out,3981.68,POS,5981.55
T0010332,A00277,C0225,2026-06-25,Airtime,789.62,Branch,148000.84
T0012786,A00345,C0277,2026-04-16,Bill Payment,252.64,EFT,37732.24
T0005167,A00137,C0113,2025-12-04,Salary Credit,11272.06,POS,35394.15
T0003666,A00102,C0084,2026-04-21,Withdrawal,1124.16,Branch,20329.3
T0007370,A00194,C0159,2025-10-01,Airtime,6513.35,EFT,34809.09
T0001616,A00047,C0040,2025-10-30,Deposit,7197.42,POS,46900.38
T0006192,A00166,C0138,2026-06-14,Deposit,,EFT,84162.35
T0004559,A00123,C0102,2026-02-12,Bill Payment,6348.55,POS,92356.95
T0004349,A00119,C0098,2025-11-03,Transfer In,16868.52,EFT,101811.97
T0009811,A00262,C0214,2025-07-08,Transfer In,5955.24,App,85130.21
T0009488,A00253,C0205,2026-01-10,Transfer Out,224.69,App,7540.66
T0005789,A00154,C0128,2025-09-03,Salary Credit,2717.8,Branch,26439.62
T0000703,A00021,C0019,2025-09-05,Bill Payment,5258.03,POS,21727.02
T0007655,A00200,C0164,2026-06-10,Deposit,20406.88,EFT,181367.78
T0003043,A00084,C0069,2025-09-24,Airtime,5318.79,ATM,81086.27
T0009751,A00261,C0213,2026-06-10,Bill Payment,3892.04,App,20836.44
T0013600,A00365,C0292,2026-03-15,Purchase,1920.75,EFT,32456.62
T0013093,A00353,C0283,2025-09-18,Salary Credit,23762.93,POS,28369.35
T0013669,A00366,C0293,2026-05-17,Salary Credit,10021.96,POS,98182.85
T0004597,A00124,C0103,2026-05-14,Bill Payment,3622.95,EFT,140233.14
T0007560,A00198,C0162,2026-05-04,Bill Payment,6516.39,ATM,165299.21
T0010210,A00274,C0223,2025-10-24,Purchase,6005.12,Branch,48628.72
T0012409,A00334,C0267,2025-10-20,Deposit,14809.6,USSD,96355.84
T0001377,A00041,C0036,2025-12-04,Salary Credit,2478.96,POS,32750.35
T0010690,A00287,C0231,2025-10-22,Airtime,1426.75,EFT,68817.47
T0005538,A00147,C0121,2025-08-19,Deposit,12238.09,Branch,82505.05
T0003753,A00103,C0085,2026-02-22,Withdrawal,6563.61,POS,35171.83
T0002103,A00059,C0049,2026-04-02,Airtime,3516.23,EFT,88566.98
T0007384,A00194,C0159,2025-10-14,Airtime,1036.05,Branch,79757.3
T0014129,A00377,C0300,2025-07-01,Salary Credit,,App,32733.51
T0005980,A00159,C0132,2025-09-17,Airtime,2750.62,EFT,39499.44
T0001994,A00056,C0047,2026-02-18,Bill Payment,407.38,App,42914.32
T0006743,A00179,C0148,2025-09-20,Transfer In,13468.72,App,6466.33
T0010829,A00292,C0235,2025-08-04,Salary Credit,22937.69,ATM,51814.12
T0005466,A00145,C0120,2025-11-30,Airtime,7577.98,Branch,68522.27
T0012602,A00341,C0273,2026-04-06,Deposit,6005.7,App,53065.54
T0003009,A00084,C0069,2026-01-23,Withdrawal,5327.96,ATM,61500.93
T0007090,A00187,C0154,2025-10-03,Transfer Out,6563.96,USSD,43928.11
T0004705,A00126,C0104,2025-07-24,Transfer Out,4262.48,Branch,121491.97
T0013458,A00361,C0289,2025-10-25,Airtime,6769.09,POS,150258.53
T0002341,A00065,C0054,2025-08-12,Airtime,4830.44,App,31837.78
T0002398,A00067,C0055,2026-01-13,Purchase,4996.38,EFT,109686.37
T0006293,A00168,C0139,2026-05-18,Transfer Out,3644.03,POS,78901.26
T0003343,A00092,C0077,2025-11-12,Deposit,19479.52,EFT,166306.39
T0012051,A00325,C0260,2025-11-05,Bill Payment,2477.49,POS,43031.85
T0005612,A00149,C0123,2025-11-10,Purchase,2023.48,EFT,91202.66
T0003728,A00103,C0085,2025-10-22,Transfer In,3207.81,App,17377.47
T0001138,A00035,C0031,2025-09-02,Withdrawal,7796.71,EFT,149250.16
T0009041,A00239,C0194,2025-08-01,Bill Payment,3644.69,EFT,50580.22
T0006973,A00184,C0151,2026-04-24,Deposit,21899.0,EFT,24944.75
T0000741,A00023,C0021,2025-07-04,Purchase,7410.57,POS,34884.25
T0008859,A00233,C0189,2025-11-08,Transfer Out,3511.44,ATM,74302.09
T0014121,A00377,C0300,2025-12-18,Transfer In,,ATM,30989.37
T0006748,A00179,C0148,2026-06-24,Salary Credit,12221.19,App,53450.17
T0001133,A00035,C0031,2025-12-07,Withdrawal,5015.44,EFT,124448.58
T0011390,A00306,C0245,2025-12-04,Withdrawal,7232.16,POS,58048.55
T0000144,A00005,C0005,2025-07-01,Deposit,9709.83,ATM,9732.44
T0004343,A00119,C0098,2026-06-03,Withdrawal,4845.11,POS,57646.34
T0005944,A00157,C0131,2025-09-06,Transfer In,21708.5,EFT,118544.58
T0010736,A00288,C0232,2026-06-12,Transfer Out,6479.72,App,82864.57
T0002698,A00074,C0060,2026-04-09,Airtime,975.63,USSD,42045.07
T0004579,A00124,C0103,2026-04-22,Deposit,10382.67,USSD,70582.01
T0008467,A00223,C0182,2025-10-28,Bill Payment,5373.94,ATM,156617.84
T0008971,A00237,C0192,2025-11-15,Transfer Out,6376.26,EFT,5949.05
T0009023,A00239,C0194,2026-05-19,Transfer Out,6601.06,App,23495.86
T0011911,A00321,C0256,2026-06-15,Airtime,7030.04,Branch,16875.47
T0000670,A00020,C0018,2026-06-30,Transfer Out,3298.49,Branch,24448.61
T0006015,A00160,C0133,2025-11-12,Salary Credit,5141.78,POS,43026.89
T0013527,A00363,C0290,2026-01-04,Airtime,216.13,ATM,176623.21
T0003916,A00108,C0090,2025-09-20,Deposit,16013.89,App,16467.82
T0000245,A00009,C0009,2025-11-15,Withdrawal,2993.52,App,1785.43
T0013629,A00366,C0293,2026-01-02,Bill Payment,6583.31,EFT,24176.1
T0008483,A00224,C0183,2025-11-30,Purchase,,USSD,-24469.72
T0001984,A00056,C0047,2026-02-01,Purchase,1325.07,App,67980.67
T0002219,A00061,C0050,2025-11-28,Withdrawal,2604.21,App,84039.14
T0003086,A00085,C0070,2025-08-24,Purchase,4750.12,App,107938.31
T0000518,A00016,C0015,2025-12-26,Bill Payment,3343.84,ATM,1922.63
T0007816,A00205,C0168,2025-11-25,Withdrawal,2890.45,USSD,94254.01
T0008854,A00233,C0189,2026-01-29,Withdrawal,6881.31,EFT,76553.24
T0004288,A00118,C0097,2025-07-02,Airtime,,USSD,14099.41
T0006641,A00177,C0146,2026-02-09,Deposit,14732.11,Branch,157171.46
T0013727,A00369,C0295,2025-11-09,Transfer In,2046.19,ATM,37186.49
T0010302,A00276,C0224,2025-08-02,Withdrawal,6893.71,Branch,49230.11
T0006028,A00160,C0133,2026-02-28,Withdrawal,1632.99,USSD,61467.19
T0001523,A00045,C0038,2025-09-17,Salary Credit,,Branch,16436.98
T0005893,A00156,C0130,2025-09-15,Airtime,5327.69,ATM,110518.83
T0009081,A00240,C0195,2025-07-18,Transfer In,18156.09,USSD,136778.6
T0012947,A00349,C0280,2026-01-13,Withdrawal,785.38,ATM,-5157.78
T0014016,A00375,C0299,2026-04-28,Withdrawal,5878.39,POS,36898.1
T0001486,A00044,C0037,2026-01-13,Bill Payment,4403.73,EFT,-6153.98
T0013972,A00374,C0298,2026-02-19,Purchase,2725.4,ATM,116031.57
T0000801,A00025,C0023,2026-04-21,Purchase,3538.29,ATM,52610.03
T0000837,A00026,C0024,2025-12-02,Transfer Out,5489.84,App,67540.57
T0002490,A00069,C0056,2025-09-04,Deposit,23394.9,POS,58959.29
T0001131,A00035,C0031,2025-08-11,Deposit,24757.59,USSD,136801.64
T0002435,A00068,C0056,2025-10-14,Transfer In,19018.01,Branch,50618.41
T0005500,A00146,C0121,2026-04-24,Bill Payment,7688.85,USSD,212466.98
T0008931,A00235,C0190,2026-03-23,Bill Payment,1870.92,Branch,155767.33
T0003000,A00083,C0068,2026-02-02,Salary Credit,22481.83,USSD,73731.64
T0000133,A00005,C0005,2025-08-26,Airtime,7685.26,USSD,10938.74
T0008221,A00217,C0178,2025-11-08,Salary Credit,23138.31,App,72847.43
T0003634,A00100,C0083,2025-09-17,Bill Payment,4713.26,POS,277.85
T0006744,A00179,C0148,2026-02-15,Salary Credit,9683.14,ATM,16149.47
T0006011,A00160,C0133,2025-12-08,Withdrawal,6991.86,USSD,46664.24
T0010863,A00293,C0236,2025-09-30,Transfer In,-14154.83,ATM,12246.13
T0008734,A00230,C0187,2025-11-30,Withdrawal,3146.95,EFT,98336.28
T0008796,A00232,C0188,2025-08-29,Airtime,5965.98,EFT,41563.51
T0000195,A00007,C0007,2026-06-30,Transfer Out,3401.98,Branch,56126.56
T0012763,A00344,C0276,2025-07-27,Transfer In,16109.41,EFT,92267.4
T0008777,A00231,C0188,2025-09-25,Airtime,7193.71,Branch,60869.53
T0003071,A00085,C0070,2025-08-01,Salary Credit,17999.14,EFT,66120.94
T0012984,A00350,C0281,2025-10-12,Withdrawal,7009.53,POS,-872.08
T0013118,A00354,C0283,2025-08-12,Airtime,3336.19,ATM,41497.97
T0008429,A00223,C0182,2026-06-17,Purchase,4053.78,EFT,19680.67
T0012382,A00333,C0266,2026-01-01,Transfer In,19764.36,ATM,111339.61
T0007569,A00199,C0163,2025-12-09,Withdrawal,4465.61,EFT,70393.58
T0003312,A00092,C0077,2026-06-26,Deposit,9897.49,Branch,123106.1
T0003948,A00108,C0090,2026-02-25,Deposit,17904.97,EFT,45694.08
T0006029,A00160,C0133,2026-05-16,Bill Payment,5541.4,EFT,55925.79
T0010652,A00286,C0231,2026-06-18,Bill Payment,7272.81,Branch,41565.14
T0002651,A00072,C0058,2026-06-01,Deposit,9168.81,Branch,60426.92
T0005058,A00135,C0112,2026-05-19,Transfer Out,6659.93,ATM,23898.74
T0012739,A00344,C0276,2026-02-26,Deposit,7646.25,ATM,28762.67
T0007728,A00202,C0165,2026-06-07,Transfer In,7011.57,USSD,71297.33
T0010710,A00288,C0232,2026-02-21,Airtime,3391.31,EFT,24606.22
T0008653,A00228,C0185,2025-07-07,Bill Payment,5681.47,Branch,13498.44
T0009656,A00258,C0210,2026-04-25,Salary Credit,17426.2,USSD,60575.14
T0003844,A00106,C0088,2025-10-01,Bill Payment,4943.85,ATM,3871.55
T0001666,A00048,C0041,2026-03-05,Withdrawal,2174.1,USSD,62065.92
T0000476,A00014,C0014,2025-10-29,Bill Payment,2609.62,Branch,150387.03
T0004871,A00130,C0107,2026-05-28,Deposit,18960.96,EFT,176952.87
T0001146,A00035,C0031,2026-05-01,Withdrawal,4751.23,POS,146368.23
T0004067,A00112,C0093,2026-03-30,Transfer Out,2536.93,App,35390.36
T0005068,A00135,C0112,2025-10-05,Airtime,5213.79,App,-8929.55
T0001026,A00032,C0029,2026-05-13,Transfer In,3105.13,Branch,101436.16
T0012526,A00338,C0270,2025-10-16,Transfer Out,3075.87,POS,18603.5
T0010649,A00286,C0231,2025-08-23,Transfer Out,37.01,POS,16405.38
T0006439,A00172,C0142,2025-07-11,Purchase,5033.72,EFT,28883.73
T0012280,A00331,C0265,2025-10-29,Deposit,6704.18,POS,-3335.23
T0008175,A00216,C0177,2025-07-18,Airtime,3823.95,POS,-4990.91
T0010753,A00289,C0233,2025-09-20,Purchase,3326.88,POS,8744.54
T0000129,A00005,C0005,2026-04-04,Transfer Out,1420.94,App,-2798.33
T0002397,A00067,C0055,2026-03-08,Salary Credit,22274.87,App,114682.75
T0012396,A00334,C0267,2026-03-20,Transfer Out,390.39,EFT,27850.24
T0011036,A00297,C0239,2026-02-17,Withdrawal,971.26,App,22288.81
T0010853,A00293,C0236,2026-05-25,Transfer Out,3186.43,EFT,11318.83
T0012009,A00324,C0259,2026-06-06,Airtime,6912.74,ATM,21517.76
T0001453,A00043,C0037,2025-07-30,Deposit,20615.9,Branch,71433.78
T0014093,A00376,C0300,2025-09-14,Deposit,15906.87,POS,199371.19
T0011024,A00297,C0239,2025-11-18,Bill Payment,7491.6,ATM,-10357.72
T0004240,A00117,C0097,2025-12-05,Salary Credit,6514.92,Branch,15671.57
T0007960,A00209,C0172,2026-01-30,Deposit,17655.34,USSD,74392.56
T0006321,A00169,C0140,2026-02-04,Purchase,1840.13,POS,56892.56
T0007208,A00190,C0156,2026-05-08,Transfer In,5452.51,USSD,64065.3
T0009949,A00265,C0217,2025-07-24,Deposit,19650.43,EFT,65856.93
T0004001,A00110,C0091,2025-11-12,Bill Payment,4738.75,App,83400.54
T0007503,A00197,C0161,2025-08-16,Purchase,7466.61,ATM,43005.07
T0002248,A00062,C0051,2025-11-11,Bill Payment,1620.85,USSD,75050.67
T0014102,A00376,C0300,2025-08-30,Bill Payment,7834.6,App,215842.34
T0003056,A00085,C0070,2026-05-30,Transfer Out,6217.66,Branch,30755.24
T0003758,A00103,C0085,2025-10-20,Deposit,5327.01,EFT,41428.66
T0006258,A00167,C0138,2026-05-09,Purchase,4787.62,ATM,51448.66
T0008031,A00210,C0172,2026-01-08,Bill Payment,4653.88,App,79236.2
T0009613,A00256,C0208,2025-07-05,Transfer Out,5433.51,Branch,124366.91
T0000574,A00018,C0016,2026-06-19,Purchase,3719.36,App,49030.92
T0000235,A00008,C0008,2025-10-10,Transfer In,19471.18,ATM,69465.48
T0003871,A00107,C0089,2026-04-24,Salary Credit,18526.31,EFT,45663.92
T0006778,A00180,C0149,2026-05-06,Deposit,23575.26,App,52842.98
T0010398,A00279,C0226,2026-05-28,Salary Credit,5887.12,POS,21815.98
T0002165,A00060,C0050,2025-11-12,Salary Credit,3033.7,POS,43032.97
T0006878,A00182,C0150,2026-06-17,Salary Credit,20226.55,Branch,100332.29
T0010091,A00270,C0220,2025-07-13,Airtime,315.72,USSD,81710.23
T0012999,A00350,C0281,2026-03-10,Transfer In,9776.43,USSD,90877.53
T0003736,A00103,C0085,2026-03-20,Deposit,2628.03,App,43820.03
T0005744,A00153,C0127,2025-07-25,Deposit,,EFT,60415.93
T0000115,A00004,C0004,2026-01-12,Bill Payment,1399.0,ATM,57887.5
T0004024,A00110,C0091,2025-12-23,Deposit,23539.92,ATM,190487.73
T0008085,A00212,C0173,2025-07-18,Airtime,5171.68,App,-8797.06
T0003785,A00104,C0086,2025-07-03,Airtime,7314.62,POS,25970.03
T0010741,A00288,C0232,2025-08-29,Withdrawal,5611.99,POS,71241.08
T0004612,A00124,C0103,2026-05-05,Deposit,6236.55,ATM,148398.52
T0012444,A00336,C0268,2025-10-17,Bill Payment,5889.4,EFT,50452.25
T0008631,A00228,C0185,2026-03-24,Bill Payment,757.06,POS,-13114.97
T0014008,A00375,C0299,2026-03-04,Bill Payment,5236.91,POS,57457.42
T0004353,A00119,C0098,2026-03-02,Deposit,23145.28,ATM,146698.11
T0001919,A00054,C0045,2026-02-12,Salary Credit,17407.98,App,109539.33
T0003651,A00101,C0084,2025-10-06,Purchase,5317.32,ATM,93583.59
T0002656,A00072,C0058,2026-06-24,Purchase,79.36,Branch,45843.03
T0007130,A00188,C0154,2025-11-03,Airtime,685.41,POS,99441.61
T0000116,A00004,C0004,2025-11-18,Transfer Out,3579.17,POS,54308.33
T0007083,A00186,C0153,2025-10-20,Transfer In,13556.13,App,212650.34
T0011762,A00316,C0254,2026-01-20,Airtime,783.17,EFT,16324.61
T0001374,A00041,C0036,2026-05-24,Withdrawal,2915.3,Branch,29623.8
T0003472,A00097,C0081,2025-09-06,Purchase,1694.37,ATM,48266.71
T0009733,A00260,C0212,2026-03-26,Deposit,9998.57,ATM,191234.76
T0012972,A00349,C0280,2026-01-31,Bill Payment,7001.12,ATM,118686.63
T0005853,A00155,C0129,2025-07-22,Deposit,22453.12,ATM,123551.95
T0011378,A00306,C0245,2026-04-14,Withdrawal,396.25,Branch,47751.64
T0002822,A00078,C0064,2026-01-27,Transfer Out,6907.41,POS,98390.59
T0000326,A00011,C0011,2025-09-11,Withdrawal,353.35,EFT,16646.34
T0013465,A00362,C0289,2026-03-03,Purchase,6691.26,Branch,75288.8
T0002510,A00069,C0056,2026-01-07,Deposit,,POS,132777.07
T0005826,A00154,C0128,2026-04-15,Transfer Out,6398.58,App,125076.85
T0007423,A00195,C0160,2025-09-08,Deposit,-16756.64,ATM,101008.21
T0000392,A00012,C0012,2026-03-11,Salary Credit,366.69,POS,92489.33
T0002782,A00077,C0063,2026-04-05,Withdrawal,1947.13,Branch,107203.32
T0013450,A00361,C0289,2025-12-11,Purchase,3248.13,App,174408.5
T0002993,A00083,C0068,2026-04-27,Transfer In,1911.43,USSD,49416.09
T0008035,A00210,C0172,2026-01-13,Deposit,17195.73,EFT,139890.08
T0008253,A00217,C0178,2026-05-05,Bill Payment,6419.7,ATM,172303.41
T0005541,A00147,C0121,2026-06-17,Transfer Out,7571.5,App,83288.84
T0012926,A00348,C0279,2025-12-10,Bill Payment,1450.31,Branch,88878.52
T0000029,A00001,C0001,2026-04-18,Airtime,4267.6,ATM,104801.93
T0003257,A00090,C0075,2026-04-10,Purchase,3035.81,POS,112747.7
T0009769,A00261,C0213,2026-02-17,Withdrawal,2133.62,ATM,60994.91
T0002115,A00059,C0049,2025-12-18,Withdrawal,5880.78,POS,99855.56
T0000474,A00014,C0014,2026-03-24,Withdrawal,2041.44,ATM,131391.57
T0014029,A00375,C0299,2026-03-25,Transfer Out,316.07,POS,45471.94
T0000024,A00001,C0001,2026-02-11,Transfer In,24745.42,USSD,132768.56
T0010655,A00286,C0231,2026-04-21,Purchase,2297.34,USSD,32334.28
T0005421,A00144,C0119,2026-03-02,Bill Payment,6659.0,App,151473.6
T0011857,A00319,C0255,2025-09-02,Deposit,12772.95,Branch,15475.77
T0002714,A00074,C0060,2026-04-14,Transfer In,2142.02,USSD,20837.77
T0004741,A00127,C0105,2026-06-24,Bill Payment,3155.5,EFT,55545.59
T0000825,A00026,C0024,2026-02-23,Transfer In,,Branch,23388.01
T0001005,A00032,C0029,2026-02-09,Transfer In,2243.73,ATM,22926.83
T0000612,A00019,C0017,2026-06-13,Airtime,,POS,45408.67
T0003774,A00103,C0085,2025-12-23,Salary Credit,5220.48,ATM,111080.83
T0003980,A00109,C0091,2025-08-20,Purchase,1889.0,POS,-34292.09
T0001530,A00045,C0038,2025-12-08,Airtime,686.25,EFT,1173.72
T0002094,A00059,C0049,2025-07-03,Bill Payment,461.35,USSD,7633.84
T0012046,A00325,C0260,2026-05-01,Transfer Out,7219.28,POS,31629.21
T0003341,A00092,C0077,2025-07-07,Deposit,10004.81,POS,151209.82
T0004791,A00128,C0106,2026-05-27,Transfer In,12144.95,App,70386.55
T0008927,A00235,C0190,2026-03-28,Purchase,3029.0,EFT,163303.51
T0003474,A00097,C0081,2026-03-18,Deposit,15905.04,Branch,63021.51
T0001759,A00051,C0043,2025-11-22,Deposit,7921.73,ATM,85437.46
T0012613,A00341,C0273,2026-04-05,Transfer Out,7318.36,EFT,90431.23
T0002847,A00079,C0065,2025-12-20,Bill Payment,632.42,App,28440.17
T0004886,A00130,C0107,2025-07-16,Withdrawal,7349.28,Branch,196447.27
T0004782,A00128,C0106,2025-11-22,Deposit,6871.29,EFT,68539.13
T0012022,A00324,C0259,2025-10-27,Bill Payment,3097.75,ATM,41253.4
T0002377,A00067,C0055,2025-12-28,Bill Payment,3730.26,EFT,-11599.1
T0009719,A00260,C0212,2025-08-31,Salary Credit,7944.63,EFT,97245.31
T0010866,A00293,C0236,2026-02-19,Purchase,58.38,ATM,9588.99
T0010782,A00291,C0234,2025-11-10,Withdrawal,4955.28,App,21227.47
T0000618,A00019,C0017,2026-02-17,Transfer Out,1744.8,App,24068.41
T0003456,A00096,C0081,2026-06-29,Purchase,4154.42,USSD,191890.98
T0001050,A00033,C0030,2026-03-24,Transfer Out,1725.6,Branch,58428.35
T0000796,A00024,C0022,2026-02-13,Salary Credit,7671.65,Branch,153163.82
T0001499,A00044,C0037,2026-05-27,Deposit,7240.55,USSD,91300.81
T0013625,A00366,C0293,2026-06-12,Airtime,4247.62,Branch,42652.38
T0009935,A00265,C0217,2026-01-20,Airtime,3194.14,ATM,72359.15
T0005816,A00154,C0128,2026-04-24,Airtime,1056.57,USSD,138705.87
T0004500,A00122,C0101,2025-09-04,Purchase,4297.4,USSD,85299.61
T0013550,A00364,C0291,2025-09-21,Purchase,4111.76,ATM,82264.62
T0012421,A00335,C0268,2026-05-30,Transfer In,11319.53,USSD,5438.47
T0011906,A00321,C0256,2025-12-20,Bill Payment,6210.38,USSD,39367.33
T0009136,A00242,C0197,2026-05-01,Purchase,1349.26,EFT,11681.01
T0007666,A00200,C0164,2026-01-03,Purchase,4990.7,POS,165522.4
T0006849,A00182,C0150,2026-03-14,Purchase,2103.75,ATM,32492.64
T0013806,A00370,C0296,2025-11-17,Bill Payment,3538.75,App,172193.96
T0006765,A00180,C0149,2025-07-04,Salary Credit,24586.8,App,45402.69
T0011951,A00322,C0257,2026-04-01,Deposit,12315.5,ATM,44572.98
T0009417,A00250,C0203,2026-04-02,Transfer In,20598.74,ATM,183114.27
T0010851,A00293,C0236,2025-10-05,Deposit,19567.32,App,20072.02
T0012499,A00338,C0270,2026-05-20,Purchase,5160.99,Branch,19930.26
T0009919,A00265,C0217,2026-04-08,Transfer Out,3940.47,EFT,36199.53
T0003885,A00107,C0089,2025-09-10,Withdrawal,5515.97,ATM,34095.28
T0009316,A00247,C0201,2025-10-24,Purchase,5933.64,App,18490.09
T0003055,A00085,C0070,2025-12-20,Transfer In,13450.1,EFT,36972.9
T0000061,A00003,C0003,2026-01-17,Transfer Out,5176.43,ATM,6619.16
T0012146,A00328,C0263,2025-08-08,Salary Credit,13938.36,USSD,96621.22
T0001332,A00040,C0035,2026-01-17,Transfer Out,7875.43,ATM,97882.77
T0005412,A00144,C0119,2026-04-27,Salary Credit,16940.43,ATM,160233.46
T0008016,A00210,C0172,2026-05-02,Transfer In,4405.73,USSD,40776.84
T0009625,A00257,C0209,2025-10-21,Deposit,3151.8,EFT,4297.71
T0000267,A00010,C0010,2026-06-02,Airtime,5732.99,USSD,21813.1
T0000231,A00008,C0008,2026-02-28,Purchase,1659.85,App,60932.61
T0004955,A00132,C0109,2026-02-11,Transfer In,16949.8,ATM,97074.29
T0009901,A00265,C0217,2026-02-02,Transfer Out,2178.05,App,50761.79
T0010903,A00294,C0237,2025-08-12,Transfer In,16347.5,App,128994.63
T0002131,A00059,C0049,2025-10-14,Bill Payment,4729.93,ATM,113537.39
T0000427,A00013,C0013,2025-09-13,Purchase,,EFT,49784.08
T0010815,A00292,C0235,2026-04-03,Airtime,1750.82,App,24678.84
T0008480,A00224,C0183,2025-12-06,Airtime,7543.28,ATM,-15280.08
T0012518,A00338,C0270,2026-06-08,Withdrawal,5070.0,ATM,26855.46
T0007378,A00194,C0159,2025-12-28,Salary Credit,11423.87,USSD,46057.72
T0002140,A00060,C0050,2026-04-16,Deposit,3285.91,USSD,10609.88
T0009976,A00267,C0218,2026-03-21,Purchase,4371.84,EFT,36664.2
T0010733,A00288,C0232,2025-12-16,Withdrawal,2450.63,POS,83416.28
T0006578,A00175,C0145,2026-04-07,Withdrawal,32.48,USSD,163316.68
T0013083,A00352,C0282,2026-02-09,Airtime,5879.14,App,-43354.22
T0003057,A00085,C0070,2025-09-29,Withdrawal,-739.0,POS,30016.24
T0011180,A00300,C0241,2026-04-20,Salary Credit,24170.94,Branch,37276.0
T0007218,A00190,C0156,2025-09-19,Deposit,21317.28,ATM,76889.36
T0002766,A00076,C0062,2025-10-10,Purchase,2374.1,EFT,80804.37
T0000062,A00003,C0003,2026-03-11,Bill Payment,919.69,POS,5699.47
T0007094,A00187,C0154,2026-03-21,Airtime,883.64,EFT,34832.88
T0002059,A00058,C0048,2025-09-14,Deposit,6559.59,USSD,66565.32
T0012316,A00332,C0266,2025-12-20,Withdrawal,2371.13,App,55440.31
T0004015,A00110,C0091,2026-02-02,Purchase,476.51,POS,120408.94
T0013228,A00356,C0285,2026-01-06,Purchase,7555.93,Branch,171308.03
T0003951,A00108,C0090,2026-06-12,Bill Payment,2025.49,App,67830.32
T0005754,A00153,C0127,2026-01-16,Withdrawal,3498.43,EFT,21509.08
T0012338,A00332,C0266,2025-10-26,Deposit,12095.85,ATM,107936.49
T0006759,A00179,C0148,2026-02-04,Deposit,12004.79,App,105667.16
T0011803,A00317,C0254,2026-01-20,Withdrawal,4311.02,Branch,13682.66
T0010243,A00275,C0224,2026-04-15,Purchase,1012.17,EFT,48826.25
T0007390,A00194,C0159,2026-03-15,Withdrawal,3743.73,App,81707.17
T0010556,A00283,C0229,2026-03-31,Transfer Out,1945.13,App,9381.49
T0004713,A00127,C0105,2026-02-16,Purchase,1830.7,Branch,5678.57
T0013140,A00354,C0283,2025-09-19,Purchase,3171.74,USSD,63192.76
T0007842,A00206,C0169,2025-12-24,Deposit,4614.82,ATM,18297.35
T0003872,A00107,C0089,2025-07-05,Airtime,2415.61,App,43248.31
T0006474,A00173,C0143,2025-11-13,Deposit,-24463.94,POS,60658.88
T0001846,A00052,C0044,2026-03-12,Transfer Out,1071.7,App,135407.16
T0012826,A00347,C0279,2025-12-05,Transfer In,11500.5,ATM,48031.16
T0006129,A00164,C0136,2025-12-01,Bill Payment,2077.2,USSD,87729.7
T0003987,A00109,C0091,2025-08-01,Salary Credit,3150.33,Branch,-12221.28
T0013935,A00373,C0298,2026-01-27,Purchase,4926.79,USSD,74053.81
T0010886,A00294,C0237,2025-09-28,Deposit,8329.73,USSD,95984.55
T0005126,A00136,C0112,2025-12-17,Salary Credit,3196.85,ATM,73737.1
T0000360,A00012,C0012,2026-05-05,Withdrawal,5295.65,Branch,-20780.36
T0006908,A00183,C0151,2025-11-20,Bill Payment,2704.12,App,38543.3
T0000394,A00012,C0012,2026-06-23,Transfer In,15418.23,Branch,108844.43
T0005345,A00142,C0117,2025-07-04,Withdrawal,2191.4,EFT,77311.46
T0007878,A00207,C0170,2026-03-13,Salary Credit,12630.8,Branch,56054.12
T0011207,A00301,C0242,2025-10-29,Purchase,3087.82,POS,87441.64
T0006418,A00171,C0141,2025-12-29,Transfer In,6949.4,Branch,71076.2
T0003353,A00093,C0078,2025-08-18,Withdrawal,141.56,POS,-127.83
T0001369,A00040,C0035,2025-09-12,Transfer In,1856.9,USSD,80031.73
T0006533,A00174,C0144,2026-05-09,Transfer In,17180.71,USSD,167509.09
T0012333,A00332,C0266,2025-07-09,Transfer In,430.25,ATM,96914.63
T0013584,A00365,C0292,2025-10-06,Purchase,460.35,ATM,48728.26
T0000752,A00023,C0021,2026-05-12,Salary Credit,1178.61,POS,29260.31
T0008314,A00219,C0180,2025-12-15,Bill Payment,483.78,EFT,105167.4
T0001206,A00037,C0032,2025-07-30,Airtime,4157.88,EFT,99878.41
T0001144,A00035,C0031,2026-05-14,Withdrawal,2730.14,App,155830.21
T0000646,A00019,C0017,2025-11-02,Purchase,7791.66,Branch,59444.78
T0011816,A00317,C0254,2026-02-11,Airtime,1861.91,POS,15775.99
T0003590,A00099,C0083,2025-09-16,Airtime,846.48,POS,65552.08
T0004869,A00130,C0107,2025-08-18,Withdrawal,5981.03,EFT,146080.08
T0008395,A00222,C0181,2026-03-10,Transfer Out,5062.96,Branch,49931.27
T0007537,A00198,C0162,2025-08-24,Bill Payment,7131.84,Branch,59753.64
T0005745,A00153,C0127,2025-09-07,Purchase,1940.2,USSD,58475.73
T0003972,A00109,C0091,2026-03-01,Airtime,6113.93,EFT,-8355.71
T0003133,A00086,C0071,2026-04-13,Purchase,3717.61,POS,62329.83
T0004756,A00127,C0105,2025-07-03,Purchase,1195.81,EFT,38664.3
T0003246,A00090,C0075,2026-05-25,Purchase,1576.0,POS,84742.05
T0003377,A00094,C0079,2025-07-28,Purchase,4418.57,POS,12769.94
T0012782,A00345,C0277,2026-05-01,Airtime,1540.76,EFT,50609.88
T0004997,A00133,C0110,2025-12-04,Salary Credit,10767.43,App,61531.03
T0011676,A00313,C0251,2026-02-16,Transfer In,3093.15,Branch,128722.78
T0007873,A00206,C0169,2025-07-01,Salary Credit,14047.49,Branch,95236.79
T0006240,A00166,C0138,2026-06-02,Withdrawal,3419.71,App,212985.87
T0006869,A00182,C0150,2025-08-13,Transfer Out,6811.13,ATM,55839.22
T0013556,A00364,C0291,2026-05-04,Salary Credit,23043.25,EFT,140968.41
T0011257,A00302,C0242,2026-01-29,Purchase,1666.41,USSD,29306.5
T0000219,A00008,C0008,2026-01-13,Deposit,1039.36,Branch,59265.66
T0013216,A00356,C0285,2025-07-26,Deposit,19311.33,USSD,119340.87
T0007290,A00192,C0157,2025-12-15,Purchase,1688.02,EFT,30523.21
T0010636,A00286,C0231,2026-06-30,Bill Payment,2849.16,App,-5115.82
T0001983,A00056,C0047,2025-12-07,Bill Payment,5408.68,Branch,69305.74
T0001670,A00048,C0041,2026-01-10,Withdrawal,7724.32,USSD,39631.2
T0008414,A00222,C0181,2025-11-01,Transfer In,17318.4,ATM,161926.42
T0010370,A00278,C0225,2026-06-16,Bill Payment,1902.83,Branch,139111.16
T0011888,A00319,C0255,2026-06-15,Withdrawal,495.68,EFT,126133.78
T0000196,A00007,C0007,2026-02-21,Transfer Out,1761.31,POS,54365.25
T0003768,A00103,C0085,2026-04-21,Transfer In,19702.89,ATM,80678.84
T0008135,A00214,C0175,2025-10-17,Purchase,6585.75,ATM,54444.55
T0004885,A00130,C0107,2026-04-12,Airtime,7677.54,Branch,203796.55
T0004320,A00118,C0097,2026-04-29,Airtime,2474.57,App,10362.05
T0010537,A00282,C0228,2025-11-26,Transfer Out,1211.67,POS,11001.35
T0004183,A00115,C0095,2026-01-29,Purchase,5217.23,Branch,67464.34
T0000241,A00008,C0008,2026-02-23,Deposit,2585.24,App,76999.77
T0009497,A00253,C0205,2025-12-23,Purchase,4569.16,EFT,37694.43
T0006924,A00183,C0151,2025-07-03,Transfer In,1730.78,App,89025.32
T0008050,A00211,C0173,2026-01-04,Salary Credit,11063.48,USSD,76972.12
T0012436,A00335,C0268,2025-07-13,Withdrawal,2871.37,ATM,27374.92
T0002214,A00061,C0050,2025-12-13,Deposit,2875.87,POS,104314.11
T0003914,A00108,C0090,2026-02-12,Bill Payment,6821.36,Branch,4250.9
T0001197,A00037,C0032,2025-10-24,Bill Payment,3417.24,USSD,94747.5
T0013666,A00366,C0293,2026-02-16,Salary Credit,23563.64,EFT,77675.21
T0013378,A00360,C0288,2025-10-03,Transfer In,22941.7,POS,56290.88
T0003573,A00099,C0083,2026-04-24,Deposit,2362.59,ATM,26288.67
T0000272,A00010,C0010,2025-10-19,Salary Credit,20631.4,Branch,33948.69
T0004033,A00110,C0091,2025-10-22,Airtime,5224.69,POS,183583.07
T0010847,A00293,C0236,2025-12-06,Bill Payment,5249.32,ATM,14606.52
T0010424,A00279,C0226,2025-09-10,Bill Payment,956.44,ATM,103087.41
T0008444,A00223,C0182,2026-01-29,Transfer Out,467.78,POS,25567.05
T0005424,A00144,C0119,2026-04-16,Salary Credit,3877.35,POS,161858.6
T0002311,A00064,C0053,2026-02-07,Transfer Out,1168.99,USSD,44237.58
T0000120,A00004,C0004,2026-01-12,Airtime,3847.88,Branch,84767.73
T0013092,A00353,C0283,2026-05-22,Airtime,5344.25,Branch,4606.42
T0004954,A00132,C0109,2025-09-12,Purchase,7316.75,EFT,80124.49
T0012730,A00343,C0275,2025-07-01,Purchase,7744.05,POS,74607.53
T0001373,A00041,C0036,2025-09-02,Withdrawal,5478.15,Branch,32539.1
T0010904,A00294,C0237,2025-09-12,Withdrawal,5978.82,App,123015.81
T0003452,A00096,C0081,2026-02-03,Deposit,15144.96,POS,207770.02
T0002804,A00078,C0064,2025-09-26,Bill Payment,5842.21,App,49389.06
T0009981,A00267,C0218,2025-07-02,Salary Credit,20727.14,EFT,59025.92
T0011360,A00305,C0244,2025-11-26,Deposit,5342.2,POS,155616.34
T0014094,A00376,C0300,2025-09-25,Deposit,23913.15,USSD,223284.34
T0003310,A00092,C0077,2025-11-30,Bill Payment,7321.74,Branch,102015.26
T0004339,A00119,C0098,2025-09-11,Deposit,3502.85,App,59864.92
T0005672,A00151,C0125,2025-12-11,Salary Credit,15227.37,USSD,112041.75
T0005821,A00154,C0128,2025-09-04,Transfer In,6769.17,Branch,129894.95
T0002148,A00060,C0050,2025-07-24,Bill Payment,6104.77,ATM,22130.01
T0003685,A00102,C0084,2026-03-05,Transfer Out,5340.72,ATM,1213.48
T0013028,A00350,C0281,2025-07-20,Purchase,5271.42,Branch,96180.64
T0011228,A00301,C0242,2025-11-03,Transfer Out,7350.94,App,87336.97
T0009925,A00265,C0217,2025-09-29,Deposit,17309.3,App,75225.8
T0009657,A00258,C0210,2026-04-29,Bill Payment,5190.77,App,55384.37
T0012937,A00349,C0280,2025-12-19,Bill Payment,2869.53,EFT,36524.33
T0005323,A00142,C0117,2026-01-02,Withdrawal,5235.9,ATM,55613.03
T0000934,A00029,C0027,2026-02-27,Bill Payment,7413.45,EFT,70631.28
T0000194,A00007,C0007,2025-07-05,Transfer In,6384.52,Branch,59528.54
T0009486,A00253,C0205,2026-01-15,Withdrawal,2098.25,App,-9010.15
T0008668,A00229,C0186,2026-02-11,Salary Credit,-296.75,USSD,-3474.19
T0007392,A00194,C0159,2026-05-30,Transfer Out,3851.69,USSD,74452.77
T0013473,A00362,C0289,2026-04-10,Bill Payment,2644.91,EFT,89482.57
T0001780,A00051,C0043,2025-11-18,Withdrawal,7990.47,Branch,88236.62
T0000233,A00008,C0008,2026-05-15,Purchase,3362.23,POS,52270.3
T0005978,A00159,C0132,2025-09-26,Airtime,6530.2,App,48563.56
T0005368,A00143,C0118,2026-03-12,Withdrawal,2096.16,ATM,-50314.0
T0005757,A00153,C0127,2026-03-08,Bill Payment,2408.6,EFT,38862.58
T0000862,A00026,C0024,2025-12-07,Salary Credit,5724.25,EFT,195224.44
T0000163,A00005,C0005,2026-01-28,Transfer In,13884.69,POS,48438.5
T0003051,A00085,C0070,2025-09-05,Purchase,353.97,App,16872.4
T0000961,A00030,C0028,2025-09-11,Transfer Out,952.4,ATM,90537.23
T0007944,A00208,C0171,2026-03-14,Salary Credit,9927.09,ATM,62789.49
T0001318,A00040,C0035,2026-04-21,Withdrawal,5159.01,USSD,71158.06
T0007373,A00194,C0159,2025-08-26,Salary Credit,9822.28,POS,39480.77
T0013490,A00363,C0290,2026-06-08,Purchase,987.24,App,55187.83
T0005413,A00144,C0119,2025-08-10,Salary Credit,19031.58,ATM,179265.04
T0003404,A00095,C0080,2026-01-09,Purchase,3639.85,ATM,76050.37
T0010041,A00269,C0219,2025-08-20,Transfer In,19443.83,POS,74271.75
T0013828,A00371,C0296,2025-10-04,Deposit,7664.0,EFT,82219.61
T0000523,A00016,C0015,2025-09-14,Purchase,2702.62,USSD,25277.16
T0007730,A00202,C0165,2025-10-04,Transfer In,18425.3,POS,105292.62
T0011913,A00321,C0256,2025-11-13,Deposit,18250.92,POS,30083.58
T0012578,A00340,C0272,2026-04-20,Bill Payment,6997.74,USSD,4228.37
T0005352,A00143,C0118,2026-04-14,Purchase,-3130.86,ATM,10138.21
T0011818,A00317,C0254,2025-10-25,Bill Payment,7458.56,POS,1922.41
T0003017,A00084,C0069,2025-10-20,Purchase,7654.39,Branch,52693.76
T0007889,A00207,C0170,2026-03-14,Transfer Out,77.02,Branch,135937.76
T0011551,A00311,C0250,2026-02-27,Airtime,397.57,Branch,14980.03
T0013057,A00351,C0281,2026-01-10,Airtime,3307.91,POS,-38841.57
T0000688,A00021,C0019,2026-05-23,Purchase,1702.64,Branch,22209.1
T0013767,A00370,C0296,2025-10-02,Transfer Out,4191.81,App,44784.76
T0006865,A00182,C0150,2026-05-31,Transfer In,18731.74,ATM,76854.32
T0001497,A00044,C0037,2025-09-15,Purchase,3768.72,POS,87832.33
T0005415,A00144,C0119,2026-02-17,Airtime,7301.02,Branch,167314.47
T0007079,A00186,C0153,2026-06-19,Deposit,15825.36,ATM,181676.08
T0011559,A00311,C0250,2025-08-11,Bill Payment,,EFT,55375.13
T0010053,A00269,C0219,2025-10-05,Salary Credit,9206.09,POS,113114.66
T0000109,A00003,C0003,2026-02-22,Withdrawal,6435.1,App,182403.76
T0003243,A00090,C0075,2025-08-01,Transfer In,22453.75,Branch,63271.88
T0006282,A00168,C0139,2026-06-18,Deposit,6404.0,EFT,44086.87
T0010934,A00295,C0237,2025-10-20,Transfer In,13664.5,Branch,59217.47
T0011882,A00319,C0255,2026-06-02,Withdrawal,3808.31,Branch,102210.09
T0001063,A00033,C0030,2026-02-02,Salary Credit,17256.54,USSD,48541.57
T0002768,A00076,C0062,2025-10-13,Airtime,5024.5,Branch,75508.57
T0007421,A00195,C0160,2025-08-24,Airtime,5377.41,USSD,70832.36
T0008640,A00228,C0185,2026-02-02,Purchase,1893.61,Branch,5354.74
T0011450,A00307,C0246,2025-07-17,Transfer In,12341.29,Branch,132004.79
T0010162,A00273,C0222,2025-09-19,Withdrawal,6759.02,ATM,61762.15
T0009885,A00264,C0216,2025-08-03,Deposit,5258.7,ATM,106586.35
T0000220,A00008,C0008,2025-07-08,Airtime,6059.64,App,53206.02
T0013236,A00357,C0286,2025-09-05,Bill Payment,7236.74,EFT,41384.48
T0009586,A00256,C0208,2025-12-31,Transfer In,4558.77,EFT,53355.39
T0006913,A00183,C0151,2025-09-08,Salary Credit,19518.11,EFT,51090.84
T0013833,A00371,C0296,2026-05-03,Bill Payment,3671.36,EFT,66084.35
T0013015,A00350,C0281,2025-10-07,Deposit,19744.73,USSD,96684.61
T0008678,A00229,C0186,2025-08-08,Bill Payment,374.03,POS,17118.1
T0008095,A00212,C0173,2026-05-08,Salary Credit,6290.37,EFT,68431.29
T0014032,A00375,C0299,2026-01-10,Purchase,1185.1,ATM,55346.83
T0013061,A00352,C0282,2025-10-12,Transfer In,16250.63,USSD,10264.61
T0009977,A00267,C0218,2025-12-12,Transfer Out,4570.79,POS,32093.41
T0004025,A00110,C0091,2025-10-15,Purchase,3317.89,Branch,187169.84
T0006965,A00184,C0151,2026-02-14,Airtime,3163.42,EFT,28104.06
T0012539,A00339,C0271,2025-10-01,Transfer In,11029.56,Branch,23988.7
T0000564,A00018,C0016,2025-09-09,Purchase,-1562.21,App,35599.58
T0008847,A00233,C0189,2026-03-29,Transfer In,11161.32,POS,100279.41
T0003504,A00097,C0081,2026-05-23,Transfer In,23523.55,USSD,168326.26
T0013936,A00373,C0298,2025-12-15,Bill Payment,749.79,Branch,73304.02
T0012432,A00335,C0268,2026-01-14,Airtime,2181.31,Branch,9371.13
T0000658,A00020,C0018,2025-11-28,Deposit,9293.65,App,38207.24
T0000291,A00010,C0010,2026-02-17,Withdrawal,4936.55,POS,-34672.57
T0011967,A00322,C0257,2025-08-03,Transfer In,20686.74,App,139871.82
T0003077,A00085,C0070,2026-01-05,Bill Payment,7146.48,App,87927.81
T0001720,A00049,C0042,2026-03-05,Bill Payment,7701.19,ATM,171230.85
T0010596,A00284,C0230,2026-06-20,Purchase,2908.9,Branch,36403.99
T0010965,A00296,C0238,2026-04-02,Purchase,1446.68,Branch,36949.0
T0007866,A00206,C0169,2026-04-17,Withdrawal,4581.79,ATM,69278.71
T0012823,A00347,C0279,2025-08-06,Bill Payment,2744.63,EFT,-824.13
T0011776,A00316,C0254,2025-09-20,Deposit,13029.26,USSD,66880.07
T0005825,A00154,C0128,2025-08-07,Transfer In,10510.61,Branch,131475.43
T0000488,A00014,C0014,2026-01-11,Purchase,7065.8,Branch,150061.11
T0006552,A00175,C0145,2025-07-06,Bill Payment,2160.79,EFT,86832.24
T0011338,A00305,C0244,2025-12-06,Transfer In,20468.74,Branch,73085.08
T0000840,A00026,C0024,2025-08-22,Transfer In,3948.42,ATM,58664.05
T0000916,A00029,C0027,2026-05-05,Transfer Out,6940.03,EFT,17726.82
T0011323,A00304,C0244,2025-09-14,Airtime,5800.66,ATM,-17498.65
T0001687,A00049,C0042,2026-01-30,Transfer In,7596.45,POS,32159.03
T0009053,A00239,C0194,2026-04-02,Deposit,7296.41,ATM,136577.12
T0006062,A00162,C0134,2026-03-09,Transfer Out,2296.81,USSD,78141.48
T0005967,A00159,C0132,2026-03-04,Bill Payment,1106.75,USSD,-2112.72
T0005308,A00141,C0117,2026-06-02,Salary Credit,2636.03,POS,57336.02
T0003897,A00107,C0089,2025-07-29,Transfer Out,-3423.23,App,29237.93
T0013389,A00360,C0288,2026-03-15,Salary Credit,19456.36,App,111051.74
T0005674,A00151,C0125,2026-04-27,Transfer In,23368.12,Branch,134302.62
T0001337,A00040,C0035,2026-06-29,Transfer Out,3671.11,ATM,102440.5
T0010835,A00292,C0235,2025-07-20,Salary Credit,8512.34,Branch,90254.57
T0005798,A00154,C0128,2026-05-25,Transfer Out,6959.0,App,37431.51
T0006534,A00174,C0144,2025-10-20,Bill Payment,1959.09,ATM,165550.0
T0008620,A00228,C0185,2025-08-17,Withdrawal,4985.55,EFT,-6935.55
T0005518,A00146,C0121,2025-07-06,Deposit,18020.6,POS,251517.47
T0005659,A00151,C0125,2025-11-02,Deposit,21923.21,Branch,74280.08
T0006587,A00176,C0146,2026-01-04,Withdrawal,1782.19,App,31136.16
T0001404,A00041,C0036,2025-09-18,Transfer Out,1824.24,Branch,107114.02
T0011065,A00297,C0239,2025-10-29,Transfer In,14191.71,Branch,68323.5
T0000419,A00013,C0013,2025-12-25,Bill Payment,6885.99,EFT,54452.8
T0006840,A00181,C0149,2025-12-01,Salary Credit,1576.42,POS,112354.7
T0006218,A00166,C0138,2025-11-27,Airtime,5115.23,App,110884.82
T0012193,A00329,C0264,2025-11-19,Salary Credit,1948.36,Branch,31813.1
T0005271,A00140,C0116,2025-12-07,Withdrawal,4898.79,POS,6242.57
T0006725,A00179,C0148,2026-06-21,Bill Payment,7212.22,POS,-37265.51
T0013012,A00350,C0281,2025-07-15,Purchase,4274.76,ATM,90246.8
T0006245,A00167,C0138,2025-10-19,Airtime,1065.56,USSD,33153.44
T0009839,A00263,C0215,2026-06-19,Transfer Out,3941.37,App,-6949.9
T0011359,A00305,C0244,2026-02-04,Salary Credit,15903.57,Branch,150274.14
T0011528,A00310,C0249,2025-07-15,Withdrawal,1430.76,ATM,68891.47
T0011215,A00301,C0242,2025-07-18,Deposit,10468.34,POS,95406.71
T0010001,A00267,C0218,2025-10-12,Withdrawal,2142.28,App,40534.81
T0007917,A00207,C0170,2025-08-14,Airtime,5088.99,EFT,233958.86
T0013636,A00366,C0293,2026-06-06,Salary Credit,7369.87,App,60312.22
T0012500,A00338,C0270,2026-05-13,Withdrawal,1639.12,POS,18291.14
T0010026,A00268,C0219,2025-08-29,Transfer In,22227.03,USSD,54345.49
T0002428,A00068,C0056,2025-08-11,Airtime,4083.01,EFT,2487.54
T0008487,A00224,C0183,2026-01-08,Bill Payment,4565.01,USSD,-14384.39
T0004627,A00124,C0103,2026-01-11,Withdrawal,6264.01,ATM,200934.83
T0001472,A00043,C0037,2025-07-01,Transfer In,697.62,ATM,133718.51
T0000553,A00017,C0016,2025-09-09,Transfer In,21578.43,USSD,100389.7
T0002178,A00060,C0050,2025-11-29,Bill Payment,7209.63,EFT,65067.41
T0009546,A00255,C0207,2026-02-27,Deposit,5888.57,EFT,35459.89
T0010323,A00277,C0225,2025-09-19,Deposit,21929.8,USSD,124275.32
T0013065,A00352,C0282,2026-06-30,Purchase,6557.48,USSD,12791.06
T0009088,A00240,C0195,2025-08-08,Withdrawal,2903.96,POS,196859.42
T0011941,A00322,C0257,2025-07-26,Withdrawal,6331.84,ATM,49362.41
T0010156,A00273,C0222,2025-10-26,Purchase,4477.97,Branch,52985.7
T0003323,A00092,C0077,2025-07-01,Withdrawal,5341.55,Branch,95454.63
T0005666,A00151,C0125,2026-06-04,Transfer In,20906.28,EFT,97398.63
T0007175,A00189,C0155,2025-07-02,Transfer Out,4024.37,Branch,84793.88
T0010479,A00280,C0227,2026-04-26,Transfer Out,2192.28,App,118611.07
T0004459,A00121,C0100,2026-03-04,Purchase,4724.05,POS,156142.08
T0004561,A00123,C0102,2025-07-28,Airtime,1995.19,USSD,86915.16
T0012683,A00343,C0275,2026-06-21,Bill Payment,7783.77,ATM,25888.71
T0007610,A00199,C0163,2026-01-14,Airtime,6477.55,POS,215136.78
T0012297,A00331,C0265,2026-06-27,Deposit,24342.46,EFT,48577.0
T0010372,A00278,C0225,2026-04-27,Bill Payment,6535.43,EFT,149170.42
T0010413,A00279,C0226,2026-05-20,Airtime,1081.89,POS,95168.55
T0014037,A00375,C0299,2026-01-05,Salary Credit,15069.71,USSD,74983.68
T0004874,A00130,C0107,2026-04-04,Transfer In,10288.26,POS,197563.63
T0012039,A00325,C0260,2025-10-04,Bill Payment,7123.0,EFT,29388.57
T0011629,A00312,C0250,2026-04-28,Airtime,1050.92,Branch,144688.14
T0004242,A00117,C0097,2025-12-09,Bill Payment,793.53,EFT,9617.99
T0008911,A00235,C0190,2025-09-19,Transfer In,21991.43,USSD,55423.3
T0003938,A00108,C0090,2025-07-07,Transfer In,7515.57,App,-3630.68
T0005399,A00144,C0119,2026-04-20,Transfer In,19310.06,App,65654.26
T0004509,A00122,C0101,2025-08-07,Transfer In,18157.43,POS,107236.28
T0009508,A00253,C0205,2026-02-16,Withdrawal,6813.29,USSD,60984.41
T0007013,A00185,C0152,2026-04-26,Deposit,6219.27,App,84678.61
T0010720,A00288,C0232,2025-11-24,Salary Credit,18444.08,USSD,45441.79
T0009029,A00239,C0194,2026-01-29,Bill Payment,2211.2,App,40325.08
T0002502,A00069,C0056,2026-05-22,Withdrawal,-3360.62,EFT,90033.82
T0011575,A00311,C0250,2025-07-18,Transfer Out,2626.29,USSD,57379.43
T0002672,A00073,C0059,2026-02-06,Deposit,23970.07,Branch,59704.62
T0010987,A00296,C0238,2025-10-06,Purchase,1195.21,USSD,129203.64
T0003555,A00098,C0082,2025-07-17,Airtime,5691.83,POS,171402.82
T0001119,A00034,C0030,2025-12-03,Transfer In,5933.02,Branch,176059.26
T0006479,A00173,C0143,2026-03-30,Purchase,5604.27,USSD,59556.09
T0007200,A00189,C0155,2026-02-16,Bill Payment,2465.26,EFT,140160.26
T0012759,A00344,C0276,2025-12-30,Salary Credit,19893.13,POS,86060.78
T0000812,A00025,C0023,2025-07-12,Withdrawal,4316.53,USSD,86290.09
T0007664,A00200,C0164,2025-09-07,Bill Payment,899.5,EFT,175844.54
T0001800,A00051,C0043,2025-07-14,Withdrawal,4880.12,POS,104051.8
T0008656,A00228,C0185,2025-09-20,Bill Payment,1513.71,POS,36607.77
T0000867,A00027,C0025,2025-08-03,Airtime,7802.16,POS,38043.9
T0005134,A00136,C0112,2026-02-10,Bill Payment,4816.64,POS,90585.79
T0006821,A00181,C0149,2026-04-03,Airtime,1922.64,ATM,-6232.01
T0001816,A00052,C0044,2026-06-30,Salary Credit,18597.06,App,44500.8
T0012476,A00337,C0269,2025-07-24,Withdrawal,957.99,App,45668.49
T0009049,A00239,C0194,2026-01-21,Salary Credit,21780.04,POS,89928.97
T0000503,A00015,C0014,2025-12-31,Salary Credit,17593.51,App,85159.41
T0014067,A00376,C0300,2026-02-26,Salary Credit,1497.01,ATM,112297.56
T0001938,A00054,C0045,2026-05-08,Transfer In,17249.05,USSD,160143.52
T0005230,A00138,C0114,2026-03-22,Bill Payment,147.17,Branch,102707.19
T0003291,A00091,C0076,2025-07-23,Airtime,1834.75,EFT,87769.05
T0009842,A00263,C0215,2025-08-22,Bill Payment,915.31,POS,-15601.05
T0001170,A00036,C0032,2026-05-03,Bill Payment,7816.31,App,53353.26
T0001965,A00056,C0047,2026-01-22,Deposit,4184.25,Branch,51409.33
T0012919,A00348,C0279,2025-08-09,Withdrawal,631.25,App,68569.65
T0013931,A00373,C0298,2025-07-30,Airtime,3295.9,Branch,42610.7
T0012966,A00349,C0280,2026-06-13,Deposit,3146.47,Branch,95913.0
T0006274,A00168,C0139,2026-03-18,Salary Credit,14562.15,App,67440.36
T0010335,A00277,C0225,2026-03-09,Airtime,3732.64,App,159389.95
T0010092,A00270,C0220,2025-11-28,Purchase,5418.38,ATM,76291.85
T0007932,A00207,C0170,2026-04-29,Deposit,6903.31,USSD,325362.71
T0005156,A00137,C0113,2026-05-26,Deposit,14317.29,App,44565.11
T0010032,A00268,C0219,2026-06-03,Deposit,7292.23,Branch,56807.05
T0005817,A00154,C0128,2025-07-23,Purchase,1809.18,ATM,136896.69
T0007591,A00199,C0163,2025-07-22,Airtime,1521.88,POS,92343.0
T0013437,A00361,C0289,2026-02-12,Deposit,6650.9,App,146143.1
T0004177,A00115,C0095,2026-04-24,Purchase,7212.0,App,56754.64
T0002472,A00068,C0056,2026-04-07,Bill Payment,4194.51,ATM,254226.24
T0012091,A00326,C0261,2025-10-25,Airtime,5100.5,App,83858.24
T0001362,A00040,C0035,2026-06-03,Salary Credit,3582.39,Branch,98317.29
T0000855,A00026,C0024,2026-04-02,Deposit,24342.14,ATM,173543.17
T0007607,A00199,C0163,2025-10-27,Bill Payment,1993.03,App,202594.99
T0002800,A00078,C0064,2026-01-10,Airtime,5100.61,USSD,52067.08
T0013420,A00361,C0289,2025-12-24,Withdrawal,4689.25,App,67048.11
T0011994,A00323,C0258,2025-10-09,Airtime,1767.5,Branch,50704.8
T0007402,A00195,C0160,2025-08-01,Salary Credit,19763.19,EFT,69652.28
T0012884,A00348,C0279,2026-05-25,Bill Payment,4545.53,ATM,53361.92
T0009714,A00260,C0212,2026-06-08,Airtime,1030.31,POS,59279.16
T0006044,A00161,C0133,2025-10-31,Transfer In,-19564.87,ATM,28559.77
T0013429,A00361,C0289,2025-09-23,Transfer In,1554.99,EFT,87216.11
T0011520,A00310,C0249,2025-11-22,Salary Credit,20429.54,EFT,44593.07
T0002574,A00071,C0057,2025-10-27,Withdrawal,4975.14,USSD,67985.04
T0008536,A00226,C0184,2026-03-20,Transfer In,11079.13,EFT,56758.52
T0004491,A00122,C0101,2026-06-29,Transfer Out,3122.43,Branch,74982.97
T0013391,A00360,C0288,2026-04-16,Deposit,14766.76,App,122644.17
T0005433,A00145,C0120,2026-04-28,Purchase,7037.15,EFT,32075.26
T0008140,A00214,C0175,2026-04-14,Salary Credit,23973.86,POS,92704.27
T0002135,A00060,C0050,2025-08-27,Salary Credit,502.02,EFT,19416.68
T0009356,A00248,C0202,2025-08-29,Transfer Out,945.81,Branch,81912.92
T0001395,A00041,C0036,2026-03-21,Airtime,7620.82,EFT,80679.16
T0011265,A00302,C0242,2025-10-23,Deposit,6957.75,USSD,49637.59
T0000292,A00010,C0010,2025-10-23,Bill Payment,1916.01,USSD,-36588.58
T0004970,A00132,C0109,2025-08-02,Salary Credit,5419.37,App,149648.08
T0009335,A00248,C0202,2025-11-14,Transfer In,19892.54,App,48951.67
T0004052,A00111,C0092,2026-04-30,Bill Payment,1075.46,App,45805.21
T0012204,A00329,C0264,2026-04-28,Deposit,7854.26,POS,48320.72
T0012111,A00326,C0261,2025-10-17,Withdrawal,3193.73,EFT,121361.23
T0010566,A00283,C0229,2026-05-10,Airtime,492.82,ATM,70385.45
T0007358,A00193,C0158,2025-07-23,Transfer In,10572.39,EFT,110483.93
T0006049,A00161,C0133,2025-09-16,Transfer In,1973.52,USSD,36427.71
T0005642,A00150,C0124,2026-03-31,Bill Payment,5159.18,App,63643.98
T0004387,A00119,C0098,2026-05-14,Salary Credit,3938.72,App,237385.59
T0007359,A00193,C0158,2025-11-06,Bill Payment,5121.03,Branch,105362.9
T0003200,A00088,C0073,2025-07-28,Transfer In,13266.17,EFT,108568.3
T0005009,A00133,C0110,2026-01-22,Withdrawal,1093.09,EFT,49431.36
T0011856,A00319,C0255,2025-07-18,Withdrawal,5006.57,Branch,2702.82
T0006171,A00165,C0137,2025-08-22,Deposit,5903.63,EFT,24860.67
T0013324,A00358,C0287,2025-07-18,Purchase,5803.9,POS,123585.86
T0001055,A00033,C0030,2026-02-15,Transfer Out,,Branch,38963.92
T0011150,A00299,C0240,2026-04-02,Transfer In,7016.17,POS,143381.49
T0013007,A00350,C0281,2025-12-12,Bill Payment,5534.95,USSD,110591.14
T0004861,A00130,C0107,2025-11-02,Bill Payment,3163.39,USSD,109315.85
T0002781,A00077,C0063,2025-09-03,Transfer In,22709.23,POS,109150.45
T0002609,A00071,C0057,2025-09-11,Transfer In,2420.42,EFT,101040.73
T0003946,A00108,C0090,2026-06-27,Withdrawal,200.62,POS,14676.71
T0000860,A00026,C0024,2026-06-26,Transfer Out,4465.91,Branch,192590.74
T0007997,A00209,C0172,2026-01-27,Purchase,6481.72,EFT,188025.56
T0003015,A00084,C0069,2026-02-11,Withdrawal,5170.45,EFT,55309.95
T0009117,A00242,C0197,2025-11-11,Airtime,5679.62,EFT,-23632.11
T0008458,A00223,C0182,2026-01-22,Transfer Out,7177.1,Branch,154176.8
T0009191,A00243,C0198,2025-07-30,Deposit,17931.31,ATM,115276.25
T0008845,A00233,C0189,2026-03-18,Withdrawal,50.33,ATM,92469.33
T0010421,A00279,C0226,2025-07-24,Airtime,5223.45,EFT,98897.74
T0001358,A00040,C0035,2026-04-21,Transfer In,16350.75,Branch,106359.09
T0001241,A00038,C0033,2025-09-27,Deposit,10113.27,EFT,63979.06
T0005742,A00153,C0127,2026-05-13,Transfer Out,5515.31,USSD,58537.42
T0001833,A00052,C0044,2025-08-19,Transfer In,13848.87,ATM,110076.32
T0008025,A00210,C0172,2026-05-29,Airtime,5193.63,Branch,23367.21
T0007036,A00186,C0153,2026-06-01,Salary Credit,20348.44,App,34955.14
T0004801,A00128,C0106,2025-09-11,Withdrawal,3755.63,EFT,68433.3
T0001686,A00049,C0042,2026-04-23,Purchase,5472.9,ATM,24562.58
T0011687,A00313,C0251,2025-08-22,Transfer Out,5361.32,USSD,133162.06
T0006158,A00165,C0137,2025-10-24,Deposit,5496.0,EFT,62.15
T0003484,A00097,C0081,2026-05-31,Airtime,1205.01,App,88404.7
T0003146,A00086,C0071,2025-11-14,Bill Payment,4270.97,POS,87773.25
T0011217,A00301,C0242,2025-10-06,Withdrawal,3192.59,ATM,87383.15
T0009019,A00238,C0193,2026-06-05,Purchase,384.25,POS,152190.7
T0000228,A00008,C0008,2026-01-09,Transfer Out,6174.57,POS,71393.56
T0003597,A00099,C0083,2025-07-01,Transfer In,5138.68,Branch,66690.86
T0005617,A00149,C0123,2025-11-05,Bill Payment,71.08,Branch,96267.77
T0000015,A00001,C0001,2025-10-04,Salary Credit,15923.99,USSD,38961.53
T0005231,A00138,C0114,2026-04-09,Deposit,4420.21,ATM,107127.4
T0007249,A00190,C0156,2026-01-14,Airtime,91.45,Branch,111977.82
T0011436,A00307,C0246,2025-11-10,Purchase,2158.02,EFT,60122.32
T0003881,A00107,C0089,2025-11-20,Bill Payment,3300.7,EFT,47587.38
T0012533,A00338,C0270,2025-08-06,Transfer In,16449.19,ATM,19462.65
T0003797,A00104,C0086,2026-05-07,Deposit,14284.73,POS,81061.0
T0004865,A00130,C0107,2025-07-02,Airtime,7292.66,App,120443.82
T0012829,A00347,C0279,2025-10-27,Airtime,2312.98,USSD,45143.98
T0009757,A00261,C0213,2025-08-14,Salary Credit,10189.84,ATM,34482.34
T0010172,A00273,C0222,2025-11-21,Transfer Out,4154.14,POS,72032.3
T0004943,A00131,C0108,2025-10-21,Salary Credit,17493.59,EFT,117403.21
T0007881,A00207,C0170,2025-09-19,Deposit,,EFT,101574.44
T0012214,A00329,C0264,2026-01-23,Deposit,4101.62,USSD,82298.82
T0010225,A00274,C0223,2025-12-18,Salary Credit,22821.09,POS,103310.76
T0003971,A00109,C0091,2025-07-24,Purchase,825.45,EFT,-2241.78
T0000413,A00013,C0013,2025-12-30,Purchase,6235.93,App,37587.49
T0007494,A00197,C0161,2026-05-24,Transfer In,20122.05,USSD,57217.21
T0006356,A00170,C0141,2025-12-12,Transfer Out,4462.85,EFT,26940.6
T0007269,A00191,C0156,2025-12-07,Withdrawal,342.08,POS,27033.7
T0003438,A00096,C0081,2025-09-11,Withdrawal,653.62,EFT,107383.26
T0011774,A00316,C0254,2025-09-23,Withdrawal,6463.36,ATM,34987.64
T0007064,A00186,C0153,2025-08-05,Airtime,489.78,ATM,129788.39
T0010219,A00274,C0223,2025-10-10,Transfer In,20859.85,USSD,80876.27
T0001107,A00034,C0030,2025-12-10,Airtime,5088.66,USSD,135747.89
T0011211,A00301,C0242,2026-05-03,Withdrawal,2783.91,EFT,67309.28
T0007911,A00207,C0170,2025-12-14,Salary Credit,3866.09,POS,244813.99
T0006346,A00169,C0140,2026-02-16,Purchase,4985.33,EFT,55405.36
T0006914,A00183,C0151,2026-03-04,Transfer Out,1476.83,Branch,49614.01
T0008819,A00232,C0188,2026-04-30,Purchase,3248.11,USSD,14439.56
T0004006,A00110,C0091,2025-12-08,Transfer In,17077.11,EFT,103786.06
T0008029,A00210,C0172,2025-08-09,Transfer In,19170.52,USSD,76749.53
T0012712,A00343,C0275,2025-11-15,Transfer Out,7438.57,Branch,66512.94
T0009254,A00245,C0200,2025-10-30,Deposit,19119.7,App,100615.06
T0000694,A00021,C0019,2025-08-19,Airtime,7650.35,USSD,-8594.29
T0012798,A00346,C0278,2025-09-09,Bill Payment,5861.45,EFT,8934.58
T0011118,A00299,C0240,2026-06-03,Transfer In,20474.09,ATM,59908.74
T0004872,A00130,C0107,2026-02-04,Salary Credit,17282.97,EFT,194235.84
T0003482,A00097,C0081,2025-11-19,Withdrawal,,USSD,68176.09
T0001198,A00037,C0032,2026-04-02,Transfer Out,-2622.11,App,92125.39
T0013855,A00372,C0297,2025-09-20,Withdrawal,2542.32,USSD,-888.98
T0008367,A00221,C0181,2025-07-24,Deposit,9741.54,POS,41760.18
T0009846,A00263,C0215,2025-12-30,Deposit,15451.16,EFT,28657.28
T0007339,A00193,C0158,2026-03-27,Bill Payment,3974.21,Branch,3932.36
T0009942,A00265,C0217,2026-01-30,Airtime,7191.25,EFT,48336.3
T0002742,A00075,C0061,2026-01-23,Deposit,1667.9,App,90341.74
T0006966,A00184,C0151,2026-06-22,Purchase,6059.68,ATM,22044.38
T0008499,A00225,C0183,2026-03-10,Airtime,4518.96,App,59185.79
T0002411,A00067,C0055,2025-09-02,Deposit,21706.67,Branch,141566.57
T0013868,A00372,C0297,2025-08-30,Transfer In,-2082.6,EFT,6175.38
T0013981,A00374,C0298,2025-11-01,Bill Payment,6163.65,EFT,121970.55
T0007033,A00186,C0153,2025-11-23,Purchase,3464.28,App,7392.49
T0003641,A00101,C0084,2025-11-16,Transfer In,22168.77,POS,39033.56
T0009602,A00256,C0208,2026-04-05,Deposit,-4874.04,EFT,104522.61
T0011679,A00313,C0251,2025-12-21,Airtime,1648.58,ATM,134015.73
T0001427,A00042,C0036,2025-12-12,Transfer In,7204.39,POS,41148.67
T0011317,A00304,C0244,2025-11-12,Purchase,962.07,ATM,-26922.37
T0009438,A00250,C0203,2025-12-10,Bill Payment,4336.62,Branch,257329.91
T0012155,A00328,C0263,2026-06-03,Deposit,17226.13,App,129630.67
T0000852,A00026,C0024,2025-09-13,Transfer Out,7591.36,ATM,118605.08
T0006881,A00182,C0150,2026-04-16,Bill Payment,2131.06,App,108850.52
T0011808,A00317,C0254,2025-11-16,Transfer In,9600.69,POS,40713.45
T0012237,A00330,C0264,2025-11-29,Transfer Out,6743.72,App,37181.09
T0008503,A00225,C0183,2025-11-04,Purchase,4832.7,USSD,37021.66
T0001191,A00037,C0032,2026-02-27,Purchase,6926.42,USSD,66204.93
T0004563,A00123,C0102,2025-11-19,Airtime,1435.23,ATM,101144.98
T0006670,A00178,C0147,2026-03-21,Salary Credit,9410.39,Branch,47676.2
T0001437,A00042,C0036,2026-06-30,Transfer Out,7134.86,POS,34427.82
T0007928,A00207,C0170,2025-12-26,Withdrawal,6263.14,USSD,305514.44
T0007574,A00199,C0163,2026-01-18,Transfer Out,7324.55,Branch,55436.27
T0006977,A00184,C0151,2026-03-21,Airtime,3480.79,Branch,34118.99
T0009129,A00242,C0197,2025-10-29,Airtime,4167.82,USSD,-16031.45
T0001142,A00035,C0031,2026-01-22,Withdrawal,4946.07,POS,147170.41
T0006672,A00178,C0147,2026-06-11,Transfer Out,6208.91,Branch,35944.71
T0004742,A00127,C0105,2025-10-21,Airtime,527.64,ATM,55017.95
T0009737,A00260,C0212,2025-12-14,Transfer Out,1055.78,ATM,184614.92
T0000950,A00030,C0028,2025-10-14,Transfer In,24880.67,USSD,94866.81
T0008001,A00209,C0172,2025-08-03,Deposit,-13281.22,Branch,201679.63
T0006440,A00172,C0142,2026-03-31,Withdrawal,5462.85,App,23420.88
T0002586,A00071,C0057,2026-03-08,Bill Payment,4411.52,POS,63831.88
T0000604,A00018,C0016,2026-01-29,Bill Payment,383.03,USSD,51538.14
T0008345,A00220,C0180,2026-03-05,Salary Credit,19998.76,EFT,41119.58
T0003887,A00107,C0089,2025-07-01,Purchase,7688.56,App,39288.86
T0003030,A00084,C0069,2026-02-25,Salary Credit,17997.24,USSD,83165.88
T0012300,A00331,C0265,2026-04-01,Transfer In,23255.51,App,82990.65
T0007602,A00199,C0163,2025-07-11,Transfer Out,6486.66,EFT,174725.28
T0012337,A00332,C0266,2026-06-12,Withdrawal,5660.29,ATM,95840.64
T0001875,A00053,C0045,2025-09-16,Withdrawal,5892.27,ATM,97274.84
T0011529,A00310,C0249,2025-08-12,Purchase,7188.29,USSD,61703.18
T0013560,A00364,C0291,2026-03-10,Airtime,757.12,ATM,165518.25
T0010768,A00290,C0234,2026-04-25,Purchase,3716.05,POS,9391.56
T0001842,A00052,C0044,2026-02-07,Withdrawal,7460.3,Branch,115853.01
T0009047,A00239,C0194,2026-02-05,Airtime,4324.03,Branch,45977.58
T0008069,A00212,C0173,2025-12-10,Salary Credit,14719.57,EFT,35792.23
T0010913,A00295,C0237,2025-11-17,Airtime,3427.39,USSD,19793.0
T0011935,A00322,C0257,2026-05-29,Salary Credit,238.83,Branch,36037.7
T0007625,A00200,C0164,2026-03-06,Purchase,4682.81,ATM,46316.38
T0002657,A00072,C0058,2026-01-29,Withdrawal,3905.42,ATM,41937.61
T0007493,A00197,C0161,2026-02-26,Purchase,3231.38,App,37095.16
T0011412,A00306,C0245,2026-06-21,Transfer Out,1325.4,USSD,72452.62
T0011366,A00305,C0244,2025-07-08,Airtime,7736.64,USSD,130025.42
T0009765,A00261,C0213,2026-01-06,Bill Payment,2700.49,App,76785.38
T0005582,A00148,C0122,2026-04-28,Purchase,-149.73,Branch,216422.12
T0005189,A00137,C0113,2025-12-10,Withdrawal,2807.11,POS,44833.07
T0003901,A00107,C0089,2026-06-01,Transfer Out,7573.1,App,32584.08
T0001551,A00045,C0038,2026-03-13,Airtime,926.58,EFT,29960.41
T0009607,A00256,C0208,2026-04-30,Airtime,5537.06,Branch,124149.11
T0008964,A00236,C0191,2026-05-04,Purchase,7014.91,Branch,23723.97
T0001344,A00040,C0035,2025-08-30,Transfer In,9976.46,POS,115485.13
T0007161,A00189,C0155,2025-09-10,Airtime,1511.48,ATM,64560.02
T0011925,A00321,C0256,2025-07-24,Purchase,1180.14,USSD,65475.06
T0003956,A00108,C0090,2025-07-17,Deposit,4325.94,Branch,69186.15
T0006954,A00184,C0151,2026-06-13,Bill Payment,4517.85,USSD,32652.13
T0002055,A00058,C0048,2026-01-02,Transfer Out,2467.17,POS,64210.46
T0012842,A00347,C0279,2026-01-05,Transfer In,17338.01,EFT,136824.77
T0008230,A00217,C0178,2025-12-11,Withdrawal,228.74,USSD,79690.87
T0007059,A00186,C0153,2025-09-04,Salary Credit,8988.5,Branch,128927.11
T0012811,A00346,C0278,2026-06-01,Bill Payment,6596.94,App,50810.77
T0006535,A00174,C0144,2025-07-02,Transfer In,13629.25,POS,179179.25
T0001100,A00034,C0030,2026-04-02,Bill Payment,7691.59,App,116702.85
T0010262,A00275,C0224,2025-08-20,Deposit,9890.19,App,64014.65
T0000186,A00007,C0007,2025-10-10,Transfer Out,2959.45,EFT,20120.79
T0012384,A00333,C0266,2026-03-07,Bill Payment,7485.39,USSD,103686.63
T0012227,A00330,C0264,2026-03-19,Salary Credit,21248.17,USSD,42202.34
T0008382,A00222,C0181,2025-12-12,Deposit,22437.93,POS,41741.52
T0014069,A00376,C0300,2025-10-16,Bill Payment,1681.6,POS,103906.88
T0008207,A00216,C0177,2026-01-28,Transfer Out,7366.63,POS,55260.42
T0004986,A00133,C0110,2025-09-13,Transfer In,19741.31,App,27604.84
T0007273,A00191,C0156,2026-01-26,Bill Payment,,POS,41200.78
T0008091,A00212,C0173,2026-04-12,Transfer In,24599.76,USSD,50148.96
T0012453,A00336,C0268,2025-12-01,Purchase,2915.07,USSD,48186.35
T0006763,A00180,C0149,2026-04-23,Purchase,5402.21,Branch,26478.62
T0000147,A00005,C0005,2025-10-24,Purchase,3621.27,App,47906.64
T0008298,A00219,C0180,2025-12-02,Airtime,3177.42,App,66768.75
T0011297,A00303,C0243,2026-06-23,Withdrawal,5827.01,USSD,44430.87
T0011614,A00312,C0250,2025-07-25,Salary Credit,22079.45,EFT,110759.69
T0002637,A00072,C0058,2025-07-21,Deposit,20553.6,ATM,39765.28
T0002375,A00067,C0055,2026-03-03,Airtime,4007.57,Branch,-13648.82
T0005507,A00146,C0121,2025-08-21,Airtime,1203.5,USSD,197293.39
T0007439,A00196,C0161,2025-12-09,Transfer Out,7875.82,App,30753.62
T0012454,A00336,C0268,2025-07-26,Bill Payment,4640.35,EFT,43546.0
T0007532,A00198,C0162,2026-05-21,Deposit,12835.11,App,74438.94
T0000901,A00028,C0026,2026-05-30,Transfer Out,4047.02,USSD,66453.5
T0011143,A00299,C0240,2025-11-06,Withdrawal,2363.0,POS,139700.85
T0007453,A00196,C0161,2025-07-08,Transfer Out,1345.1,App,111340.94
T0000429,A00013,C0013,2026-03-31,Airtime,6286.96,POS,35532.54
T0000587,A00018,C0016,2026-04-28,Salary Credit,11398.09,POS,70982.54
T0006589,A00176,C0146,2026-01-22,Salary Credit,7258.77,ATM,31215.89
T0009696,A00259,C0211,2025-10-09,Withdrawal,6214.26,ATM,107310.77
T0000983,A00031,C0029,2025-11-23,Purchase,982.4,EFT,112752.84
T0006224,A00166,C0138,2026-06-03,Airtime,3124.15,App,136254.55
T0003066,A00085,C0070,2026-04-03,Airtime,3111.2,ATM,33843.6
T0008570,A00227,C0185,2025-07-03,Salary Credit,1563.92,POS,41961.39
T0010533,A00282,C0228,2025-07-08,Salary Credit,7755.38,EFT,1928.42
T0005195,A00138,C0114,2026-04-02,Transfer In,23567.35,ATM,45182.49
T0004696,A00126,C0104,2026-03-26,Bill Payment,1826.35,ATM,80845.01
T0000986,A00031,C0029,2025-11-15,Bill Payment,739.97,Branch,121419.31
T0001692,A00049,C0042,2025-08-15,Purchase,4929.36,ATM,33730.21
T0007476,A00196,C0161,2026-03-02,Transfer Out,5590.15,USSD,232125.57
T0012229,A00330,C0264,2026-01-12,Withdrawal,6929.92,USSD,58594.2
T0011218,A00301,C0242,2026-01-16,Bill Payment,2318.74,USSD,85064.41
T0004767,A00128,C0106,2025-09-16,Deposit,20560.48,USSD,56503.09
T0010303,A00276,C0224,2026-02-09,Bill Payment,5015.81,EFT,44214.3
T0001153,A00035,C0031,2025-07-28,Bill Payment,2763.65,USSD,136734.66
T0013275,A00357,C0286,2026-04-15,Bill Payment,652.74,Branch,151377.64
T0008450,A00223,C0182,2025-12-18,Airtime,3903.16,App,80584.05
T0010442,A00280,C0227,2026-06-23,Bill Payment,2473.65,USSD,59040.0
T0003073,A00085,C0070,2026-03-29,Withdrawal,2752.27,ATM,73735.96
T0000971,A00031,C0029,2026-06-05,Transfer In,14630.33,POS,57130.26
T0008726,A00230,C0187,2025-10-14,Transfer In,-16472.41,EFT,68695.48
T0012250,A00330,C0264,2025-11-14,Deposit,14565.56,USSD,91161.28
T0007440,A00196,C0161,2026-06-17,Deposit,14132.41,Branch,44886.03
T0004880,A00130,C0107,2025-09-25,Purchase,4411.37,USSD,199420.44
T0003022,A00084,C0069,2025-12-14,Airtime,5625.71,POS,47363.05
T0002853,A00080,C0066,2026-01-16,Bill Payment,7078.63,App,13755.73
T0006251,A00167,C0138,2026-04-04,Withdrawal,7291.54,EFT,-875.71
T0011573,A00311,C0250,2025-10-26,Airtime,5371.13,Branch,57904.14
T0012345,A00332,C0266,2025-07-18,Salary Credit,13293.84,Branch,159236.11
T0002533,A00069,C0056,2026-06-18,Transfer Out,1535.93,USSD,192903.6
T0011182,A00300,C0241,2025-08-01,Transfer In,10203.31,POS,41240.86
T0006269,A00167,C0138,2026-01-06,Withdrawal,3446.02,App,78256.68
T0007778,A00203,C0166,2025-11-06,Purchase,3116.26,Branch,153447.02
T0013044,A00351,C0281,2026-04-03,Withdrawal,6391.36,ATM,-33089.9
T0009012,A00238,C0193,2026-04-14,Bill Payment,6512.71,POS,93949.57
T0011098,A00298,C0240,2026-05-14,Withdrawal,2804.55,ATM,26155.05
T0004484,A00122,C0101,2026-06-08,Purchase,5307.12,POS,44165.09
T0011010,A00296,C0238,2025-12-25,Transfer Out,6323.7,EFT,214037.57
T0001434,A00042,C0036,2025-10-06,Transfer In,17646.04,App,44358.07
T0007271,A00191,C0156,2026-04-18,Deposit,24383.49,EFT,48871.85
T0000385,A00012,C0012,2025-09-09,Withdrawal,5987.56,USSD,76596.42
T0006157,A00165,C0137,2025-08-01,Purchase,3510.96,POS,-5433.85
T0009370,A00249,C0202,2026-05-09,Bill Payment,5400.54,ATM,45481.89
T0005643,A00150,C0124,2025-09-23,Airtime,1822.36,Branch,61821.62
T0003131,A00086,C0071,2026-06-08,Withdrawal,7474.51,EFT,72383.32
T0012231,A00330,C0264,2025-07-15,Purchase,3662.01,USSD,55456.69
T0009802,A00262,C0214,2026-02-16,Deposit,18475.01,USSD,53722.39
T0013663,A00366,C0293,2025-09-06,Bill Payment,2567.34,EFT,54056.79
T0006319,A00169,C0140,2026-06-14,Salary Credit,21911.18,POS,59112.85
T0013529,A00363,C0290,2026-02-27,Salary Credit,695.1,USSD,191068.41
T0010607,A00284,C0230,2025-11-10,Withdrawal,2108.82,ATM,84454.22
T0012648,A00342,C0274,2026-04-21,Withdrawal,1773.53,App,76640.71
T0004914,A00131,C0108,2025-09-20,Bill Payment,6660.36,EFT,34430.87
T0011742,A00315,C0253,2025-08-12,Purchase,7831.48,App,116168.06
T0012376,A00333,C0266,2025-10-02,Transfer Out,3334.06,Branch,81743.84
T0001631,A00047,C0040,2025-12-12,Salary Credit,5723.18,Branch,81623.57
T0000212,A00008,C0008,2026-06-14,Bill Payment,4248.11,ATM,59197.29
T0000087,A00003,C0003,2025-12-15,Withdrawal,,ATM,96463.7
T0010331,A00277,C0225,2025-08-10,Deposit,10984.85,EFT,148790.46
T0004131,A00114,C0094,2026-05-05,Deposit,-20897.2,ATM,16357.24
T0010712,A00288,C0232,2026-06-19,Purchase,3198.65,POS,35071.18
T0007310,A00192,C0157,2025-08-14,Transfer In,11833.52,App,99598.22
T0011176,A00300,C0241,2026-01-11,Airtime,1204.4,POS,27970.28
T0011691,A00314,C0252,2025-12-25,Airtime,2923.23,EFT,20705.7
T0010327,A00277,C0225,2025-08-27,Purchase,7890.28,App,148463.55
T0012911,A00348,C0279,2025-08-06,Transfer Out,747.24,EFT,47945.16
T0013851,A00371,C0296,2026-04-11,Withdrawal,7781.19,Branch,33325.22
T0010798,A00291,C0234,2026-04-06,Airtime,6297.73,Branch,70762.35
T0000416,A00013,C0013,2025-11-18,Salary Credit,4653.51,POS,66968.08
T0003985,A00109,C0091,2025-11-21,Bill Payment,6189.85,App,-11828.1
T0013260,A00357,C0286,2026-04-04,Salary Credit,7124.09,Branch,142084.36
T0013418,A00361,C0289,2026-04-29,Transfer Out,2260.05,ATM,73150.28
T0002300,A00064,C0053,2026-04-12,Purchase,1164.04,App,25751.76
T0012321,A00332,C0266,2025-12-22,Transfer In,24038.15,EFT,110247.19
T0007211,A00190,C0156,2025-10-09,Transfer Out,6131.01,Branch,76528.8
T0010776,A00290,C0234,2025-09-27,Transfer Out,5039.97,USSD,-2087.83
T0001217,A00037,C0032,2026-02-20,Bill Payment,7288.45,POS,97487.41
T0006831,A00181,C0149,2026-03-27,Purchase,5161.87,ATM,27569.73
T0004460,A00121,C0100,2026-05-07,Transfer In,5675.2,POS,161817.28
T0004930,A00131,C0108,2025-10-03,Withdrawal,2506.98,App,68112.68
T0013925,A00373,C0298,2025-11-19,Withdrawal,6936.59,POS,58086.93
T0001756,A00051,C0043,2025-10-30,Transfer In,,EFT,50733.73
T0007875,A00207,C0170,2026-03-01,Transfer In,11680.23,ATM,38744.91
T0012679,A00343,C0275,2025-12-14,Bill Payment,7416.97,ATM,37545.55
T0004640,A00125,C0104,2025-09-13,Purchase,3597.07,EFT,51870.23
T0013558,A00364,C0291,2026-03-30,Transfer In,5149.89,Branch,150291.42
T0013034,A00350,C0281,2026-06-09,Purchase,5964.68,App,71960.76
T0009476,A00252,C0204,2025-07-01,Deposit,19454.8,USSD,45583.85
T0011723,A00315,C0253,2025-11-19,Airtime,4294.81,ATM,30806.88
T0002132,A00059,C0049,2026-03-17,Withdrawal,1319.81,EFT,112217.58
T0007155,A00189,C0155,2025-07-17,Transfer Out,444.77,USSD,37987.26
T0011435,A00307,C0246,2025-09-15,Transfer In,4243.83,Branch,62280.34
T0010369,A00278,C0225,2026-03-03,Airtime,7876.81,EFT,141013.99
T0011076,A00297,C0239,2025-08-05,Deposit,10494.05,USSD,111528.64
T0012915,A00348,C0279,2025-10-25,Withdrawal,641.66,USSD,58597.36
T0012120,A00327,C0262,2026-04-23,Salary Credit,12924.56,POS,27121.34
T0001581,A00046,C0039,2025-07-15,Withdrawal,-4582.91,USSD,28046.93
T0002583,A00071,C0057,2026-04-20,Transfer Out,3709.99,USSD,65211.96
T0013857,A00372,C0297,2025-08-03,Purchase,4229.12,EFT,-5669.19
T0008530,A00226,C0184,2025-07-27,Salary Credit,1550.17,EFT,60035.34
T0009853,A00263,C0215,2026-06-26,Purchase,1151.24,USSD,29186.52
T0000137,A00005,C0005,2026-01-10,Transfer Out,5877.28,ATM,16818.86
T0010253,A00275,C0224,2026-02-27,Salary Credit,8329.81,EFT,49356.48
T0004274,A00117,C0097,2025-07-22,Withdrawal,4803.89,POS,129811.26
T0005258,A00140,C0116,2026-03-21,Airtime,3428.21,USSD,26515.38
T0001643,A00047,C0040,2025-07-15,Salary Credit,16580.95,Branch,113274.64
T0008300,A00219,C0180,2025-08-03,Salary Credit,6953.28,EFT,75254.7
T0013605,A00365,C0292,2026-03-08,Transfer Out,4515.7,Branch,37479.46
T0005361,A00143,C0118,2025-11-17,Bill Payment,7319.41,ATM,-44315.53
T0011650,A00312,C0250,2025-12-04,Transfer In,17472.27,EFT,128606.61
T0000013,A00001,C0001,2025-12-04,Withdrawal,1480.7,POS,27817.02
T0007080,A00186,C0153,2025-09-23,Salary Credit,10009.54,Branch,191685.62
T0003708,A00102,C0084,2025-12-15,Purchase,789.18,ATM,57518.14
T0005890,A00156,C0130,2025-08-16,Deposit,23166.69,App,96286.54
T0000114,A00004,C0004,2025-09-25,Bill Payment,6577.05,App,59286.5
T0004722,A00127,C0105,2025-09-20,Withdrawal,6574.51,EFT,21722.72
T0005670,A00151,C0125,2026-05-08,Bill Payment,-3533.74,App,101296.92
T0004106,A00113,C0093,2025-07-06,Deposit,14353.83,ATM,87253.36
T0002988,A00083,C0068,2026-04-04,Airtime,5868.44,Branch,69325.28
T0003183,A00087,C0072,2025-12-11,Transfer In,4887.96,POS,15848.49
T0012624,A00342,C0274,2026-03-29,Bill Payment,2297.4,EFT,34232.07
T0005922,A00157,C0131,2025-11-13,Purchase,2782.4,EFT,70095.01
T0005025,A00134,C0111,2025-12-24,Purchase,5979.62,USSD,43075.42
T0013736,A00369,C0295,2026-04-14,Salary Credit,1614.75,USSD,27502.77
T0005543,A00147,C0121,2025-09-06,Airtime,1875.91,App,78429.67
T0006820,A00181,C0149,2026-03-19,Airtime,4966.14,App,-4309.37
T0001695,A00049,C0042,2026-06-09,Deposit,11623.91,POS,63226.32
T0000783,A00024,C0022,2026-04-24,Transfer In,18854.02,Branch,73722.62
T0008515,A00225,C0183,2025-12-26,Salary Credit,24243.3,ATM,51737.56
T0003089,A00085,C0070,2025-10-26,Airtime,656.07,Branch,121553.77
T0007909,A00207,C0170,2025-07-07,Transfer Out,332.01,USSD,241173.71
T0002389,A00067,C0055,2026-05-20,Purchase,2721.87,POS,32262.97
T0007715,A00201,C0165,2025-10-21,Airtime,2184.94,Branch,104850.19
T0005233,A00138,C0114,2026-03-02,Transfer Out,3620.22,USSD,114028.05
T0006715,A00179,C0148,2025-12-19,Transfer Out,992.33,ATM,-13034.11
T0000885,A00027,C0025,2026-05-12,Airtime,6136.44,App,146565.34
T0008532,A00226,C0184,2026-01-22,Purchase,3090.94,EFT,49367.32
T0012346,A00332,C0266,2025-11-03,Withdrawal,1522.04,Branch,157714.07
T0000197,A00007,C0007,2026-05-16,Bill Payment,,USSD,49681.04
T0003680,A00102,C0084,2025-08-30,Deposit,4184.26,EFT,-3772.9
T0007776,A00203,C0166,2025-10-14,Transfer In,8255.91,EFT,139535.13
T0013980,A00374,C0298,2025-10-06,Airtime,2924.37,App,128134.2
T0005318,A00142,C0117,2025-11-16,Salary Credit,7794.61,Branch,3506.2
T0011094,A00298,C0240,2025-11-09,Withdrawal,2245.03,Branch,14602.21
T0004875,A00130,C0107,2026-03-27,Airtime,216.11,EFT,197347.52
T0012973,A00349,C0280,2026-01-21,Transfer In,18603.36,POS,137289.99
T0013831,A00371,C0296,2026-02-19,Withdrawal,6401.21,ATM,63953.49
T0001012,A00032,C0029,2026-04-29,Salary Credit,5874.45,App,50630.6
T0002529,A00069,C0056,2025-11-25,Transfer In,7894.99,ATM,168673.14
T0010017,A00267,C0218,2025-08-16,Salary Credit,5658.45,Branch,103638.61
T0005087,A00135,C0112,2025-08-08,Withdrawal,236.75,EFT,20337.03
T0002559,A00070,C0057,2025-12-12,Deposit,12525.9,EFT,71940.58
T0001145,A00035,C0031,2026-02-18,Airtime,4710.75,App,151119.46
T0011871,A00319,C0255,2026-05-09,Bill Payment,717.53,EFT,44373.46
T0009329,A00247,C0201,2026-01-22,Transfer Out,3881.3,EFT,-1170.44
T0000215,A00008,C0008,2026-03-07,Airtime,5055.64,USSD,55872.23
T0008945,A00235,C0190,2026-06-10,Transfer In,20967.17,ATM,164819.83
T0010555,A00282,C0228,2025-09-28,Bill Payment,3422.19,POS,402.58
T0010932,A00295,C0237,2026-03-30,Transfer Out,3389.25,ATM,25108.67
T0001664,A00048,C0041,2025-11-07,Airtime,3680.83,Branch,71373.17
T0002727,A00075,C0061,2026-04-21,Deposit,16331.14,USSD,54957.35
T0010587,A00284,C0230,2025-09-22,Airtime,7962.02,ATM,34498.75
T0010337,A00277,C0225,2025-11-28,Bill Payment,554.95,App,151842.08
T0005311,A00141,C0117,2025-11-01,Transfer Out,6923.73,Branch,56822.65
T0001510,A00045,C0038,2025-10-05,Transfer In,-15995.89,Branch,3716.34
T0003483,A00097,C0081,2025-12-09,Transfer In,21433.62,App,89609.71
T0010640,A00286,C0231,2026-06-05,Deposit,23312.9,USSD,14537.18
T0002968,A00082,C0067,2025-12-14,Deposit,15286.11,USSD,103035.3
T0000103,A00003,C0003,2026-04-01,Airtime,7717.79,Branch,154147.37
T0002902,A00081,C0066,2026-05-02,Purchase,2769.51,App,38589.42
T0000911,A00029,C0027,2025-07-15,Transfer In,19946.41,EFT,32847.09
T0008257,A00217,C0178,2026-02-05,Airtime,193.22,EFT,186950.27
T0005426,A00144,C0119,2025-07-13,Transfer In,14541.25,Branch,172334.71
T0008710,A00229,C0186,2026-01-19,Withdrawal,4434.81,App,171827.37
T0011973,A00323,C0258,2026-05-28,Airtime,3717.54,App,4416.4
T0001698,A00049,C0042,2026-03-04,Airtime,6917.23,POS,53754.27
T0005227,A00138,C0114,2025-10-06,Salary Credit,23487.96,Branch,87853.3
T0011034,A00297,C0239,2026-05-17,Transfer In,3528.37,App,26361.24
T0012378,A00333,C0266,2026-06-02,Salary Credit,20326.73,ATM,97125.86
T0010561,A00283,C0229,2026-06-05,Deposit,,Branch,40403.79
T0002443,A00068,C0056,2026-05-14,Deposit,21443.43,App,164560.19
T0009407,A00250,C0203,2025-08-03,Bill Payment,,ATM,118775.6
T0011081,A00298,C0240,2026-03-28,Airtime,6633.24,Branch,31260.5
T0009453,A00251,C0204,2026-05-08,Bill Payment,,EFT,17642.89
T0010729,A00288,C0232,2026-04-04,Salary Credit,15080.16,EFT,52881.81
T0010495,A00281,C0228,2026-02-16,Transfer In,24801.57,App,36261.87
T0001978,A00056,C0047,2026-04-27,Deposit,5620.18,ATM,88802.34
T0004263,A00117,C0097,2025-09-15,Purchase,669.85,USSD,81834.21
T0009666,A00258,C0210,2025-10-16,Withdrawal,6469.41,App,76440.14
T0010873,A00293,C0236,2026-05-21,Transfer Out,3508.96,Branch,84024.6
T0014038,A00375,C0299,2026-05-26,Deposit,21733.61,ATM,96717.29
T0011261,A00302,C0242,2025-08-20,Transfer In,8453.11,ATM,34013.0
T0012637,A00342,C0274,2026-06-07,Transfer Out,5330.52,ATM,54955.95
T0006795,A00180,C0149,2025-09-17,Transfer Out,624.91,POS,80250.08
T0010406,A00279,C0226,2025-10-23,Transfer In,6219.7,ATM,74479.88
T0010699,A00287,C0231,2026-01-28,Transfer Out,1353.71,USSD,91844.65
T0008792,A00232,C0188,2025-08-21,Salary Credit,971.59,EFT,52187.78
T0002981,A00083,C0068,2025-09-01,Salary Credit,14080.99,ATM,96010.26
T0012969,A00349,C0280,2026-05-18,Airtime,3768.1,POS,108065.7
T0002880,A00080,C0066,2025-12-24,Bill Payment,7100.52,ATM,73252.15
T0001491,A00044,C0037,2025-11-28,Salary Credit,3689.09,EFT,56735.98
T0009608,A00256,C0208,2025-07-08,Airtime,477.21,App,123671.9
T0004194,A00116,C0096,2026-06-14,Salary Credit,22509.76,App,46254.09
T0001192,A00037,C0032,2025-10-16,Salary Credit,5919.71,POS,72124.64
T0002141,A00060,C0050,2026-02-26,Deposit,1623.42,USSD,12233.3
T0001168,A00036,C0032,2026-02-08,Withdrawal,965.58,ATM,47808.96
T0006155,A00165,C0137,2025-11-16,Salary Credit,11968.06,App,761.19
T0004903,A00130,C0107,2026-06-25,Salary Credit,9150.65,USSD,257258.41
T0013055,A00351,C0281,2026-05-28,Transfer In,15286.54,USSD,-35103.71
T0001439,A00042,C0036,2025-08-04,Salary Credit,10533.2,POS,41362.13
T0000313,A00010,C0010,2026-03-31,Deposit,15710.63,USSD,113585.47
T0002318,A00064,C0053,2026-01-08,Transfer Out,1723.84,App,94875.78
T0011879,A00319,C0255,2026-03-21,Deposit,24632.5,EFT,113380.18
T0010937,A00295,C0237,2025-09-28,Withdrawal,4975.35,Branch,84162.26
T0006344,A00169,C0140,2026-05-10,Salary Credit,2507.45,Branch,39905.36
T0003792,A00104,C0086,2026-03-07,Bill Payment,1684.07,POS,67190.47
T0011558,A00311,C0250,2026-03-24,Transfer In,14132.05,Branch,57003.59
T0004248,A00117,C0097,2025-11-28,Transfer Out,2214.99,POS,34152.07
T0011979,A00323,C0258,2026-06-02,Salary Credit,6951.32,POS,9467.74
T0013277,A00357,C0286,2026-01-09,Purchase,7915.38,Branch,144243.64
T0011013,A00296,C0238,2026-03-04,Salary Credit,7907.41,USSD,211120.9
T0001463,A00043,C0037,2026-02-18,Bill Payment,819.87,USSD,102053.98
T0008834,A00233,C0189,2025-11-24,Salary Credit,10369.24,USSD,35901.15
T0007086,A00187,C0154,2026-05-27,Salary Credit,23302.5,Branch,69056.74
T0003478,A00097,C0081,2025-07-30,Bill Payment,1480.66,Branch,51568.9
T0002293,A00063,C0052,2026-02-09,Airtime,3516.11,POS,129420.12
T0010426,A00279,C0226,2025-10-05,Bill Payment,2814.47,Branch,92401.25
T0012847,A00347,C0279,2025-09-18,Withdrawal,3236.36,EFT,136080.02
T0007173,A00189,C0155,2025-10-10,Withdrawal,4874.51,App,89057.45
T0011862,A00319,C0255,2026-05-24,Transfer In,2131.68,Branch,5448.24
T0013354,A00359,C0288,2025-08-08,Withdrawal,2913.07,Branch,101375.1
T0005132,A00136,C0112,2025-07-27,Bill Payment,1582.98,ATM,95595.88
T0008286,A00218,C0179,2025-11-09,Salary Credit,19732.47,POS,54313.47
T0009487,A00253,C0205,2025-08-10,Salary Credit,16775.5,POS,7765.35
T0002955,A00082,C0067,2026-06-10,Withdrawal,1360.0,ATM,90989.97
T0011997,A00324,C0259,2026-03-27,Purchase,7439.81,App,-3856.55
T0008725,A00230,C0187,2026-01-02,Withdrawal,6484.88,App,52223.07
T0000544,A00017,C0016,2025-10-04,Transfer In,12566.21,USSD,63492.08
T0003870,A00107,C0089,2025-09-16,Transfer In,3557.71,EFT,27137.61
T0007959,A00209,C0172,2025-09-23,Transfer Out,7193.66,USSD,56737.22
T0007472,A00196,C0161,2026-01-30,Deposit,9513.98,EFT,219369.89
T0008178,A00216,C0177,2026-04-03,Transfer Out,2235.88,USSD,-3869.35
T0007736,A00202,C0165,2026-04-12,Purchase,3166.36,USSD,115237.98
T0009511,A00253,C0205,2026-06-05,Salary Credit,22474.86,Branch,93690.81
T0010338,A00278,C0225,2026-04-28,Purchase,6403.35,POS,43117.67
T0013334,A00358,C0287,2025-11-01,Bill Payment,4787.76,App,169498.05
T0006539,A00174,C0144,2025-09-08,Deposit,13637.57,USSD,191573.25
T0013203,A00356,C0285,2025-12-07,Transfer In,15865.1,Branch,54974.53
T0007317,A00192,C0157,2025-12-31,Withdrawal,880.87,EFT,112803.8
T0002965,A00082,C0067,2025-08-22,Transfer In,21525.21,App,98366.61
T0002711,A00074,C0060,2026-06-02,Airtime,2167.0,App,20280.6
T0008359,A00220,C0180,2026-05-31,Bill Payment,5751.79,ATM,100959.19
T0012340,A00332,C0266,2025-09-30,Salary Credit,23252.01,USSD,134840.97
T0010996,A00296,C0238,2025-12-02,Withdrawal,2295.67,POS,144547.65
T0013989,A00374,C0298,2025-08-10,Transfer Out,2665.14,ATM,145646.21
T0008495,A00225,C0183,2025-11-23,Salary Credit,22230.24,Branch,64576.99
T0004035,A00110,C0091,2026-02-17,Bill Payment,5174.14,EFT,181632.35
T0006215,A00166,C0138,2026-04-19,Transfer In,16645.39,POS,101722.34
T0006191,A00166,C0138,2026-04-24,Bill Payment,7712.34,App,80880.96
T0005835,A00155,C0129,2026-06-27,Airtime,3441.06,EFT,66276.26
T0003991,A00109,C0091,2025-08-07,Transfer Out,4035.97,EFT,22000.02
T0004086,A00112,C0093,2025-12-11,Airtime,659.62,ATM,55168.57
T0013232,A00357,C0286,2026-01-21,Transfer Out,6426.89,Branch,28952.76
T0010919,A00295,C0237,2025-12-17,Salary Credit,4518.39,Branch,21370.34
T0005168,A00137,C0113,2026-05-26,Bill Payment,4098.75,Branch,31295.4
T0007406,A00195,C0160,2025-08-07,Airtime,984.02,EFT,75108.85
T0004607,A00124,C0103,2026-04-05,Withdrawal,,Branch,143594.71
T0011003,A00296,C0238,2025-11-09,Bill Payment,4297.23,App,174370.42
T0011889,A00320,C0256,2025-07-15,Purchase,1924.88,POS,32220.02
T0008187,A00216,C0177,2026-04-02,Deposit,9751.2,POS,2036.78
T0006676,A00178,C0147,2025-08-12,Salary Credit,16155.25,Branch,52093.73
T0010029,A00268,C0219,2025-08-12,Transfer Out,4079.7,POS,48096.08
T0001624,A00047,C0040,2025-12-13,Bill Payment,1826.2,USSD,42645.62
T0012001,A00324,C0259,2026-04-28,Transfer Out,6494.48,EFT,22297.8
T0003808,A00104,C0086,2026-05-15,Withdrawal,7537.79,POS,108241.41
T0013466,A00362,C0289,2025-07-30,Transfer In,6815.96,Branch,82104.76
T0011072,A00297,C0239,2026-03-18,Deposit,24580.1,USSD,91221.72
T0008250,A00217,C0178,2026-04-03,Deposit,19720.18,EFT,163521.55
T0011437,A00307,C0246,2025-07-30,Transfer In,13949.28,USSD,74071.6
T0001546,A00045,C0038,2025-11-30,Purchase,1604.87,EFT,51120.61
T0008601,A00227,C0185,2026-05-15,Bill Payment,7889.95,POS,161109.92
T0010381,A00279,C0226,2025-11-19,Transfer Out,2707.93,Branch,24512.47
T0013670,A00366,C0293,2026-06-01,Withdrawal,1505.78,Branch,96677.07
T0006720,A00179,C0148,2026-02-28,Purchase,4535.24,ATM,-17677.95
T0013688,A00367,C0293,2025-11-03,Transfer In,6285.6,Branch,16758.86
T0011933,A00321,C0256,2026-03-06,Bill Payment,4904.75,USSD,102600.26
T0000530,A00016,C0015,2025-12-04,Purchase,7901.46,EFT,17236.58
T0011788,A00316,C0254,2026-03-04,Transfer Out,1366.03,ATM,58012.71
T0004488,A00122,C0101,2026-01-07,Withdrawal,4408.92,Branch,55919.47
T0005590,A00149,C0123,2025-11-29,Deposit,12731.29,App,35984.63
T0004622,A00124,C0103,2026-02-21,Transfer Out,2550.57,USSD,167690.43
T0009027,A00239,C0194,2025-08-06,Bill Payment,4954.71,ATM,50367.09
T0008424,A00223,C0182,2025-07-16,Withdrawal,4877.47,POS,35035.07
T0005852,A00155,C0129,2025-07-13,Salary Credit,2217.49,EFT,101098.83
T0003794,A00104,C0086,2025-08-29,Transfer In,14840.24,App,76953.31
T0008891,A00234,C0190,2026-03-01,Transfer Out,4180.99,ATM,78631.58
T0013269,A00357,C0286,2026-06-03,Transfer Out,6718.49,POS,155864.31
T0006292,A00168,C0139,2026-02-12,Bill Payment,1449.55,USSD,82545.29
T0003458,A00096,C0081,2025-11-04,Airtime,1040.01,POS,186237.57
T0004061,A00111,C0092,2026-04-27,Purchase,1462.88,USSD,49994.34
T0011470,A00309,C0248,2025-11-04,Airtime,912.81,EFT,41918.21
T0010355,A00278,C0225,2025-11-21,Transfer In,24679.86,USSD,55149.35
T0010453,A00280,C0227,2026-04-18,Transfer In,21678.96,ATM,109752.42
T0005877,A00156,C0130,2026-01-05,Withdrawal,1171.87,ATM,70391.45
T0007496,A00197,C0161,2026-06-09,Bill Payment,6187.73,USSD,53337.44
T0007865,A00206,C0169,2026-01-11,Airtime,4413.22,Branch,73860.5
T0012123,A00327,C0262,2026-04-23,Deposit,14320.02,Branch,46411.83
T0004209,A00116,C0096,2026-05-06,Bill Payment,2283.96,Branch,76909.85
T0011947,A00322,C0257,2026-03-03,Airtime,-7142.04,POS,30401.33
T0003516,A00098,C0082,2026-01-25,Transfer In,8889.78,EFT,67190.83
T0000920,A00029,C0027,2025-09-01,Airtime,2647.7,EFT,3333.85
T0004390,A00119,C0098,2025-12-30,Airtime,5864.99,EFT,244834.84
T0009265,A00245,C0200,2026-01-24,Bill Payment,27.73,App,155410.33
T0012634,A00342,C0274,2025-09-06,Deposit,12415.91,ATM,62847.51
T0008937,A00235,C0190,2026-02-21,Purchase,4405.87,App,158729.99
T0012265,A00331,C0265,2025-11-19,Bill Payment,237.5,Branch,-14399.86
T0003061,A00085,C0070,2026-06-24,Airtime,7956.65,EFT,9036.5
T0013347,A00359,C0288,2025-08-01,Transfer In,23362.78,ATM,70012.91
T0000580,A00018,C0016,2026-01-02,Withdrawal,4200.06,POS,52255.1
T0001428,A00042,C0036,2025-08-21,Bill Payment,1495.02,Branch,39653.65
T0007861,A00206,C0169,2025-08-11,Salary Credit,8369.54,USSD,54872.21
T0010444,A00280,C0227,2025-10-30,Deposit,360.9,ATM,53346.4
T0001069,A00033,C0030,2025-09-17,Withdrawal,2984.31,Branch,37736.32
T0008596,A00227,C0185,2026-01-15,Deposit,13782.65,EFT,165102.44
T0011253,A00301,C0242,2025-12-25,Withdrawal,837.69,Branch,177990.29
T0002353,A00066,C0054,2026-06-09,Withdrawal,6447.69,POS,18574.93
T0003854,A00106,C0088,2025-07-05,Transfer Out,2509.45,POS,22554.91
T0009404,A00250,C0203,2026-06-20,Deposit,8851.97,Branch,128443.71
T0011044,A00297,C0239,2025-11-04,Purchase,889.36,POS,64490.51
T0008381,A00222,C0181,2025-08-28,Transfer In,209.14,App,19303.59
T0008897,A00234,C0190,2025-08-04,Airtime,1565.56,EFT,101966.67
T0006162,A00165,C0137,2026-01-12,Transfer In,8441.78,Branch,30704.03
T0005651,A00151,C0125,2026-03-28,Withdrawal,902.97,EFT,58187.38
T0004854,A00130,C0107,2025-07-07,Withdrawal,7258.45,App,50865.06
T0010416,A00279,C0226,2025-09-29,Airtime,478.96,ATM,103858.14
T0008808,A00232,C0188,2025-09-20,Transfer Out,1504.96,USSD,34598.72
T0002950,A00082,C0067,2025-12-11,Transfer In,12398.29,USSD,100069.31
T0003544,A00098,C0082,2026-06-27,Bill Payment,1538.71,USSD,115480.8
T0010242,A00275,C0224,2025-10-14,Airtime,4466.33,Branch,49838.42
T0010351,A00278,C0225,2025-12-02,Airtime,1663.94,POS,37398.63
T0010570,A00283,C0229,2025-11-11,Transfer In,1405.3,Branch,64520.13
T0007913,A00207,C0170,2026-03-27,Deposit,3907.61,App,242443.79
T0000589,A00018,C0016,2026-05-18,Transfer In,1318.08,USSD,78493.98
T0004431,A00121,C0100,2025-07-02,Bill Payment,3234.78,ATM,28410.03
T0013758,A00370,C0296,2026-02-09,Bill Payment,2586.45,EFT,47279.39
T0005544,A00147,C0121,2026-03-06,Withdrawal,4699.33,USSD,73730.34
T0007639,A00200,C0164,2026-01-26,Bill Payment,6776.84,ATM,114041.46
T0009097,A00241,C0196,2026-03-13,Salary Credit,15426.97,ATM,23532.51
T0009010,A00238,C0193,2025-07-08,Airtime,3868.73,POS,87453.32
T0004318,A00118,C0097,2025-07-28,Airtime,4221.94,Branch,14896.79
T0010376,A00278,C0225,2026-02-12,Airtime,5576.45,App,134378.63
T0010009,A00267,C0218,2026-03-21,Withdrawal,3334.76,Branch,103083.7
T0006125,A00164,C0136,2026-02-27,Withdrawal,6626.95,POS,98044.56
T0000778,A00023,C0021,2026-04-04,Transfer In,19713.53,Branch,157829.63
T0007229,A00190,C0156,2026-03-30,Transfer Out,1453.46,Branch,43820.87
T0004879,A00130,C0107,2026-05-26,Bill Payment,703.29,Branch,203831.81
T0007007,A00185,C0152,2026-03-07,Purchase,3754.8,Branch,68078.87
T0001762,A00051,C0043,2026-03-11,Airtime,7183.17,EFT,72767.92
T0003513,A00098,C0082,2026-03-12,Bill Payment,2396.0,EFT,55173.37
T0014014,A00375,C0299,2025-07-21,Airtime,2755.52,Branch,47117.32
T0010458,A00280,C0227,2026-04-15,Transfer In,5294.38,POS,103764.0
T0009367,A00249,C0202,2025-07-04,Salary Credit,3711.29,POS,39698.1
T0000132,A00005,C0005,2025-12-13,Deposit,645.63,ATM,18624.0
T0011298,A00303,C0243,2025-11-03,Withdrawal,340.09,App,44090.78
T0005432,A00145,C0120,2025-10-14,Bill Payment,1171.63,EFT,39112.41
T0012755,A00344,C0276,2026-04-15,Bill Payment,3594.5,Branch,61254.36
T0005369,A00143,C0118,2025-07-15,Withdrawal,2103.06,ATM,-52417.06
T0006264,A00167,C0138,2026-06-12,Withdrawal,7486.36,Branch,58406.82
T0000410,A00013,C0013,2025-11-15,Purchase,7578.0,ATM,32726.48
T0004470,A00122,C0101,2025-12-07,Airtime,7855.21,App,5107.26
T0001325,A00040,C0035,2025-12-09,Purchase,6532.86,ATM,60675.83
T0008211,A00216,C0177,2025-08-15,Transfer In,21612.27,Branch,76622.86
T0011724,A00315,C0253,2025-09-21,Salary Credit,18022.35,USSD,48829.23
T0007557,A00198,C0162,2025-11-20,Withdrawal,1868.84,ATM,132766.5
T0002271,A00063,C0052,2025-12-05,Purchase,5134.64,POS,56937.08
T0004424,A00120,C0099,2026-03-25,Purchase,1627.7,USSD,29760.23
T0002623,A00072,C0058,2025-08-20,Airtime,3312.91,POS,46055.15
T0007708,A00201,C0165,2026-06-27,Airtime,1536.44,ATM,71458.25
T0009150,A00242,C0197,2025-10-13,Salary Credit,9523.7,ATM,33296.34
T0011155,A00299,C0240,2025-12-25,Deposit,2677.93,ATM,150659.36
T0008924,A00235,C0190,2025-08-30,Purchase,260.26,Branch,150479.44
T0007835,A00206,C0169,2025-11-07,Salary Credit,10937.52,EFT,42444.67
T0003102,A00085,C0070,2025-07-20,Deposit,18750.66,ATM,179973.66
T0004340,A00119,C0098,2026-04-21,Withdrawal,2025.87,App,57839.05
T0010505,A00281,C0228,2026-04-05,Withdrawal,2634.46,App,27103.14
T0009904,A00265,C0217,2026-06-25,Bill Payment,1317.08,USSD,54030.33
T0008784,A00232,C0188,2026-04-04,Bill Payment,2712.03,POS,-7501.59
T0011915,A00321,C0256,2025-08-08,Bill Payment,5057.23,App,24860.91
T0011105,A00298,C0240,2026-06-13,Salary Credit,12187.58,ATM,60269.33
T0002758,A00076,C0062,2026-05-10,Withdrawal,766.21,POS,24836.19
T0011124,A00299,C0240,2026-05-15,Purchase,2160.66,EFT,48507.3
T0004851,A00130,C0107,2026-01-22,Transfer In,18267.87,USSD,54843.05
T0007600,A00199,C0163,2025-07-11,Airtime,3771.73,EFT,188593.59
T0007460,A00196,C0161,2026-04-08,Transfer In,13390.45,USSD,189364.99
T0001854,A00053,C0045,2025-09-29,Salary Credit,23912.26,Branch,65468.3
T0003571,A00099,C0083,2025-11-10,Salary Credit,-4348.62,Branch,20662.39
T0007952,A00208,C0171,2026-02-06,Transfer Out,2285.75,USSD,62819.39
T0007565,A00199,C0163,2026-01-27,Transfer Out,6572.63,EFT,44052.1
T0002212,A00061,C0050,2026-01-12,Transfer In,6690.54,Branch,79033.31
T0013359,A00359,C0288,2026-06-17,Salary Credit,18284.37,App,123535.8
T0008502,A00225,C0183,2026-01-21,Transfer Out,-5833.7,USSD,41854.36
T0002676,A00073,C0059,2025-10-29,Bill Payment,4494.82,POS,62302.39
T0003538,A00098,C0082,2026-01-06,Airtime,3791.49,ATM,113501.97
T0004570,A00123,C0102,2026-01-06,Purchase,2322.58,Branch,78787.91
T0000173,A00006,C0006,2026-04-28,Withdrawal,7400.93,App,57424.16
T0012674,A00343,C0275,2026-06-01,Bill Payment,2716.69,POS,12819.31
T0008319,A00220,C0180,2025-07-30,Bill Payment,4733.49,USSD,6563.14
T0006807,A00180,C0149,2026-06-16,Purchase,5438.54,Branch,112002.31
T0001203,A00037,C0032,2025-09-29,Deposit,20679.22,App,94857.43
T0008683,A00229,C0186,2026-03-17,Airtime,5614.77,App,20681.31
T0008831,A00232,C0188,2026-04-28,Transfer In,13050.44,Branch,56659.6
T0004135,A00114,C0094,2026-01-09,Withdrawal,4347.01,USSD,1778.16
T0008076,A00212,C0173,2026-06-03,Bill Payment,7542.18,POS,27792.51
T0007209,A00190,C0156,2026-02-27,Deposit,4168.89,App,68234.19
T0000763,A00023,C0021,2026-05-06,Purchase,6320.58,POS,61504.29
T0012546,A00339,C0271,2026-01-15,Transfer Out,1250.29,EFT,9679.06
T0006126,A00164,C0136,2025-09-05,Withdrawal,6689.62,EFT,91354.94
T0002825,A00078,C0064,2025-09-07,Salary Credit,15291.37,USSD,126358.96
T0007467,A00196,C0161,2025-12-22,Salary Credit,20747.29,EFT,214581.3
T0008947,A00235,C0190,2026-03-02,Transfer Out,6190.12,ATM,150881.8
T0013149,A00354,C0283,2026-01-18,Bill Payment,,ATM,107869.66
T0009311,A00247,C0201,2025-10-28,Transfer In,17920.42,USSD,39959.63
T0013664,A00366,C0293,2025-10-09,Salary Credit,1026.85,USSD,55083.64
T0002012,A00057,C0047,2025-08-19,Transfer In,5698.14,ATM,66162.87
T0004010,A00110,C0091,2025-09-14,Purchase,3825.32,USSD,121745.37
T0006721,A00179,C0148,2025-12-03,Purchase,1378.07,App,-19056.02
T0013928,A00373,C0298,2025-07-17,Purchase,4874.49,POS,44607.63
T0009007,A00238,C0193,2025-11-02,Transfer Out,-1676.02,USSD,85775.58
T0009139,A00242,C0197,2026-02-23,Bill Payment,2029.6,EFT,4520.51
T0002610,A00071,C0057,2025-10-21,Deposit,,ATM,102236.66
T0012121,A00327,C0262,2026-04-23,Transfer Out,4980.14,Branch,22141.2
T0001396,A00041,C0036,2025-09-26,Airtime,7758.43,USSD,72920.73
T0007263,A00191,C0156,2025-08-04,Airtime,4638.95,USSD,13295.28
T0002638,A00072,C0058,2026-01-17,Salary Credit,2777.71,POS,42542.99
T0008908,A00234,C0190,2025-10-07,Bill Payment,7849.41,POS,99431.58
T0002403,A00067,C0055,2025-12-08,Transfer In,20621.0,POS,136419.96
T0006687,A00178,C0147,2025-11-09,Transfer In,5066.73,POS,65911.71
T0007414,A00195,C0160,2026-01-19,Withdrawal,5780.2,POS,61296.43
T0009481,A00253,C0205,2025-10-23,Purchase,4934.24,USSD,11913.78
T0000786,A00024,C0022,2025-09-01,Salary Credit,17774.65,POS,84683.9
T0004244,A00117,C0097,2025-08-01,Transfer In,10534.19,USSD,36247.03
T0006407,A00171,C0141,2025-10-14,Purchase,5846.66,App,79032.64
T0003811,A00104,C0086,2025-11-12,Withdrawal,5248.57,ATM,92435.16
T0004036,A00110,C0091,2025-09-24,Transfer Out,2860.06,EFT,178772.29
T0010609,A00284,C0230,2025-09-04,Withdrawal,2373.88,EFT,97815.28
T0006693,A00178,C0147,2026-04-26,Purchase,935.56,App,101246.49
T0005658,A00151,C0125,2026-03-03,Deposit,20481.73,Branch,52356.87
T0000408,A00013,C0013,2025-11-05,Transfer Out,762.22,Branch,44127.39
T0002118,A00059,C0049,2026-06-16,Bill Payment,6545.69,USSD,102206.89
T0010697,A00287,C0231,2025-08-28,Transfer Out,,Branch,100787.74
T0013170,A00355,C0284,2025-12-28,Salary Credit,16038.05,Branch,76621.45
T0009218,A00244,C0199,2025-10-23,Bill Payment,4596.07,Branch,30162.56
T0013621,A00365,C0292,2026-01-23,Transfer In,15033.0,App,82823.26
T0010244,A00275,C0224,2026-04-23,Transfer Out,2505.5,POS,46320.75
T0000075,A00003,C0003,2025-11-10,Purchase,2987.52,Branch,84224.01
T0003877,A00107,C0089,2026-03-25,Withdrawal,2560.36,POS,55862.77
T0007941,A00208,C0171,2025-12-14,Transfer Out,7421.29,ATM,47876.59
T0013060,A00352,C0282,2025-07-12,Airtime,7818.37,Branch,-5986.02
T0009155,A00242,C0197,2026-04-13,Bill Payment,1748.95,ATM,52147.73
T0006816,A00180,C0149,2026-03-19,Withdrawal,5168.7,USSD,171276.1
T0000912,A00029,C0027,2026-04-13,Bill Payment,3387.71,ATM,29459.38
T0000833,A00026,C0024,2025-09-22,Deposit,6889.49,Branch,60552.29
T0012707,A00343,C0275,2025-08-31,Airtime,7076.76,POS,78291.85
T0004326,A00118,C0097,2026-04-10,Transfer In,4950.73,POS,17477.7
T0013380,A00360,C0288,2025-09-24,Withdrawal,1106.92,USSD,78549.53
T0005805,A00154,C0128,2025-07-28,Salary Credit,20328.14,POS,67737.7
T0013888,A00372,C0297,2026-03-09,Bill Payment,2084.44,USSD,145923.1
T0008475,A00224,C0183,2026-05-28,Bill Payment,271.01,ATM,6532.67
T0001640,A00047,C0040,2026-02-02,Purchase,5496.4,POS,97376.02
T0009726,A00260,C0212,2026-03-17,Transfer In,18373.42,Branch,141585.51
T0007324,A00192,C0157,2025-12-11,Withdrawal,5975.87,POS,132836.62
T0014033,A00375,C0299,2026-05-11,Transfer In,9685.85,POS,65032.68
T0002670,A00072,C0058,2025-10-26,Transfer Out,,ATM,59135.87
T0012615,A00341,C0273,2025-08-12,Withdrawal,3475.03,App,79656.03
T0005656,A00151,C0125,2026-06-06,Transfer Out,5315.46,USSD,39397.32
T0004554,A00123,C0102,2025-11-09,Transfer Out,1688.43,ATM,108668.99
T0009993,A00267,C0218,2026-04-25,Withdrawal,2687.94,ATM,44627.75
T0010474,A00280,C0227,2026-04-05,Bill Payment,2838.61,App,100752.46
T0013479,A00363,C0290,2026-05-16,Bill Payment,1070.43,App,44950.95
T0009256,A00245,C0200,2026-05-06,Purchase,3796.7,ATM,97024.63
T0009384,A00249,C0202,2025-10-05,Deposit,18424.6,EFT,28392.5
T0011622,A00312,C0250,2025-11-21,Bill Payment,5563.92,POS,127246.73
T0007680,A00201,C0165,2025-09-04,Transfer Out,7225.52,App,24209.68
T0001253,A00038,C0033,2025-09-16,Bill Payment,1650.99,USSD,108811.98
T0010126,A00272,C0221,2026-05-27,Purchase,3724.0,EFT,26777.65
T0013206,A00356,C0285,2026-02-05,Bill Payment,4257.12,App,53530.8
T0001512,A00045,C0038,2025-07-25,Airtime,763.82,Branch,17089.63
T0007136,A00188,C0154,2025-10-13,Salary Credit,24142.35,ATM,133708.27
T0010771,A00290,C0234,2026-03-30,Transfer In,7748.57,EFT,5799.62
T0002121,A00059,C0049,2025-07-04,Bill Payment,170.6,EFT,94316.15
T0003625,A00100,C0083,2026-03-15,Salary Credit,11111.88,ATM,11285.65
T0011121,A00299,C0240,2025-09-25,Transfer Out,7829.29,ATM,54611.67
T0012731,A00343,C0275,2026-01-10,Withdrawal,3784.81,POS,70822.72
T0004572,A00123,C0102,2025-10-15,Bill Payment,1035.71,POS,71989.16
T0007058,A00186,C0153,2025-12-29,Airtime,2072.9,EFT,119938.61
T0008358,A00220,C0180,2025-08-05,Bill Payment,7002.46,App,106710.98
T0001954,A00056,C0047,2025-11-11,Deposit,23055.79,USSD,29804.18
T0002959,A00082,C0067,2026-06-15,Transfer Out,6320.49,ATM,95886.98
T0007454,A00196,C0161,2025-10-01,Airtime,4526.44,USSD,106814.5
T0011393,A00306,C0245,2026-02-13,Transfer Out,7342.73,EFT,56606.17
T0013672,A00366,C0293,2025-07-24,Bill Payment,1253.49,EFT,119664.82
T0013021,A00350,C0281,2026-04-19,Deposit,,ATM,106155.67
T0003121,A00086,C0071,2026-04-19,Salary Credit,22530.73,App,55492.43
T0007958,A00209,C0172,2026-02-13,Transfer In,14896.31,USSD,63930.88
T0009618,A00256,C0208,2026-04-28,Transfer Out,880.82,App,138326.47
T0006647,A00177,C0146,2026-06-23,Bill Payment,4062.03,App,199415.66
T0007579,A00199,C0163,2026-04-05,Deposit,4904.72,ATM,85030.93
T0002210,A00061,C0050,2025-10-25,Airtime,6632.89,USSD,74859.91
T0013214,A00356,C0285,2025-11-22,Salary Credit,21064.64,USSD,99765.31
T0003622,A00100,C0083,2025-08-23,Withdrawal,4256.09,POS,1501.77
T0009797,A00262,C0214,2026-02-20,Bill Payment,5197.46,POS,40281.13
T0002216,A00061,C0050,2026-05-13,Withdrawal,1604.98,POS,96650.1
T0005932,A00157,C0131,2026-05-15,Purchase,3402.11,EFT,109693.73
T0004047,A00110,C0091,2025-12-17,Airtime,6830.99,POS,157666.98
T0005335,A00142,C0117,2025-07-16,Deposit,18973.66,App,67644.0
T0000473,A00014,C0014,2025-12-13,Purchase,5040.73,POS,133433.01
T0013829,A00371,C0296,2025-11-05,Purchase,6720.2,ATM,75499.41
T0006234,A00166,C0138,2025-08-27,Purchase,6565.58,EFT,185301.87
T0002334,A00065,C0054,2026-02-13,Withdrawal,6050.27,EFT,12541.57
T0014028,A00375,C0299,2026-04-06,Salary Credit,,Branch,45788.01
T0004613,A00124,C0103,2025-11-10,Airtime,2432.86,ATM,145965.66
T0008328,A00220,C0180,2025-11-20,Purchase,5000.57,ATM,-27874.21
T0001381,A00041,C0036,2026-06-17,Purchase,5267.35,POS,17328.28
T0005062,A00135,C0112,2025-11-06,Airtime,1885.36,ATM,7870.65
T0013583,A00364,C0291,2025-09-04,Bill Payment,4860.7,USSD,150357.63
T0012288,A00331,C0265,2026-03-06,Transfer In,22334.38,App,9170.48
T0010050,A00269,C0219,2025-07-27,Bill Payment,1904.94,POS,88390.25
T0011923,A00321,C0256,2025-07-17,Purchase,2516.04,USSD,70928.87
T0004316,A00118,C0097,2025-07-03,Withdrawal,3540.93,USSD,23105.19
T0001287,A00039,C0034,2025-11-15,Transfer In,23257.42,Branch,37281.64
T0006433,A00172,C0142,2026-02-17,Bill Payment,1663.68,EFT,21513.94
T0010111,A00271,C0221,2025-08-17,Airtime,202.86,ATM,31612.52
T0011409,A00306,C0245,2025-09-17,Transfer Out,6849.61,App,58617.21
T0005961,A00159,C0132,2025-12-06,Purchase,4304.12,USSD,13340.87
T0010203,A00274,C0223,2026-05-09,Transfer Out,1300.45,Branch,36985.9
T0005379,A00143,C0118,2026-01-19,Deposit,16453.59,EFT,-10202.36
T0004477,A00122,C0101,2025-10-27,Transfer Out,6438.29,Branch,-339.4
T0010311,A00276,C0224,2025-08-28,Salary Credit,5520.01,USSD,61024.63
T0004237,A00117,C0097,2026-05-12,Bill Payment,3284.14,EFT,23782.05
T0009428,A00250,C0203,2026-02-23,Airtime,3922.74,Branch,272209.88
T0001233,A00037,C0032,2026-05-25,Withdrawal,3137.13,App,171391.21
T0013677,A00367,C0293,2025-07-08,Transfer Out,7174.2,App,27434.33
T0012982,A00349,C0280,2025-12-18,Salary Credit,2864.99,EFT,163874.06
T0007511,A00197,C0161,2025-12-03,Deposit,7777.96,POS,54356.65
T0011251,A00301,C0242,2025-11-30,Purchase,132.56,App,164056.3
T0009397,A00250,C0203,2026-01-17,Salary Credit,5487.2,POS,61801.24
T0009468,A00252,C0204,2025-10-31,Transfer Out,6478.78,POS,34193.39
T0011225,A00301,C0242,2026-04-23,Transfer Out,2843.86,POS,98337.79
T0005972,A00159,C0132,2025-10-22,Transfer Out,5109.06,USSD,33656.54
T0001857,A00053,C0045,2026-03-17,Transfer In,22256.28,App,76576.1
T0008072,A00212,C0173,2025-07-30,Salary Credit,13868.59,Branch,48183.73
T0004452,A00121,C0100,2026-06-14,Withdrawal,1459.65,USSD,163104.21
T0005111,A00135,C0112,2026-05-27,Bill Payment,5342.36,EFT,6777.26
T0001099,A00034,C0030,2025-10-13,Purchase,2998.98,ATM,124394.44
T0000494,A00015,C0014,2026-05-25,Bill Payment,5270.21,USSD,6243.52
T0007072,A00186,C0153,2026-01-02,Airtime,3706.44,Branch,185835.64
T0009275,A00246,C0200,2025-12-22,Withdrawal,6098.96,App,7690.28
T0010109,A00271,C0221,2025-10-29,Airtime,1497.33,USSD,34069.45
T0003433,A00096,C0081,2025-09-19,Bill Payment,6536.29,Branch,49213.66
T0006513,A00174,C0144,2026-01-09,Transfer Out,1008.92,ATM,67239.31
T0012071,A00326,C0261,2025-10-05,Withdrawal,1155.07,EFT,52005.12
T0012286,A00331,C0265,2025-08-21,Transfer In,21458.83,Branch,-6517.72
T0011051,A00297,C0239,2026-04-29,Withdrawal,2346.18,USSD,61910.66
T0013249,A00357,C0286,2026-02-14,Transfer In,3893.23,ATM,92732.12
T0013579,A00364,C0291,2026-04-21,Purchase,5007.39,POS,146037.22
T0008660,A00229,C0186,2025-10-20,Bill Payment,175.37,Branch,7015.2
T0004673,A00126,C0104,2025-12-24,Salary Credit,19627.77,Branch,55781.97
T0011827,A00318,C0255,2026-06-19,Bill Payment,5998.66,ATM,27253.9
T0001716,A00049,C0042,2026-03-14,Transfer In,8785.97,EFT,191420.54
T0011640,A00312,C0250,2025-11-23,Bill Payment,2523.46,USSD,116248.72
T0005121,A00136,C0112,2026-05-09,Bill Payment,4612.36,Branch,28607.7
T0008184,A00216,C0177,2026-03-13,Airtime,4819.32,ATM,-2608.57
T0008754,A00231,C0188,2026-02-26,Withdrawal,5496.1,EFT,34109.37
T0009573,A00256,C0208,2026-06-01,Purchase,4631.84,EFT,2429.45
T0009623,A00257,C0209,2026-04-15,Transfer Out,4139.79,USSD,-871.8
T0009823,A00263,C0215,2026-04-20,Withdrawal,6057.09,POS,13285.67
T0006387,A00171,C0141,2026-04-07,Transfer Out,1449.67,ATM,52487.02
T0007970,A00209,C0172,2025-09-27,Deposit,11021.18,ATM,81063.01
T0010927,A00295,C0237,2026-06-08,Airtime,1338.06,App,759.47
T0005284,A00141,C0117,2025-11-17,Bill Payment,7048.39,POS,48144.85
T0005810,A00154,C0128,2025-07-30,Salary Credit,16338.65,USSD,96775.07
T0005102,A00135,C0112,2025-11-15,Transfer In,8566.64,POS,32546.72
T0002215,A00061,C0050,2026-06-24,Transfer Out,6059.03,EFT,98255.08
T0008170,A00216,C0177,2025-11-30,Purchase,2402.46,EFT,1892.43
T0003002,A00084,C0069,2026-06-26,Purchase,7355.54,App,36603.49
T0010283,A00276,C0224,2026-06-10,Transfer Out,131.72,Branch,-7208.01
T0007621,A00200,C0164,2025-11-16,Transfer Out,38.09,USSD,19743.37
T0004368,A00119,C0098,2026-02-04,Deposit,14773.01,Branch,219384.06
T0004516,A00122,C0101,2025-08-26,Bill Payment,1985.74,EFT,142721.6
T0009669,A00258,C0210,2026-04-25,Salary Credit,1087.74,POS,81819.78
T0004672,A00126,C0104,2026-05-02,Deposit,8041.52,Branch,36154.2
T0013219,A00356,C0285,2025-07-05,Deposit,21557.37,ATM,153800.32
T0002418,A00067,C0055,2025-08-11,Bill Payment,2761.71,EFT,154013.99
T0007100,A00188,C0154,2025-09-04,Airtime,758.8,Branch,18858.01
T0000202,A00007,C0007,2025-07-14,Salary Credit,24936.98,EFT,60270.09
T0007109,A00188,C0154,2025-08-14,Transfer Out,4550.77,POS,28561.45
T0011235,A00301,C0242,2025-09-27,Airtime,2696.63,App,106947.33
T0003557,A00098,C0082,2026-05-31,Withdrawal,5180.13,EFT,160191.65
T0011601,A00312,C0250,2026-02-05,Bill Payment,2588.53,POS,69400.13
T0011612,A00312,C0250,2026-01-18,Withdrawal,3020.19,POS,75370.28
T0006919,A00183,C0151,2025-07-07,Purchase,3047.26,ATM,71761.5
T0010738,A00288,C0232,2026-03-21,Withdrawal,,App,85958.71
T0008171,A00216,C0177,2025-11-02,Purchase,2894.28,Branch,-1001.85
T0006934,A00183,C0151,2026-06-24,Airtime,4570.47,ATM,170489.38
T0003075,A00085,C0070,2025-07-17,Transfer In,,Branch,80920.03
T0006854,A00182,C0150,2025-09-24,Salary Credit,9243.37,EFT,35442.69
T0013300,A00358,C0287,2025-08-02,Transfer Out,3395.71,App,81435.78
T0005305,A00141,C0117,2025-07-19,Salary Credit,566.68,USSD,35294.79
T0001524,A00045,C0038,2026-04-07,Withdrawal,4001.32,ATM,12435.66
T0003109,A00086,C0071,2025-08-31,Bill Payment,3070.13,Branch,21470.59
T0001193,A00037,C0032,2026-02-25,Salary Credit,8582.42,ATM,80707.06
T0010363,A00278,C0225,2025-09-15,Transfer Out,519.6,EFT,99873.22
T0013231,A00357,C0286,2025-07-21,Airtime,4179.65,POS,35379.65
T0014128,A00377,C0300,2025-12-27,Purchase,2127.47,ATM,29565.55
T0009348,A00248,C0202,2025-07-28,Deposit,11039.1,USSD,91960.3
T0010856,A00293,C0236,2026-06-20,Bill Payment,1081.3,USSD,3436.98
T0012293,A00331,C0265,2025-08-15,Bill Payment,1502.9,ATM,12087.15
T0012248,A00330,C0264,2026-01-04,Bill Payment,2378.01,App,81996.17
T0002232,A00062,C0051,2026-05-13,Salary Credit,12478.61,ATM,62301.0
T0012069,A00326,C0261,2026-05-11,Deposit,21927.06,POS,40242.98
T0000525,A00016,C0015,2026-06-23,Purchase,6101.02,ATM,17060.93
T0008506,A00225,C0183,2026-03-13,Transfer Out,7027.68,EFT,22066.4
T0006661,A00177,C0146,2026-06-07,Airtime,5243.75,POS,221557.1
T0007475,A00196,C0161,2025-08-02,Transfer In,23093.37,EFT,237715.72
T0010595,A00284,C0230,2025-10-27,Bill Payment,7086.86,POS,39312.89
T0013358,A00359,C0288,2026-04-09,Bill Payment,4420.49,POS,105251.43
T0002977,A00083,C0068,2025-08-19,Transfer In,19990.21,Branch,61647.45
T0010294,A00276,C0224,2026-06-16,Airtime,6000.21,ATM,50526.39
T0009894,A00264,C0216,2025-09-20,Withdrawal,6410.71,EFT,153466.28
T0013306,A00358,C0287,2026-06-25,Purchase,7985.48,EFT,96745.73
T0010943,A00295,C0237,2026-02-25,Deposit,16608.22,App,76983.25
T0010048,A00269,C0219,2025-09-13,Deposit,11169.23,POS,92043.14
T0009207,A00244,C0199,2026-01-14,Transfer In,19152.26,EFT,63523.93
T0007085,A00187,C0154,2026-05-21,Purchase,2750.01,EFT,45754.24
T0005645,A00150,C0124,2026-01-21,Salary Credit,15026.23,EFT,83942.23
T0007195,A00189,C0155,2026-04-04,Withdrawal,4628.84,App,138277.67
T0013262,A00357,C0286,2025-12-09,Transfer Out,,POS,140289.37
T0013507,A00363,C0290,2026-06-14,Airtime,7749.73,USSD,129369.64
T0012041,A00325,C0260,2025-09-24,Salary Credit,5321.17,POS,31116.41
T0006510,A00174,C0144,2026-02-01,Salary Credit,3023.58,POS,68801.97
T0001832,A00052,C0044,2025-11-10,Withdrawal,7397.64,ATM,96227.45
T0008007,A00209,C0172,2026-06-10,Purchase,927.41,ATM,210144.92
T0008227,A00217,C0178,2025-09-22,Bill Payment,6712.06,POS,63679.74
T0001449,A00043,C0037,2025-11-16,Deposit,16096.09,ATM,54811.93
T0012787,A00345,C0277,2025-08-08,Transfer In,12257.12,EFT,49989.36
T0008984,A00237,C0192,2026-02-06,Purchase,6638.61,EFT,-22812.69
T0003395,A00095,C0080,2025-11-04,Transfer Out,553.71,ATM,74705.66
T0003065,A00085,C0070,2025-11-19,Transfer In,10654.17,Branch,36954.8
T0009045,A00239,C0194,2025-07-24,Withdrawal,5249.31,USSD,52487.57
T0006016,A00160,C0133,2025-09-11,Transfer Out,7609.55,USSD,35417.34
T0004189,A00116,C0096,2026-01-24,Bill Payment,1076.8,POS,32931.65
T0003664,A00102,C0084,2026-01-17,Bill Payment,2961.74,EFT,27567.94
T0003249,A00090,C0075,2025-12-16,Bill Payment,3511.53,App,73602.59
T0009480,A00252,C0204,2025-11-07,Salary Credit,7092.94,App,113861.58
T0009520,A00253,C0205,2025-08-13,Transfer In,18577.11,ATM,106082.85
T0005763,A00153,C0127,2025-09-07,Deposit,8176.99,ATM,36938.88
T0008181,A00216,C0177,2026-01-02,Withdrawal,7790.48,USSD,5988.03
T0003378,A00094,C0079,2025-09-04,Transfer In,3468.23,App,16238.17
T0003587,A00099,C0083,2025-12-25,Bill Payment,6462.59,App,50076.14
T0001779,A00051,C0043,2025-10-30,Purchase,7263.55,USSD,96227.09
T0010189,A00273,C0222,2026-05-28,Deposit,4808.71,USSD,59380.28
T0005993,A00159,C0132,2026-05-22,Airtime,1666.51,USSD,62317.52
T0009035,A00239,C0194,2025-07-24,Deposit,20994.15,App,61026.19
T0011456,A00308,C0247,2025-12-30,Salary Credit,22629.87,USSD,79087.41
T0004917,A00131,C0108,2026-05-08,Transfer Out,1964.75,USSD,39714.7
T0008115,A00213,C0174,2026-06-28,Transfer In,13025.67,EFT,59219.71
T0005270,A00140,C0116,2025-12-10,Withdrawal,6144.68,EFT,11141.36
T0008377,A00221,C0181,2025-11-03,Salary Credit,9386.78,Branch,147333.32
T0005171,A00137,C0113,2026-06-30,Purchase,2963.5,POS,19449.55
T0002538,A00069,C0056,2025-11-16,Salary Credit,13481.47,POS,223362.13
T0004037,A00110,C0091,2025-11-13,Airtime,206.69,POS,178565.6
T0013944,A00373,C0298,2026-05-12,Withdrawal,5898.67,EFT,124563.05
T0004421,A00120,C0099,2026-02-11,Salary Credit,11832.01,EFT,44941.92
T0010990,A00296,C0238,2025-11-15,Airtime,374.34,App,127517.08
T0002659,A00072,C0058,2025-10-12,Purchase,3354.6,USSD,36647.62
T0007794,A00204,C0167,2026-01-29,Withdrawal,1483.64,Branch,19111.93
T0009787,A00262,C0214,2026-06-25,Withdrawal,3388.22,ATM,42410.54
T0004649,A00125,C0104,2026-02-27,Bill Payment,1364.63,App,62335.22
T0007087,A00187,C0154,2026-01-23,Airtime,4421.2,ATM,64635.54
T0006927,A00183,C0151,2025-09-05,Salary Credit,24723.71,Branch,134580.93
T0011771,A00316,C0254,2026-06-15,Transfer In,5830.58,Branch,31738.17
T0012848,A00347,C0279,2025-10-01,Bill Payment,5383.18,USSD,130696.84
T0008918,A00235,C0190,2025-10-10,Salary Credit,17475.0,Branch,97010.18
T0010176,A00273,C0222,2025-09-28,Bill Payment,272.54,USSD,76028.94
T0008771,A00231,C0188,2025-09-23,Withdrawal,3575.98,ATM,93874.91
T0002620,A00071,C0057,2025-12-01,Salary Credit,24321.75,App,135594.41
T0012351,A00332,C0266,2026-01-07,Airtime,6347.05,App,151344.81
T0010192,A00273,C0222,2025-11-28,Airtime,7194.98,POS,44408.22
T0002296,A00063,C0052,2025-09-28,Airtime,3707.04,App,168669.84
T0007902,A00207,C0170,2025-10-19,Deposit,10259.13,POS,237249.59
T0002808,A00078,C0064,2025-09-01,Bill Payment,2037.46,POS,63239.06
T0008235,A00217,C0178,2025-07-29,Purchase,7754.72,USSD,121082.4
T0002201,A00061,C0050,2025-12-25,Salary Credit,21320.6,POS,106103.26
T0001689,A00049,C0042,2025-08-19,Purchase,4222.04,POS,41628.17
T0005687,A00151,C0125,2025-07-01,Deposit,16847.39,ATM,135248.13
T0004823,A00129,C0106,2026-01-21,Bill Payment,6161.93,App,90257.74
T0004717,A00127,C0105,2025-11-03,Salary Credit,419.93,POS,8813.22
T0012718,A00343,C0275,2026-06-17,Salary Credit,7037.4,Branch,90096.94
T0005514,A00146,C0121,2025-12-13,Bill Payment,5481.45,EFT,224464.72
T0000844,A00026,C0024,2025-09-27,Transfer Out,249.5,ATM,89358.32
T0000546,A00017,C0016,2026-03-08,Bill Payment,,USSD,63791.9
T0004718,A00127,C0105,2025-11-29,Airtime,1582.58,App,7230.64
T0006961,A00184,C0151,2026-02-06,Transfer Out,2863.87,POS,22506.55
T0010499,A00281,C0228,2025-10-15,Transfer Out,3099.3,USSD,38870.94
T0000929,A00029,C0027,2025-10-30,Salary Credit,9772.93,EFT,71257.83
T0004770,A00128,C0106,2026-02-17,Bill Payment,203.07,ATM,57457.41
T0006897,A00183,C0151,2026-04-12,Airtime,1259.25,EFT,30759.56
T0001160,A00036,C0032,2026-01-02,Deposit,-1935.91,App,48376.22
T0012691,A00343,C0275,2026-05-15,Transfer Out,522.82,App,17521.2
T0011179,A00300,C0241,2025-09-10,Bill Payment,7332.75,App,13105.06
T0008397,A00222,C0181,2025-10-19,Purchase,3793.12,ATM,43475.01
T0006238,A00166,C0138,2026-04-27,Deposit,5377.25,EFT,205590.8
T0007641,A00200,C0164,2026-04-21,Salary Credit,2654.39,USSD,127697.53
T0001015,A00032,C0029,2025-12-25,Salary Credit,-17468.11,Branch,66675.55
T0007076,A00186,C0153,2025-11-19,Transfer Out,1532.93,ATM,172899.88
T0002096,A00059,C0049,2025-10-12,Transfer In,16585.16,Branch,43418.51
T0007973,A00209,C0172,2025-11-05,Purchase,3265.54,ATM,95283.92
T0000957,A00030,C0028,2026-06-09,Deposit,233.49,EFT,99698.82
T0000184,A00006,C0006,2025-09-08,Deposit,4426.06,ATM,67719.96
T0001777,A00051,C0043,2026-06-13,Transfer Out,6870.94,EFT,104807.78
T0006442,A00172,C0142,2026-03-01,Salary Credit,5134.4,ATM,20740.79
T0005891,A00156,C0130,2025-07-27,Salary Credit,1369.81,POS,97656.35
T0001703,A00049,C0042,2025-08-31,Withdrawal,1992.7,App,64724.35
T0009556,A00255,C0207,2025-11-18,Purchase,6943.04,ATM,54324.31
T0004944,A00131,C0108,2025-09-08,Salary Credit,4743.28,EFT,122146.49
T0000651,A00019,C0017,2025-08-05,Withdrawal,5490.36,EFT,48452.32
T0007754,A00203,C0166,2026-02-13,Salary Credit,13180.95,POS,103082.85
T0006177,A00165,C0137,2025-09-04,Airtime,5172.44,USSD,25045.27
T0011464,A00308,C0247,2026-05-07,Bill Payment,1254.86,POS,103420.5
T0001799,A00051,C0043,2025-09-21,Airtime,375.99,POS,108931.92
T0008629,A00228,C0185,2026-06-16,Airtime,5619.29,App,-13920.03
T0011224,A00301,C0242,2026-04-03,Bill Payment,2638.72,Branch,101181.65
T0001552,A00045,C0038,2025-11-12,Deposit,24707.14,ATM,54667.55
T0002477,A00068,C0056,2026-04-04,Withdrawal,7613.37,App,259533.93
T0003756,A00103,C0085,2025-08-20,Transfer Out,6362.54,EFT,43958.35
T0001214,A00037,C0032,2026-02-22,Deposit,18458.54,EFT,103345.27
T0003579,A00099,C0083,2026-05-24,Transfer In,13466.89,ATM,24100.07
T0008876,A00234,C0190,2025-10-02,Airtime,6664.18,USSD,67778.62
T0010514,A00281,C0228,2026-01-19,Bill Payment,3437.0,Branch,26034.6
T0010895,A00294,C0237,2026-03-11,Deposit,20016.61,POS,144252.44
T0011263,A00302,C0242,2025-09-04,Transfer In,5136.11,ATM,41296.7
T0013052,A00351,C0281,2025-12-26,Bill Payment,7619.43,App,-70675.12
T0005488,A00146,C0121,2026-02-24,Airtime,6647.31,USSD,115836.36
T0004222,A00116,C0096,2025-08-13,Purchase,7928.52,App,54676.93
T0001993,A00056,C0047,2026-04-29,Transfer Out,1596.95,USSD,43321.7
T0013388,A00360,C0288,2025-12-23,Deposit,20995.11,ATM,91595.38
T0003153,A00086,C0071,2025-07-01,Airtime,1508.91,Branch,98646.81
T0005955,A00158,C0131,2025-12-25,Airtime,4118.52,Branch,61705.3
T0001165,A00036,C0032,2025-07-11,Purchase,3043.8,App,48608.71
T0010396,A00279,C0226,2026-02-01,Bill Payment,2461.15,Branch,22638.5
T0011794,A00316,C0254,2025-09-30,Transfer Out,3228.1,App,83080.81
T0005070,A00135,C0112,2025-10-19,Salary Credit,4883.53,App,-8121.63
T0011487,A00309,C0248,2025-07-20,Bill Payment,1444.58,EFT,66412.05
T0010546,A00282,C0228,2026-01-11,Transfer Out,7949.97,EFT,-16199.24
T0004196,A00116,C0096,2025-10-19,Bill Payment,4781.43,ATM,39072.57
T0010095,A00270,C0220,2026-02-07,Withdrawal,2389.22,POS,67316.47
T0004826,A00129,C0106,2025-09-21,Transfer Out,7560.91,EFT,79030.08
T0012413,A00334,C0267,2026-03-02,Transfer In,6282.55,App,114507.18
T0007227,A00190,C0156,2025-11-13,Transfer Out,7933.18,USSD,51401.5
T0012846,A00347,C0279,2025-09-04,Transfer In,13790.95,App,139316.38
T0011149,A00299,C0240,2025-11-04,Purchase,2159.32,USSD,136365.32
T0011683,A00313,C0251,2025-12-30,Transfer Out,7391.83,EFT,116888.74
T0007510,A00197,C0161,2026-03-16,Purchase,3460.12,USSD,46578.69
T0006030,A00160,C0133,2026-04-06,Bill Payment,715.73,Branch,55210.06
T0009731,A00260,C0212,2025-10-15,Transfer In,9166.34,ATM,168840.65
T0004947,A00131,C0108,2026-02-02,Purchase,6093.18,App,116965.78
T0012556,A00339,C0271,2025-12-16,Withdrawal,1824.75,EFT,12042.54
T0009305,A00247,C0201,2025-12-07,Airtime,7397.05,ATM,13417.01
T0007545,A00198,C0162,2025-07-13,Purchase,1966.19,Branch,64052.46
T0001494,A00044,C0037,2026-01-07,Deposit,17564.9,App,91981.5
T0001121,A00034,C0030,2025-10-16,Deposit,4982.56,EFT,177088.97
T0012159,A00328,C0263,2025-08-15,Transfer Out,7752.75,Branch,108603.21
T0005106,A00135,C0112,2026-02-02,Transfer Out,2627.54,App,23541.55
T0004990,A00133,C0110,2026-04-06,Transfer Out,,ATM,29784.57
T0004708,A00126,C0104,2025-10-17,Airtime,4959.58,EFT,118051.07
T0013160,A00354,C0283,2025-08-15,Deposit,7339.55,App,139569.42
T0003730,A00103,C0085,2025-10-02,Bill Payment,7491.99,POS,15952.66
T0003874,A00107,C0089,2025-07-21,Deposit,674.14,POS,40071.82
T0002625,A00072,C0058,2026-06-05,Withdrawal,6204.23,App,39183.51
T0002294,A00063,C0052,2025-07-22,Transfer In,19236.88,App,148657.0
T0004400,A00120,C0099,2025-10-12,Bill Payment,7298.95,App,12402.12
T0007807,A00204,C0167,2025-09-22,Airtime,4654.34,EFT,83687.39
T0008324,A00220,C0180,2025-07-11,Withdrawal,4548.83,Branch,-11336.89
T0010018,A00267,C0218,2026-03-24,Withdrawal,1876.49,ATM,101762.12
T0006596,A00176,C0146,2025-12-14,Airtime,2720.21,ATM,50869.86
T0006921,A00183,C0151,2026-06-22,Bill Payment,7652.18,EFT,62543.51
T0006428,A00171,C0141,2026-03-26,Deposit,17446.02,App,149405.53
T0003012,A00084,C0069,2025-07-17,Airtime,1156.72,USSD,68123.33
T0013890,A00372,C0297,2026-04-18,Bill Payment,2498.41,USSD,142639.78
T0007120,A00188,C0154,2025-09-13,Transfer In,20199.13,Branch,92657.56
T0001416,A00041,C0036,2026-02-05,Transfer In,15478.57,ATM,128807.81
T0010270,A00275,C0224,2026-06-11,Salary Credit,18478.36,Branch,94000.93
T0011033,A00297,C0239,2026-03-17,Transfer In,7285.05,USSD,22832.87
T0008525,A00226,C0184,2026-02-27,Transfer In,24920.7,App,44937.32
T0011758,A00316,C0254,2026-01-11,Purchase,2376.7,EFT,32911.79
T0010852,A00293,C0236,2026-04-20,Withdrawal,5566.76,POS,14505.26
T0008748,A00231,C0188,2026-02-06,Airtime,3411.31,USSD,1174.41
T0012859,A00347,C0279,2025-08-16,Bill Payment,5803.69,EFT,138340.89
T0007526,A00198,C0162,2025-07-18,Transfer In,23575.35,USSD,63190.93
T0001985,A00056,C0047,2026-02-24,Withdrawal,2783.37,USSD,65197.3
T0013887,A00372,C0297,2026-06-01,Airtime,,Branch,148007.54
T0012853,A00347,C0279,2026-03-17,Transfer In,24601.84,App,153954.71
T0001930,A00054,C0045,2025-09-17,Purchase,6969.89,EFT,129024.16
T0013540,A00364,C0291,2025-11-04,Transfer In,5560.28,ATM,74652.07
T0001104,A00034,C0030,2026-05-20,Transfer In,14670.46,App,150284.31
T0006278,A00168,C0139,2026-01-15,Withdrawal,4574.35,POS,49862.84
T0001159,A00036,C0032,2025-12-17,Bill Payment,1658.42,App,46440.31
T0007135,A00188,C0154,2026-02-26,Bill Payment,4693.22,USSD,109565.92
T0000606,A00018,C0016,2025-08-04,Transfer Out,2416.27,App,65173.27
T0010654,A00286,C0231,2025-09-08,Airtime,5542.88,USSD,34631.62
T0012916,A00348,C0279,2025-11-02,Salary Credit,3578.02,EFT,62175.38
T0008264,A00218,C0179,2025-09-28,Transfer Out,4995.67,App,5225.01
T0010832,A00292,C0235,2025-11-17,Salary Credit,23135.88,App,63699.76
T0012461,A00336,C0268,2026-04-10,Airtime,7578.48,ATM,43709.4
T0009596,A00256,C0208,2026-03-12,Salary Credit,17211.82,USSD,95818.46
T0009611,A00256,C0208,2026-06-02,Withdrawal,5795.4,USSD,113130.93
T0000008,A00001,C0001,2025-10-04,Airtime,2621.36,Branch,32658.99
T0010763,A00290,C0234,2026-01-06,Transfer In,22260.92,POS,16.24
T0008113,A00213,C0174,2025-09-21,Transfer In,6111.28,Branch,33684.65
T0006180,A00165,C0137,2026-03-02,Bill Payment,4579.51,App,10710.26
T0012783,A00345,C0277,2026-05-23,Airtime,5091.63,App,45518.25
T0003875,A00107,C0089,2026-03-21,Transfer Out,5480.69,App,34591.13
T0005177,A00137,C0113,2025-07-29,Airtime,556.52,POS,1017.98
T0002839,A00079,C0065,2026-05-23,Salary Credit,6670.79,POS,30374.9
T0008903,A00234,C0190,2025-11-15,Purchase,3355.01,ATM,115341.54
T0007838,A00206,C0169,2025-10-28,Transfer Out,6541.56,USSD,26768.14
T0008885,A00234,C0190,2026-03-26,Bill Payment,6218.06,POS,58180.35
T0000744,A00023,C0021,2026-02-16,Bill Payment,1929.24,USSD,25735.69
T0008968,A00237,C0192,2026-05-30,Purchase,3853.39,USSD,-564.49
T0011388,A00306,C0245,2026-06-19,Transfer In,5820.96,USSD,69058.87
T0009403,A00250,C0203,2025-07-23,Bill Payment,5013.35,App,119591.74
T0006791,A00180,C0149,2025-12-19,Transfer Out,-5393.19,ATM,66395.83
T0010982,A00296,C0238,2026-06-30,Transfer Out,3305.65,App,84968.97
T0002650,A00072,C0058,2026-04-09,Transfer Out,7500.74,EFT,51258.11
T0004750,A00127,C0105,2026-03-31,Airtime,6872.81,USSD,36483.54
T0000497,A00015,C0014,2025-08-10,Salary Credit,20045.4,POS,49139.47
T0010221,A00274,C0223,2026-06-19,Airtime,7268.07,Branch,69620.37
T0008466,A00223,C0182,2025-12-08,Transfer Out,851.62,EFT,161991.78
T0011326,A00304,C0244,2026-05-14,Salary Credit,14084.76,POS,5871.81
T0009423,A00250,C0203,2026-03-23,Withdrawal,1382.83,App,249272.76
T0002077,A00058,C0048,2026-03-07,Transfer Out,4563.25,App,71562.04
T0013122,A00354,C0283,2026-02-03,Salary Credit,9639.21,Branch,52791.84
T0000190,A00007,C0007,2026-06-18,Withdrawal,2294.85,ATM,14124.89
T0000650,A00019,C0017,2026-04-11,Withdrawal,6579.74,EFT,53942.68
T0002442,A00068,C0056,2025-11-05,Withdrawal,4938.64,App,143116.76
T0005724,A00152,C0126,2025-08-07,Withdrawal,3846.28,EFT,73399.02
T0002492,A00069,C0056,2026-05-31,Deposit,6404.79,POS,72305.13
T0010862,A00293,C0236,2025-07-12,Purchase,926.63,POS,-1908.7
T0000625,A00019,C0017,2026-05-01,Withdrawal,2679.65,App,50587.17
T0011720,A00315,C0253,2025-11-29,Airtime,7239.04,POS,21452.71
T0010849,A00293,C0236,2026-05-01,Airtime,2381.4,POS,4412.37
T0003156,A00086,C0071,2026-03-11,Purchase,2112.22,EFT,90422.42
T0005113,A00136,C0112,2026-02-20,Deposit,21817.35,EFT,36884.32
T0001596,A00046,C0039,2025-09-09,Transfer In,2177.72,ATM,100440.92
T0003518,A00098,C0082,2026-04-16,Bill Payment,4939.34,EFT,77014.19
T0002633,A00072,C0058,2026-05-28,Purchase,,ATM,27710.15
T0008673,A00229,C0186,2025-11-16,Transfer Out,2670.76,Branch,12760.94
T0011232,A00301,C0242,2025-10-31,Purchase,490.23,App,90483.59
T0011126,A00299,C0240,2026-04-20,Bill Payment,82.8,App,44465.9
T0000171,A00006,C0006,2026-03-24,Salary Credit,,USSD,65742.99
T0008228,A00217,C0178,2026-06-02,Transfer In,2919.28,POS,66599.02
T0002254,A00062,C0051,2026-05-22,Salary Credit,4626.49,Branch,99519.91
T0009025,A00239,C0194,2025-08-11,Deposit,3107.74,ATM,32568.22
T0008505,A00225,C0183,2025-09-13,Transfer Out,2773.51,EFT,29094.08
T0012964,A00349,C0280,2026-06-22,Transfer In,2505.3,Branch,92948.11
T0013067,A00352,C0282,2025-08-17,Bill Payment,6914.74,POS,5496.42
T0011560,A00311,C0250,2025-10-01,Bill Payment,6043.09,Branch,49332.04
T0011334,A00304,C0244,2026-03-18,Withdrawal,2778.84,Branch,29735.04
T0003712,A00102,C0084,2026-06-03,Purchase,7573.11,App,55332.57
T0012896,A00348,C0279,2026-06-03,Bill Payment,7002.57,POS,80358.98
T0002071,A00058,C0048,2026-06-19,Transfer In,5785.66,ATM,72080.28
T0008092,A00212,C0173,2026-06-10,Airtime,5079.31,USSD,45069.65
T0011371,A00305,C0244,2025-10-01,Airtime,2295.07,ATM,125807.7
T0001723,A00049,C0042,2025-09-20,Transfer In,2503.86,USSD,172122.71
T0004964,A00132,C0109,2025-11-10,Transfer In,22392.97,USSD,115763.28
T0010022,A00268,C0219,2026-05-21,Deposit,10484.85,ATM,26782.92
T0009144,A00242,C0197,2025-08-31,Deposit,272.48,App,-311.78
T0012809,A00346,C0278,2025-11-06,Deposit,18405.33,ATM,36975.61
T0013596,A00365,C0292,2025-08-11,Transfer In,17385.06,EFT,45806.61
T0008763,A00231,C0188,2026-02-06,Transfer Out,3546.78,ATM,46064.09
T0010995,A00296,C0238,2026-05-08,Transfer In,15616.41,ATM,146843.32
T0004229,A00116,C0096,2026-05-26,Airtime,6665.93,ATM,69061.62
T0009653,A00258,C0210,2026-05-12,Purchase,5917.1,EFT,51570.91
T0008380,A00221,C0181,2026-03-08,Deposit,4079.17,Branch,175049.94
T0009075,A00240,C0195,2025-08-21,Transfer Out,3791.82,POS,90461.26
T0010841,A00292,C0235,2025-11-19,Transfer Out,1710.12,USSD,91663.24
T0009185,A00243,C0198,2026-05-30,Salary Credit,22613.27,Branch,20006.01
T0010535,A00282,C0228,2026-03-07,Airtime,3270.46,POS,2529.87
T0003027,A00084,C0069,2026-05-09,Withdrawal,1460.07,POS,52072.82
T0003338,A00092,C0077,2026-04-06,Airtime,2781.94,Branch,132145.97
T0000485,A00014,C0014,2025-10-06,Purchase,4358.09,EFT,161340.1
T0012616,A00341,C0273,2025-09-19,Transfer Out,5636.77,POS,74019.26
T0001805,A00051,C0043,2025-07-27,Salary Credit,16514.02,Branch,119841.56
T0003462,A00096,C0081,2026-06-19,Transfer In,19568.28,ATM,234270.45
T0006205,A00166,C0138,2025-10-20,Deposit,1434.03,App,82230.37
T0006134,A00164,C0136,2026-06-08,Salary Credit,24265.16,USSD,110784.39
T0012024,A00324,C0259,2026-01-01,Airtime,,POS,51279.57
T0006937,A00183,C0151,2026-02-14,Deposit,5022.75,POS,201146.55
T0004857,A00130,C0107,2026-03-30,Deposit,4419.91,ATM,81564.34
T0008728,A00230,C0187,2025-09-15,Transfer Out,7804.2,App,62363.52
T0009410,A00250,C0203,2026-04-01,Transfer In,10385.13,POS,134281.2
T0001469,A00043,C0037,2025-09-18,Transfer In,1491.3,USSD,137312.24
T0005342,A00142,C0117,2025-12-30,Bill Payment,382.89,ATM,79243.38
T0007022,A00185,C0152,2025-08-07,Salary Credit,23945.38,ATM,138551.44
T0005069,A00135,C0112,2026-01-31,Bill Payment,4075.61,ATM,-13005.16
T0008057,A00211,C0173,2025-08-17,Withdrawal,2079.3,App,113646.06
T0014058,A00376,C0300,2026-04-18,Transfer Out,988.9,EFT,43098.45
T0005176,A00137,C0113,2026-03-31,Bill Payment,1414.39,Branch,1574.5
T0011599,A00312,C0250,2025-12-31,Transfer Out,4099.5,USSD,77956.5
T0009522,A00253,C0205,2025-08-08,Withdrawal,3194.46,USSD,102708.37
T0010229,A00274,C0223,2026-04-29,Bill Payment,965.26,EFT,100411.43
T0001572,A00046,C0039,2025-07-08,Deposit,3919.05,POS,65301.06
T0009638,A00257,C0209,2025-12-07,Airtime,5751.1,ATM,-2272.6
T0008861,A00233,C0189,2026-02-14,Transfer Out,4040.25,ATM,89218.15
T0005331,A00142,C0117,2026-04-19,Airtime,7957.66,ATM,48895.33
T0011850,A00319,C0255,2025-10-03,Purchase,7447.39,POS,34340.71
T0011916,A00321,C0256,2026-04-14,Transfer In,19408.24,EFT,44269.15
T0012517,A00338,C0270,2025-08-05,Bill Payment,4209.14,POS,31925.46
T0007592,A00199,C0163,2026-02-25,Transfer In,7327.97,App,99670.97
T0004126,A00114,C0094,2026-04-17,Deposit,7093.76,ATM,-3915.62
T0003033,A00084,C0069,2025-09-07,Airtime,3189.11,App,74120.8
T0004259,A00117,C0097,2025-08-29,Bill Payment,394.19,EFT,67305.85
T0008125,A00214,C0175,2025-10-24,Deposit,21601.53,Branch,37508.34
T0009489,A00253,C0205,2026-04-28,Purchase,2632.68,ATM,4907.98
T0013027,A00350,C0281,2026-04-27,Transfer In,4464.03,App,101452.06
T0014081,A00376,C0300,2025-10-13,Bill Payment,2385.96,App,164630.05
T0008149,A00215,C0176,2026-01-04,Airtime,2482.52,EFT,82416.54
T0006050,A00161,C0133,2025-10-15,Withdrawal,3167.1,USSD,33260.61
T0001283,A00038,C0033,2026-03-23,Transfer In,21912.55,EFT,287721.12
T0004306,A00118,C0097,2025-08-31,Bill Payment,2795.93,ATM,40312.77
T0005462,A00145,C0120,2025-07-04,Salary Credit,211.78,USSD,85690.97
T0004009,A00110,C0091,2026-04-27,Deposit,6106.88,Branch,125570.69
T0009398,A00250,C0203,2026-01-30,Transfer In,22210.85,POS,84012.09
T0005920,A00157,C0131,2026-06-21,Transfer In,16305.78,POS,50747.14
T0000156,A00005,C0005,2026-05-17,Salary Credit,-5071.9,ATM,51659.89
T0002129,A00059,C0049,2025-09-02,Bill Payment,222.88,USSD,118680.05
T0013330,A00358,C0287,2026-01-06,Transfer In,11704.32,ATM,165279.32
T0007465,A00196,C0161,2025-12-06,Withdrawal,4416.43,ATM,200339.42
T0012370,A00333,C0266,2026-05-30,Transfer Out,6603.66,ATM,70513.87
T0001668,A00048,C0041,2025-09-11,Airtime,3992.7,USSD,50243.69
T0007368,A00194,C0159,2025-07-30,Airtime,1313.05,Branch,31544.28
T0002350,A00066,C0054,2026-01-09,Airtime,2947.02,EFT,13826.81
T0006857,A00182,C0150,2026-06-15,Salary Credit,7470.85,USSD,67380.28
T0004448,A00121,C0100,2026-05-08,Bill Payment,1357.83,ATM,148084.41
T0006477,A00173,C0143,2025-09-13,Airtime,1735.71,Branch,57784.43
T0002779,A00077,C0063,2026-04-13,Salary Credit,9925.72,USSD,73444.15
T0007690,A00201,C0165,2026-06-30,Deposit,-8563.91,USSD,47927.25
T0009137,A00242,C0197,2025-11-11,Withdrawal,4848.07,Branch,6832.94
T0010230,A00274,C0223,2026-02-14,Airtime,6405.67,POS,94005.76
T0000762,A00023,C0021,2026-02-20,Bill Payment,1386.19,Branch,67824.87
T0000054,A00002,C0002,2026-03-29,Deposit,15296.95,Branch,72084.06
T0014043,A00375,C0299,2026-03-20,Purchase,1060.05,USSD,101212.6
T0010194,A00273,C0222,2025-11-03,Transfer In,8792.81,ATM,56698.64
T0011773,A00316,C0254,2026-04-24,Transfer In,12780.32,USSD,41451.0
T0009240,A00245,C0200,2026-05-21,Deposit,3329.81,App,19413.94
T0001593,A00046,C0039,2026-03-05,Deposit,4043.87,App,85753.95
T0011868,A00319,C0255,2025-10-13,Withdrawal,466.8,ATM,27647.91
T0000036,A00001,C0001,2026-01-23,Transfer Out,5563.73,EFT,83184.53
T0001787,A00051,C0043,2026-04-09,Airtime,7627.28,Branch,93849.55
T0005445,A00145,C0120,2025-07-25,Deposit,19658.2,Branch,79594.11
T0000332,A00011,C0011,2025-08-04,Transfer Out,803.66,EFT,36963.24
T0010368,A00278,C0225,2025-11-14,Purchase,665.64,App,148890.8
T0013331,A00358,C0287,2026-01-20,Airtime,1624.93,Branch,163654.39
T0010272,A00275,C0224,2025-12-25,Withdrawal,4021.38,ATM,82787.94
T0004404,A00120,C0099,2026-03-20,Bill Payment,504.89,USSD,26938.11
T0013210,A00356,C0285,2026-01-07,Salary Credit,862.42,USSD,66873.82
T0000148,A00005,C0005,2025-11-28,Deposit,8036.05,App,55942.69
T0012264,A00331,C0265,2025-10-17,Transfer Out,5492.3,EFT,-14162.36
T0006509,A00174,C0144,2026-02-09,Bill Payment,1077.92,Branch,65778.39
T0003188,A00087,C0072,2025-07-05,Bill Payment,1298.91,ATM,-1066.68
T0000629,A00019,C0017,2025-11-18,Withdrawal,141.75,POS,65436.59
T0010651,A00286,C0231,2025-11-14,Salary Credit,15768.26,POS,48837.95
T0003979,A00109,C0091,2025-09-09,Withdrawal,7248.55,Branch,-32403.09
T0013961,A00374,C0298,2026-05-17,Deposit,8430.38,USSD,115728.94
T0000123,A00004,C0004,2025-07-30,Salary Credit,13282.86,ATM,95760.97
T0012327,A00332,C0266,2026-02-06,Withdrawal,7175.75,App,75693.94
T0011522,A00310,C0249,2026-04-12,Bill Payment,3605.86,USSD,48851.31
T0012878,A00348,C0279,2025-11-01,Salary Credit,-3593.91,App,49578.45
T0010180,A00273,C0222,2025-12-15,Transfer Out,7899.67,USSD,45434.94
T0002892,A00081,C0066,2025-08-29,Bill Payment,4041.12,USSD,29953.61
T0012843,A00347,C0279,2026-04-30,Bill Payment,3838.52,Branch,132986.25
T0006366,A00170,C0141,2025-09-07,Bill Payment,2106.2,POS,87354.49
T0005197,A00138,C0114,2025-07-29,Transfer In,24016.88,Branch,64808.47
T0012007,A00324,C0259,2026-03-29,Purchase,1678.2,USSD,32232.13
T0012943,A00349,C0280,2026-02-28,Airtime,7844.05,EFT,10020.29
T0002816,A00078,C0064,2026-02-06,Transfer In,2691.91,Branch,65956.32
T0005873,A00156,C0130,2025-12-22,Transfer In,21655.6,POS,45695.4
T0003674,A00102,C0084,2025-12-28,Transfer Out,3256.91,POS,2910.06
T0007479,A00196,C0161,2026-06-13,Purchase,7865.12,USSD,240421.47
T0000377,A00012,C0012,2025-08-12,Transfer Out,4794.37,Branch,82395.74
T0008234,A00217,C0178,2025-11-17,Deposit,8950.39,EFT,128837.12
T0013456,A00361,C0289,2025-10-16,Withdrawal,5068.25,App,163483.36
T0006731,A00179,C0148,2025-08-07,Purchase,3717.54,POS,-55697.45
T0005398,A00144,C0119,2025-08-13,Salary Credit,7856.31,EFT,46344.2
T0000479,A00014,C0014,2025-11-05,Purchase,4009.36,Branch,160440.44
T0010404,A00279,C0226,2026-04-27,Transfer In,14985.64,POS,51775.05
T0011140,A00299,C0240,2025-09-22,Transfer In,22664.73,Branch,147788.77
T0012761,A00344,C0276,2025-12-26,Bill Payment,5089.75,Branch,77815.01
T0004939,A00131,C0108,2025-12-27,Airtime,2354.59,Branch,106186.22
T0011710,A00314,C0252,2025-08-06,Bill Payment,6100.15,App,40608.16
T0012110,A00326,C0261,2025-09-02,Withdrawal,304.17,Branch,124554.96
T0006091,A00163,C0135,2025-07-04,Withdrawal,759.87,USSD,4736.12
T0009706,A00259,C0211,2025-07-22,Salary Credit,4132.12,USSD,108183.33
T0009445,A00250,C0203,2026-05-27,Deposit,15549.96,POS,337332.34
T0008166,A00216,C0177,2026-05-30,Transfer In,784.29,POS,18338.47
T0011807,A00317,C0254,2025-09-13,Salary Credit,3665.61,EFT,31112.76
T0012477,A00337,C0269,2025-10-20,Salary Credit,11835.06,POS,57503.55
T0002209,A00061,C0050,2026-03-13,Withdrawal,2683.43,USSD,81492.8
T0008276,A00218,C0179,2025-11-01,Transfer Out,5029.91,Branch,-22476.65
T0009914,A00265,C0217,2026-06-20,Transfer Out,4620.33,POS,61248.08
T0006512,A00174,C0144,2026-02-06,Salary Credit,6661.33,App,68248.23
T0001781,A00051,C0043,2025-12-20,Bill Payment,328.08,Branch,87908.54
T0003347,A00092,C0077,2026-03-09,Salary Credit,9486.73,ATM,177633.9
T0012766,A00345,C0277,2026-03-15,Transfer Out,,ATM,24471.33
T0010052,A00269,C0219,2025-09-20,Withdrawal,7938.02,POS,103908.57
T0008363,A00221,C0181,2026-04-04,Bill Payment,7391.06,EFT,34924.79
T0013742,A00369,C0295,2025-07-17,Salary Credit,12320.27,POS,82610.05
T0012765,A00345,C0277,2026-05-17,Salary Credit,20712.42,Branch,31736.1
T0014019,A00375,C0299,2026-04-11,Airtime,1708.38,App,38558.46
T0002051,A00058,C0048,2026-06-29,Salary Credit,18837.31,Branch,63334.72
T0010597,A00284,C0230,2025-10-19,Deposit,15619.1,Branch,52023.09
T0012740,A00344,C0276,2025-10-07,Salary Credit,19115.26,ATM,47877.93
T0003411,A00096,C0081,2026-05-24,Transfer In,18136.44,USSD,44342.06
T0012800,A00346,C0278,2025-10-31,Transfer In,21253.6,POS,38453.96
T0000907,A00028,C0026,2025-11-01,Purchase,5976.54,EFT,76664.94
T0013986,A00374,C0298,2026-01-28,Transfer In,12755.81,EFT,147618.3
T0007967,A00209,C0172,2026-06-07,Airtime,2199.9,USSD,64161.89
T0011300,A00303,C0243,2025-10-04,Deposit,7852.36,EFT,48792.1
T0009752,A00261,C0213,2025-08-09,Salary Credit,12766.14,Branch,33602.58
T0009002,A00238,C0193,2026-01-15,Purchase,220.36,Branch,85722.71
T0012717,A00343,C0275,2026-04-26,Transfer Out,3772.65,POS,83059.54
T0006844,A00181,C0149,2026-06-03,Transfer Out,1808.55,EFT,120683.76
T0008980,A00237,C0192,2025-09-27,Bill Payment,2097.27,App,1526.19
T0003252,A00090,C0075,2026-01-18,Airtime,2406.74,App,79986.04
T0010494,A00281,C0228,2026-02-09,Bill Payment,6100.08,EFT,11460.3
T0012704,A00343,C0275,2025-11-25,Transfer In,21207.76,USSD,78362.98
T0007888,A00207,C0170,2025-08-16,Salary Credit,16797.84,USSD,136014.78
T0002444,A00068,C0056,2025-12-03,Salary Credit,9597.38,ATM,174157.57
T0008129,A00214,C0175,2025-10-22,Withdrawal,3389.76,App,68035.66
T0007206,A00190,C0156,2025-11-15,Salary Credit,19617.62,POS,66440.98
T0011746,A00315,C0253,2025-12-31,Deposit,19866.5,Branch,170563.52
T0008954,A00236,C0191,2026-01-20,Airtime,6477.1,EFT,7353.45
T0014018,A00375,C0299,2026-06-16,Transfer Out,2202.57,Branch,40266.84
T0007113,A00188,C0154,2026-01-23,Salary Credit,-17207.25,EFT,72257.97
T0000634,A00019,C0017,2026-01-17,Purchase,5643.33,USSD,67204.81
T0004977,A00132,C0109,2026-05-01,Withdrawal,2997.82,Branch,183120.48
T0003471,A00097,C0081,2025-11-10,Bill Payment,3838.24,Branch,49961.08
T0002947,A00082,C0067,2026-06-05,Salary Credit,12422.97,EFT,76538.43
T0007947,A00208,C0171,2025-07-31,Salary Credit,3081.35,USSD,54529.86
T0006761,A00180,C0149,2025-10-27,Withdrawal,4178.09,POS,38449.37
T0012242,A00330,C0264,2026-05-26,Purchase,4244.73,EFT,76516.55
T0007733,A00202,C0165,2025-11-09,Salary Credit,12103.55,App,106277.05
T0013176,A00355,C0284,2026-05-21,Airtime,3590.25,USSD,84553.94
T0013237,A00357,C0286,2025-10-20,Deposit,4587.87,USSD,45972.35
T0011021,A00297,C0239,2025-09-07,Bill Payment,7908.16,USSD,4174.03
T0001839,A00052,C0044,2025-11-20,Withdrawal,7748.15,USSD,131604.03
T0002372,A00067,C0055,2025-08-10,Salary Credit,398.77,App,1772.05
T0001059,A00033,C0030,2026-02-18,Withdrawal,1189.49,EFT,36736.01
T0006481,A00173,C0143,2025-09-02,Deposit,14208.72,App,67298.98
T0005682,A00151,C0125,2025-07-28,Deposit,1292.97,App,131877.64
T0006291,A00168,C0139,2026-06-02,Deposit,7329.86,USSD,83994.84
T0000452,A00014,C0014,2025-12-25,Salary Credit,13537.74,EFT,39128.86
T0012080,A00326,C0261,2025-09-07,Transfer In,20370.09,App,85658.85
T0006254,A00167,C0138,2026-01-08,Deposit,21939.47,POS,39116.17
T0000647,A00019,C0017,2025-10-15,Bill Payment,6278.83,Branch,53165.95
T0009158,A00242,C0197,2025-12-27,Withdrawal,443.07,USSD,62227.97
T0006691,A00178,C0147,2025-08-04,Deposit,7566.06,USSD,95597.03
T0004654,A00125,C0104,2025-11-30,Deposit,132.09,USSD,59963.59
T0003325,A00092,C0077,2026-01-30,Deposit,2065.6,ATM,90542.28
T0010691,A00287,C0231,2025-07-01,Bill Payment,2367.72,Branch,66449.75
T0001114,A00034,C0030,2026-02-13,Withdrawal,2836.9,POS,158216.44
T0009709,A00260,C0212,2025-07-18,Deposit,14382.09,App,61271.5
T0009427,A00250,C0203,2026-01-24,Deposit,14972.25,POS,276132.62
T0007631,A00200,C0164,2026-03-18,Salary Credit,20924.25,USSD,61325.33
T0011962,A00322,C0257,2026-04-01,Deposit,20462.14,App,79996.93
T0000938,A00029,C0027,2025-07-02,Bill Payment,1616.6,POS,54735.11
T0013559,A00364,C0291,2026-06-19,Salary Credit,15983.95,ATM,166275.37
T0011067,A00297,C0239,2026-03-13,Bill Payment,6531.06,EFT,54378.21
T0004045,A00110,C0091,2025-11-04,Transfer In,4415.5,ATM,164843.05
T0001022,A00032,C0029,2025-09-05,Purchase,1611.88,App,77530.02
T0009843,A00263,C0215,2025-11-17,Deposit,5744.69,ATM,-9856.36
T0005465,A00145,C0120,2026-06-26,Deposit,2148.5,Branch,76100.25
T0013797,A00370,C0296,2025-11-04,Transfer Out,946.82,USSD,145163.47
T0006349,A00169,C0140,2026-03-12,Airtime,5916.37,Branch,47442.52
T0010428,A00279,C0226,2025-08-11,Transfer In,3616.65,EFT,91097.29
T0003637,A00100,C0083,2026-01-26,Deposit,18463.76,USSD,15040.77
T0012817,A00346,C0278,2025-07-02,Transfer Out,2231.71,Branch,46341.36
T0008738,A00230,C0187,2026-01-01,Transfer Out,3120.31,USSD,89308.3
T0010685,A00287,C0231,2025-12-14,Purchase,1486.33,ATM,53818.4
T0005052,A00134,C0111,2025-12-30,Transfer Out,2985.14,POS,90516.35
T0008279,A00218,C0179,2026-02-18,Transfer In,20369.13,Branch,18014.24
T0001157,A00036,C0032,2026-02-18,Deposit,12448.67,USSD,36381.96
T0008648,A00228,C0185,2025-11-02,Withdrawal,3713.51,Branch,18938.2
T0012077,A00326,C0261,2025-07-16,Transfer Out,7240.03,ATM,72127.73
T0001936,A00054,C0045,2026-06-08,Deposit,1717.38,POS,143584.54
T0000214,A00008,C0008,2025-09-12,Airtime,6901.9,App,60927.87
T0013730,A00369,C0295,2025-09-24,Transfer Out,2787.94,ATM,22124.56
T0000642,A00019,C0017,2025-08-27,Airtime,3839.64,Branch,65687.63
T0005912,A00157,C0131,2026-05-13,Bill Payment,1688.62,ATM,64806.27
T0006941,A00183,C0151,2026-02-13,Bill Payment,3959.13,USSD,205761.97
T0010882,A00294,C0237,2025-10-09,Salary Credit,16507.5,App,73516.88
T0002189,A00061,C0050,2025-12-22,Transfer Out,7596.91,Branch,54400.84
T0011341,A00305,C0244,2026-05-29,Deposit,1835.27,USSD,66881.96
T0003098,A00085,C0070,2026-06-24,Salary Credit,572.62,Branch,129040.35
T0003678,A00102,C0084,2026-03-31,Deposit,6704.01,POS,-947.97
T0009184,A00243,C0198,2025-09-08,Airtime,946.39,EFT,-2607.26
T0005496,A00146,C0121,2026-01-02,Salary Credit,2846.91,USSD,186648.27
T0009472,A00252,C0204,2025-12-05,Purchase,-7070.7,Branch,13809.59
T0003631,A00100,C0083,2026-06-19,Withdrawal,382.87,Branch,-14186.67
T0003717,A00102,C0084,2026-06-08,Transfer Out,1379.08,ATM,92083.51
T0011075,A00297,C0239,2026-03-13,Deposit,11022.06,USSD,101034.59
T0005391,A00144,C0119,2026-05-03,Transfer In,15976.65,ATM,23290.34
T0001370,A00040,C0035,2026-06-22,Transfer In,17889.68,USSD,97921.41
T0011510,A00310,C0249,2025-07-02,Withdrawal,,App,-1130.73
T0000164,A00005,C0005,2026-01-31,Salary Credit,14360.59,Branch,62799.09
T0009890,A00264,C0216,2026-03-06,Salary Credit,18508.25,ATM,148355.85
T0003727,A00103,C0085,2025-07-19,Airtime,1866.32,App,14169.66
T0004778,A00128,C0106,2025-08-09,Withdrawal,7193.4,App,47183.07
T0005117,A00136,C0112,2026-01-31,Bill Payment,,Branch,35697.75
T0006415,A00171,C0141,2026-05-01,Bill Payment,6471.63,USSD,55476.95
T0005064,A00135,C0112,2026-05-03,Bill Payment,4180.11,POS,4006.6
T0003930,A00108,C0090,2025-08-20,Withdrawal,7943.85,ATM,-43093.92
T0001714,A00049,C0042,2026-02-13,Deposit,22711.9,ATM,175639.66
T0003903,A00107,C0089,2025-11-10,Transfer Out,3067.05,Branch,26023.92
T0000265,A00010,C0010,2026-02-19,Airtime,2919.47,ATM,32036.09
T0009493,A00253,C0205,2025-09-07,Transfer In,7511.77,App,30071.34
T0000264,A00009,C0009,2026-05-06,Transfer Out,7123.08,USSD,108230.93
T0013763,A00370,C0296,2025-09-26,Airtime,6696.85,App,47306.63
T0012862,A00347,C0279,2025-11-14,Purchase,951.79,App,148179.79
T0003607,A00100,C0083,2025-12-26,Withdrawal,1151.24,App,7424.76
T0011173,A00300,C0241,2025-10-27,Purchase,6729.1,POS,21217.81
T0002179,A00060,C0050,2026-02-25,Airtime,1106.24,App,63961.17
T0012141,A00328,C0263,2025-10-27,Deposit,23515.68,Branch,52654.07
T0003681,A00102,C0084,2025-07-21,Bill Payment,3213.71,App,-6986.61
T0001242,A00038,C0033,2025-10-17,Salary Credit,5580.4,Branch,69559.46
T0011657,A00313,C0251,2025-11-09,Bill Payment,3872.31,App,66404.09
T0007488,A00197,C0161,2026-02-05,Deposit,6290.74,USSD,57003.68
T0006268,A00167,C0138,2025-07-17,Transfer In,22929.57,POS,81702.7
T0000345,A00011,C0011,2026-05-31,Purchase,2939.23,POS,46200.03
T0005703,A00152,C0126,2026-03-31,Purchase,7086.38,EFT,57098.43
T0014035,A00375,C0299,2026-06-22,Purchase,140.62,POS,60344.29
T0007199,A00189,C0155,2025-08-19,Salary Credit,1071.36,App,142625.52
T0009420,A00250,C0203,2026-01-05,Transfer In,19323.34,App,229112.11
T0009189,A00243,C0198,2026-06-17,Transfer In,8399.18,POS,73721.36
T0005593,A00149,C0123,2026-01-10,Withdrawal,,Branch,60141.22
T0012588,A00340,C0272,2026-04-15,Transfer Out,4140.19,App,17797.68
T0008684,A00229,C0186,2025-07-30,Transfer In,10595.58,App,31276.89
T0003952,A00108,C0090,2026-04-01,Transfer In,12180.6,App,80010.92
T0002585,A00071,C0057,2025-08-04,Bill Payment,1104.52,POS,68243.4
T0005515,A00146,C0121,2026-03-02,Withdrawal,7863.85,POS,216600.87
T0014000,A00375,C0299,2025-07-22,Withdrawal,3771.16,Branch,53945.14
T0013792,A00370,C0296,2026-03-29,Transfer In,21009.09,ATM,125676.15
T0001331,A00040,C0035,2025-10-24,Deposit,23086.63,EFT,105758.2
T0005756,A00153,C0127,2025-12-17,Deposit,2586.32,App,41271.18
T0007238,A00190,C0156,2026-03-28,Transfer In,21430.14,POS,102755.81
T0012575,A00340,C0272,2025-11-16,Deposit,4436.25,EFT,17605.03
T0010711,A00288,C0232,2025-07-22,Transfer In,13663.61,Branch,38269.83
T0010941,A00295,C0237,2025-10-09,Purchase,-5520.79,POS,61281.35
T0004583,A00124,C0103,2026-06-01,Transfer In,17396.49,ATM,81432.18
T0010349,A00278,C0225,2026-04-03,Transfer Out,6296.73,USSD,45108.8
T0005625,A00149,C0123,2026-05-21,Withdrawal,2510.16,Branch,70500.83
T0004210,A00116,C0096,2026-04-24,Transfer Out,4544.24,USSD,72365.61
T0009684,A00259,C0211,2026-02-20,Withdrawal,973.84,EFT,62748.62
T0008979,A00237,C0192,2025-10-21,Transfer Out,5904.67,USSD,3623.46
T0001490,A00044,C0037,2025-08-26,Deposit,22792.91,ATM,53046.89
T0008969,A00237,C0192,2026-04-19,Transfer In,20127.76,Branch,19563.27
T0003307,A00092,C0077,2026-04-28,Transfer In,24744.19,Branch,102983.33
T0003565,A00099,C0083,2025-07-12,Transfer In,5011.99,EFT,26222.52
T0009646,A00258,C0210,2026-03-22,Withdrawal,7900.55,Branch,2658.1
T0003838,A00106,C0088,2026-02-28,Deposit,11424.23,EFT,24675.32
T0013263,A00357,C0286,2026-01-02,Transfer Out,7390.26,EFT,132899.11
T0012315,A00332,C0266,2025-08-03,Transfer In,18742.57,Branch,57811.44
T0006383,A00171,C0141,2026-03-10,Salary Credit,12254.09,Branch,28651.89
T0004079,A00112,C0093,2025-07-30,Purchase,2735.54,USSD,73900.63
T0011311,A00304,C0244,2025-11-11,Withdrawal,7594.09,USSD,-7542.41
T0004019,A00110,C0091,2025-10-04,Deposit,22472.37,POS,148120.27
T0010966,A00296,C0238,2025-10-29,Purchase,6003.4,POS,30945.6
T0007509,A00197,C0161,2025-12-25,Bill Payment,1812.77,ATM,50038.81
T0001088,A00034,C0030,2025-09-25,Transfer Out,1169.39,App,113576.24
T0004683,A00126,C0104,2025-10-08,Salary Credit,18099.86,ATM,65008.24
T0001169,A00036,C0032,2025-10-06,Transfer In,13360.61,Branch,61169.57
T0003203,A00088,C0073,2025-09-25,Airtime,7867.54,ATM,123093.83
T0011230,A00301,C0242,2025-07-04,Salary Credit,15730.37,USSD,98920.0
T0013004,A00350,C0281,2025-09-05,Transfer Out,63.58,App,128659.65
T0013570,A00364,C0291,2025-11-02,Transfer Out,683.65,EFT,157780.59
T0012626,A00342,C0274,2025-09-09,Salary Credit,16906.24,POS,55543.18
T0011955,A00322,C0257,2026-02-13,Purchase,439.53,ATM,56424.16
T0011120,A00299,C0240,2026-03-08,Withdrawal,906.76,POS,62440.96
T0010361,A00278,C0225,2026-01-24,Transfer Out,1482.93,EFT,98359.98
T0000904,A00028,C0026,2026-05-18,Purchase,4623.21,USSD,77035.53
T0007741,A00202,C0165,2026-03-02,Salary Credit,19272.07,Branch,146339.77
T0010527,A00282,C0228,2025-11-30,Transfer Out,3660.8,ATM,-1025.54
T0003646,A00101,C0084,2025-09-29,Transfer In,22062.15,EFT,109462.41
T0012105,A00326,C0261,2026-01-13,Salary Credit,15648.76,EFT,116778.87
T0000153,A00005,C0005,2026-01-26,Transfer Out,5291.57,App,51221.16
T0000443,A00013,C0013,2025-08-10,Transfer In,4256.07,App,82775.12
T0008647,A00228,C0185,2026-01-02,Deposit,12655.58,EFT,22651.71
T0013301,A00358,C0287,2025-07-28,Purchase,6326.46,Branch,75109.32
T0002858,A00080,C0066,2026-02-03,Purchase,4977.01,Branch,-9350.36
T0001379,A00041,C0036,2025-12-10,Bill Payment,1461.77,USSD,26420.99
T0010226,A00274,C0223,2026-04-05,Purchase,1513.34,Branch,101797.42
T0010288,A00276,C0224,2025-10-19,Purchase,3824.51,POS,-2380.61
T0008222,A00217,C0178,2025-12-12,Transfer In,6927.23,App,79774.66
T0003455,A00096,C0081,2025-10-10,Withdrawal,1600.96,Branch,196045.4
T0003337,A00092,C0077,2025-10-22,Airtime,7046.39,ATM,134927.91
T0012495,A00338,C0270,2026-06-12,Bill Payment,7486.34,ATM,7851.4
T0006312,A00169,C0140,2025-08-30,Transfer Out,2984.31,Branch,17694.68
T0010846,A00293,C0236,2025-07-25,Deposit,6123.27,Branch,19855.84
T0002157,A00060,C0050,2026-05-11,Withdrawal,2013.23,USSD,1875.45
T0004543,A00123,C0102,2025-07-28,Purchase,7672.32,Branch,75859.67
T0007348,A00193,C0158,2026-06-10,Transfer In,2735.56,USSD,95170.21
T0000282,A00010,C0010,2026-06-30,Transfer In,5102.14,Branch,7202.71
T0009682,A00259,C0211,2026-05-08,Transfer In,10209.74,App,68041.55
T0003654,A00101,C0084,2025-08-02,Salary Credit,8201.63,USSD,93790.27
T0006168,A00165,C0137,2025-09-15,Airtime,5583.27,POS,16881.88
T0006958,A00184,C0151,2026-03-16,Salary Credit,15657.87,EFT,31727.53
T0009716,A00260,C0212,2026-06-12,Purchase,284.84,EFT,58148.52
T0011919,A00321,C0256,2025-11-01,Salary Credit,21606.3,App,58432.42
T0009527,A00254,C0206,2026-04-09,Bill Payment,3530.88,EFT,30073.36
T0002495,A00069,C0056,2025-09-18,Withdrawal,1609.0,App,58659.14
T0004224,A00116,C0096,2026-06-23,Salary Credit,23255.66,POS,75601.64
T0013419,A00361,C0289,2026-01-21,Bill Payment,1412.92,POS,71737.36
T0007035,A00186,C0153,2026-05-07,Deposit,2352.35,ATM,14606.7
T0006281,A00168,C0139,2025-07-04,Withdrawal,3251.49,App,37682.87
T0013412,A00361,C0289,2025-08-03,Airtime,4988.3,POS,56663.32
T0004090,A00112,C0093,2025-09-27,Bill Payment,1525.85,ATM,43350.63
T0003035,A00084,C0069,2026-04-10,Salary Credit,15203.84,EFT,93738.97
T0012756,A00344,C0276,2026-06-12,Transfer In,11453.13,EFT,72707.49
T0007153,A00189,C0155,2026-05-17,Deposit,22457.94,EFT,42303.44
T0004762,A00128,C0106,2026-06-21,Deposit,23168.97,Branch,38328.81
T0005247,A00139,C0115,2025-08-07,Withdrawal,2091.73,USSD,57499.74
T0004005,A00110,C0091,2025-12-15,Salary Credit,10783.7,App,86708.95
T0006473,A00173,C0143,2025-09-23,Transfer In,9019.59,Branch,36194.94
T0008832,A00233,C0189,2025-07-04,Transfer In,181.8,POS,30082.04
T0005497,A00146,C0121,2025-12-05,Transfer In,22368.75,USSD,209017.02
T0011664,A00313,C0251,2026-01-26,Deposit,1465.6,EFT,107498.5
T0009931,A00265,C0217,2025-09-20,Airtime,845.73,EFT,81825.32
T0000258,A00009,C0009,2026-03-11,Purchase,617.42,ATM,87395.59
T0004574,A00124,C0103,2026-01-15,Salary Credit,23102.1,App,71868.7
T0003669,A00102,C0084,2025-11-30,Purchase,4643.07,EFT,7892.04
T0003975,A00109,C0091,2025-07-02,Airtime,156.27,Branch,-13634.86
T0007377,A00194,C0159,2026-01-28,Transfer In,8772.62,USSD,34633.85
T0012872,A00348,C0279,2025-07-19,Deposit,13277.56,Branch,61681.83
T0002101,A00059,C0049,2026-01-16,Salary Credit,6321.17,POS,89457.36
T0013039,A00351,C0281,2025-09-09,Withdrawal,5711.57,POS,-6703.98
T0008974,A00237,C0192,2025-07-08,Transfer In,2037.55,USSD,590.19
T0003649,A00101,C0084,2026-01-23,Purchase,3193.24,EFT,106622.67
T0009735,A00260,C0212,2025-11-06,Bill Payment,296.45,USSD,186527.24
T0010132,A00272,C0221,2025-07-11,Withdrawal,2322.32,Branch,43978.95
T0001566,A00046,C0039,2025-11-26,Bill Payment,1710.73,POS,35919.79
T0010265,A00275,C0224,2025-08-15,Bill Payment,6556.84,ATM,48505.81
T0011091,A00298,C0240,2026-04-11,Bill Payment,-278.2,Branch,24531.61
T0010960,A00296,C0238,2026-05-19,Withdrawal,4514.34,USSD,10834.4
T0004840,A00129,C0106,2026-01-13,Transfer In,24260.45,EFT,193245.33
T0008004,A00209,C0172,2026-05-25,Airtime,1487.81,POS,222963.61
T0001102,A00034,C0030,2025-09-24,Deposit,1598.36,Branch,142332.96
T0003967,A00109,C0091,2026-06-25,Withdrawal,4967.62,POS,9089.12
T0006462,A00173,C0143,2025-09-05,Salary Credit,4699.1,App,77581.67
T0001861,A00053,C0045,2026-02-15,Bill Payment,1786.05,POS,78043.03
T0002914,A00081,C0066,2025-09-25,Airtime,401.33,Branch,58015.67
T0002772,A00076,C0062,2025-08-07,Purchase,3332.12,USSD,69961.24
T0012525,A00338,C0270,2026-05-18,Transfer In,7014.52,EFT,21679.37
T0002322,A00064,C0053,2025-07-13,Transfer In,9710.67,Branch,109731.49
T0011995,A00324,C0259,2025-09-22,Withdrawal,5940.11,USSD,10235.46
T0000371,A00012,C0012,2026-01-31,Purchase,4851.98,POS,58167.81
T0002788,A00077,C0063,2025-07-16,Deposit,19160.44,USSD,150702.21
T0012558,A00339,C0271,2025-11-11,Withdrawal,3389.73,EFT,21683.92
T0001143,A00035,C0031,2026-06-03,Deposit,11389.94,EFT,158560.35
T0001955,A00056,C0047,2025-10-04,Salary Credit,3581.4,Branch,33385.58
T0003507,A00098,C0082,2026-04-23,Airtime,1469.88,App,24383.32
T0007809,A00204,C0167,2026-03-22,Deposit,11907.66,USSD,113049.68
T0011999,A00324,C0259,2026-01-15,Salary Credit,5547.72,App,12526.34
T0009221,A00244,C0199,2026-05-20,Withdrawal,5610.88,EFT,66698.62
T0001343,A00040,C0035,2026-02-08,Purchase,5023.24,App,105508.67
T0000782,A00024,C0022,2025-12-19,Transfer In,13536.88,USSD,54868.6
T0011820,A00317,C0254,2026-04-04,Bill Payment,7875.0,USSD,-2717.98
T0004188,A00116,C0096,2026-05-04,Bill Payment,6871.46,EFT,34008.45
T0011252,A00301,C0242,2025-12-12,Salary Credit,14771.68,EFT,178827.98
T0005573,A00148,C0122,2026-05-06,Salary Credit,23812.27,POS,134219.82
T0012945,A00349,C0280,2026-02-03,Bill Payment,2997.81,POS,-597.06
T0006550,A00175,C0145,2026-01-23,Transfer Out,5235.68,Branch,94013.34
T0003936,A00108,C0090,2025-08-01,Transfer In,2715.36,POS,-13242.78
T0011358,A00305,C0244,2025-11-10,Bill Payment,3447.69,App,134370.57
T0008033,A00210,C0172,2026-06-12,Transfer In,24725.69,Branch,101449.08
T0007066,A00186,C0153,2025-09-19,Salary Credit,15506.38,POS,161245.8
T0003180,A00087,C0072,2026-02-09,Transfer Out,1311.4,Branch,3561.52
T0012049,A00325,C0260,2026-04-18,Salary Credit,11799.75,USSD,40954.35
T0002269,A00063,C0052,2025-12-04,Salary Credit,24807.96,USSD,48835.72
T0004016,A00110,C0091,2026-04-05,Airtime,929.88,POS,119479.06
T0002961,A00082,C0067,2026-06-16,Airtime,1509.08,USSD,91643.22
T0011875,A00319,C0255,2025-08-02,Deposit,18087.82,ATM,87160.34
T0003892,A00107,C0089,2026-05-14,Withdrawal,7940.07,ATM,30973.52
T0009986,A00267,C0218,2026-04-28,Airtime,4314.0,EFT,61356.49
T0009388,A00249,C0202,2025-12-31,Withdrawal,5732.55,ATM,64286.67
T0010618,A00285,C0230,2026-02-13,Withdrawal,4549.23,ATM,39516.29
T0006165,A00165,C0137,2026-03-04,Deposit,1640.03,ATM,29136.74
T0000985,A00031,C0029,2026-03-20,Transfer In,12291.61,EFT,122159.28
T0011519,A00310,C0249,2026-03-23,Salary Credit,17754.31,Branch,24163.53
T0007164,A00189,C0155,2025-12-25,Transfer Out,1341.68,USSD,60848.54
T0005340,A00142,C0117,2026-06-06,Bill Payment,3572.45,Branch,83530.99
T0013172,A00355,C0284,2025-12-31,Withdrawal,1123.43,EFT,72089.71
T0012997,A00350,C0281,2026-01-24,Bill Payment,7312.4,USSD,60516.74
T0011609,A00312,C0250,2025-08-13,Purchase,1082.23,App,67198.2
T0008827,A00232,C0188,2026-06-20,Bill Payment,291.19,POS,17663.14
T0012585,A00340,C0272,2025-11-01,Salary Credit,8158.87,Branch,-19750.62
T0010130,A00272,C0221,2025-12-27,Salary Credit,1484.14,ATM,36832.14
T0001543,A00045,C0038,2025-08-05,Transfer Out,3252.45,USSD,54531.42
T0013422,A00361,C0289,2026-05-27,Transfer Out,7595.4,Branch,64249.14
T0006610,A00177,C0146,2026-05-18,Airtime,5918.94,ATM,43182.75
T0002749,A00076,C0062,2026-04-15,Airtime,786.8,ATM,-9664.41
T0010096,A00271,C0221,2025-10-14,Bill Payment,2719.85,USSD,5324.51
T0010714,A00288,C0232,2026-06-29,Bill Payment,591.62,App,26713.44
T0011956,A00322,C0257,2025-10-11,Transfer In,19131.5,EFT,75555.66
T0007724,A00202,C0165,2025-09-21,Purchase,,EFT,74785.63
T0010980,A00296,C0238,2025-12-08,Bill Payment,7180.69,EFT,78300.53
T0001320,A00040,C0035,2025-11-26,Withdrawal,908.83,POS,63777.82
T0012299,A00331,C0265,2026-06-03,Withdrawal,5840.61,POS,59735.14
T0000074,A00003,C0003,2025-09-22,Salary Credit,23830.1,USSD,87211.53
T0006000,A00159,C0132,2026-01-23,Salary Credit,627.28,EFT,120160.31
T0002380,A00067,C0055,2026-05-20,Purchase,,USSD,18399.44
T0006520,A00174,C0144,2026-02-03,Transfer In,5168.08,USSD,88333.46
T0000591,A00018,C0016,2026-05-05,Transfer Out,2662.27,App,79551.53
T0007470,A00196,C0161,2025-09-18,Salary Credit,8057.78,App,211776.96
T0011379,A00306,C0245,2026-04-26,Withdrawal,7508.03,App,40243.61
T0011635,A00312,C0250,2026-04-06,Salary Credit,140.95,ATM,130554.78
T0007149,A00189,C0155,2025-10-17,Purchase,7513.31,POS,34263.67
T0000266,A00010,C0010,2026-02-18,Airtime,4490.0,EFT,27546.09
T0006496,A00174,C0144,2025-08-28,Airtime,5902.01,ATM,37413.49
T0013598,A00365,C0292,2025-10-17,Transfer In,2610.97,USSD,41367.0
T0002953,A00082,C0067,2026-06-05,Airtime,6049.43,USSD,97841.16
T0012921,A00348,C0279,2026-04-26,Transfer In,22138.4,POS,107307.81
T0010884,A00294,C0237,2026-03-12,Salary Credit,21854.44,App,91170.81
T0004003,A00110,C0091,2025-07-04,Airtime,6309.89,POS,70844.88
T0007333,A00193,C0158,2026-04-28,Transfer Out,6644.61,App,25043.12
T0011901,A00320,C0256,2026-01-01,Airtime,,EFT,105079.17
T0002836,A00078,C0064,2026-01-25,Deposit,365.73,App,173649.19
T0006167,A00165,C0137,2026-03-10,Bill Payment,1859.77,ATM,22465.15
T0002197,A00061,C0050,2025-08-23,Salary Credit,14060.7,EFT,92622.03
T0005676,A00151,C0125,2026-06-21,Salary Credit,487.83,USSD,131573.31
T0003660,A00101,C0084,2025-08-29,Salary Credit,22963.7,Branch,111082.03
T0008732,A00230,C0187,2026-03-04,Transfer Out,1620.89,POS,83889.22
T0011398,A00306,C0245,2026-03-11,Withdrawal,3453.61,EFT,35446.14
T0000352,A00011,C0011,2026-01-15,Salary Credit,22955.76,App,90299.61
T0008573,A00227,C0185,2025-07-10,Salary Credit,8942.69,Branch,44945.29
T0009058,A00240,C0195,2026-02-08,Transfer Out,6323.42,EFT,17859.64
T0007808,A00204,C0167,2026-02-21,Salary Credit,17454.63,Branch,101142.02
T0010419,A00279,C0226,2026-02-13,Bill Payment,7695.38,ATM,102147.81
T0005294,A00141,C0117,2025-08-15,Purchase,3102.49,ATM,40315.05
T0009473,A00252,C0204,2025-10-22,Purchase,385.67,Branch,13423.92
T0005277,A00140,C0116,2025-10-19,Transfer Out,6182.9,EFT,23322.0
T0003921,A00108,C0090,2026-05-23,Bill Payment,6750.94,Branch,-4347.78
T0012610,A00341,C0273,2025-09-26,Transfer In,4357.6,Branch,90447.65
T0005992,A00159,C0132,2025-09-20,Bill Payment,2211.2,App,63984.03
T0000828,A00026,C0024,2025-07-15,Withdrawal,6122.45,App,16512.32
T0012806,A00346,C0278,2025-11-07,Transfer Out,6553.35,POS,21994.52
T0002572,A00071,C0057,2026-02-17,Purchase,2359.36,Branch,62664.52
T0000079,A00003,C0003,2025-09-24,Airtime,1275.33,POS,98504.58
T0012140,A00328,C0263,2026-03-04,Salary Credit,16990.76,EFT,29138.39
T0002027,A00057,C0047,2025-11-20,Airtime,6168.59,USSD,59729.63
T0004988,A00133,C0110,2025-09-06,Salary Credit,4395.83,Branch,24889.12
T0012319,A00332,C0266,2026-05-23,Deposit,13854.9,EFT,73004.66
T0012205,A00329,C0264,2026-01-29,Transfer In,17726.68,POS,66047.4
T0013968,A00374,C0298,2026-05-29,Bill Payment,2842.92,Branch,105602.75
T0002273,A00063,C0052,2026-04-02,Deposit,20611.28,EFT,101720.89
T0004662,A00125,C0104,2025-07-15,Purchase,,App,58703.83
T0008285,A00218,C0179,2026-03-27,Bill Payment,3550.7,EFT,34581.0
T0001521,A00045,C0038,2026-01-01,Bill Payment,339.3,USSD,8611.94
T0010647,A00286,C0231,2026-05-16,Withdrawal,4421.42,App,18991.78
T0012961,A00349,C0280,2025-08-26,Transfer In,5244.33,Branch,80775.93
T0005404,A00144,C0119,2026-03-06,Deposit,4886.91,POS,86265.71
T0000843,A00026,C0024,2025-09-10,Salary Credit,22254.19,Branch,89607.82
T0002048,A00058,C0048,2025-11-12,Withdrawal,5781.51,USSD,54456.55
T0000391,A00012,C0012,2026-05-02,Deposit,23648.32,USSD,92122.64
T0008542,A00226,C0184,2026-05-06,Deposit,2605.16,Branch,68763.13
T0004407,A00120,C0099,2026-04-23,Deposit,14638.66,App,49157.92
T0006204,A00166,C0138,2026-01-05,Transfer In,1954.71,EFT,80796.34
T0009052,A00239,C0194,2025-11-22,Bill Payment,2529.62,App,129280.71
T0007799,A00204,C0167,2026-01-18,Bill Payment,,USSD,26252.44
T0008614,A00227,C0185,2025-08-30,Withdrawal,2929.33,App,163136.65
T0004983,A00133,C0110,2026-05-29,Deposit,6877.8,USSD,16151.02
T0010333,A00277,C0225,2026-03-01,Salary Credit,17932.01,EFT,165932.85
T0013046,A00351,C0281,2026-05-28,Transfer Out,5507.7,POS,-45326.1
T0012284,A00331,C0265,2026-06-25,Purchase,1353.38,App,-21064.68
T0003577,A00099,C0083,2026-06-19,Salary Credit,8095.76,App,18039.94
T0006241,A00166,C0138,2025-12-21,Deposit,24626.82,POS,237612.69
T0001941,A00055,C0046,2025-08-16,Purchase,5841.81,POS,19192.14
T0002344,A00066,C0054,2026-03-08,Airtime,7248.42,ATM,20244.8
T0005716,A00152,C0126,2025-11-14,Bill Payment,7630.65,App,61179.85
T0007152,A00189,C0155,2026-03-10,Transfer Out,3494.2,EFT,19845.5
T0006686,A00178,C0147,2026-02-16,Airtime,7934.65,POS,60844.98
T0010792,A00291,C0234,2026-01-26,Transfer In,16288.13,App,48194.29
T0009800,A00262,C0214,2025-10-10,Bill Payment,2212.42,USSD,40743.91
T0011274,A00302,C0242,2026-01-10,Bill Payment,1568.97,USSD,55007.69
T0012107,A00326,C0261,2025-11-29,Salary Credit,20397.98,Branch,133383.54
T0013442,A00361,C0289,2025-08-29,Purchase,2651.09,POS,187482.05
T0008484,A00224,C0183,2025-12-09,Purchase,6574.33,USSD,-31044.05
T0011971,A00322,C0257,2025-12-12,Airtime,6044.33,EFT,133814.75
T0000534,A00017,C0016,2025-07-08,Airtime,5556.49,EFT,24159.61
T0008531,A00226,C0184,2025-07-13,Airtime,7577.08,USSD,52458.26
T0008757,A00231,C0188,2025-07-26,Purchase,5032.47,EFT,24464.25
T0006276,A00168,C0139,2025-12-22,Bill Payment,4448.67,USSD,61206.82
T0005939,A00157,C0131,2025-08-02,Transfer In,6354.08,POS,105526.58
T0014099,A00376,C0300,2025-09-14,Transfer Out,6239.08,ATM,235613.31
T0011934,A00321,C0256,2025-10-10,Purchase,65.68,App,102534.58
T0009775,A00261,C0213,2025-10-18,Purchase,-6020.99,EFT,27527.59
T0011275,A00302,C0242,2025-07-25,Transfer In,24869.2,EFT,79876.89
T0007622,A00200,C0164,2025-11-17,Deposit,19630.16,App,39373.53
T0003315,A00092,C0077,2026-04-03,Airtime,7220.46,App,107120.24
T0011500,A00309,C0248,2025-11-14,Transfer In,7250.92,EFT,65047.8
T0007444,A00196,C0161,2025-10-16,Airtime,2075.91,USSD,79964.16
T0011367,A00305,C0244,2026-01-17,Deposit,11618.29,POS,141643.71
T0006298,A00168,C0139,2026-01-15,Purchase,4877.83,EFT,66310.7
T0012443,A00336,C0268,2026-06-25,Salary Credit,5724.8,USSD,56341.65
T0011840,A00318,C0255,2025-08-11,Transfer In,15139.19,ATM,87711.58
T0007682,A00201,C0165,2026-03-28,Withdrawal,1359.23,App,15008.26
T0008398,A00222,C0181,2026-01-12,Transfer Out,3595.63,POS,39879.38
T0012493,A00337,C0269,2026-03-17,Airtime,2599.81,Branch,72591.03
T0005996,A00159,C0132,2025-08-16,Bill Payment,1167.37,Branch,80704.81
T0014092,A00376,C0300,2025-08-14,Transfer In,1404.83,Branch,183464.32
T0009164,A00242,C0197,2026-01-04,Transfer In,561.91,POS,89938.86
T0010138,A00272,C0221,2026-03-06,Deposit,15515.81,Branch,89794.35
T0006227,A00166,C0138,2026-03-15,Transfer In,24418.94,Branch,174147.01
T0008493,A00225,C0183,2026-06-09,Bill Payment,2720.68,USSD,42852.51
T0007585,A00199,C0163,2025-07-27,Transfer In,16694.34,ATM,88343.53
T0002942,A00082,C0067,2026-05-17,Salary Credit,24064.51,App,73262.8
T0009543,A00254,C0206,2025-09-28,Withdrawal,283.85,Branch,38140.63
T0010656,A00286,C0231,2026-01-20,Deposit,21196.53,App,53530.81
T0008912,A00235,C0190,2025-11-27,Transfer Out,1739.28,USSD,53684.02
T0012405,A00334,C0267,2025-07-15,Airtime,612.09,App,29998.94
T0003847,A00106,C0088,2026-04-12,Deposit,24265.73,Branch,24947.51
T0006582,A00175,C0145,2026-04-24,Bill Payment,2907.56,Branch,175992.18
T0009093,A00241,C0196,2026-06-04,Transfer In,765.13,POS,12206.75
T0007633,A00200,C0164,2025-12-13,Transfer In,24350.58,ATM,108429.59
T0001356,A00040,C0035,2025-08-30,Purchase,6898.79,App,69975.57
T0005683,A00151,C0125,2026-06-07,Deposit,2170.79,App,134048.43
T0009966,A00266,C0217,2026-06-20,Deposit,1736.99,USSD,16223.82
T0001845,A00052,C0044,2025-11-13,Salary Credit,3870.68,USSD,136478.86
T0004381,A00119,C0098,2026-03-27,Salary Credit,1539.43,Branch,228788.3
T0011457,A00308,C0247,2025-12-10,Salary Credit,21028.07,Branch,100115.48
T0002065,A00058,C0048,2025-09-15,Transfer Out,4876.96,App,47945.86
T0006147,A00164,C0136,2026-01-30,Bill Payment,6016.65,ATM,152476.24
T0005362,A00143,C0118,2026-01-08,Airtime,2255.71,App,-46571.24
T0003107,A00085,C0070,2026-03-12,Bill Payment,6270.94,EFT,180200.91
T0013105,A00353,C0283,2026-06-07,Airtime,6699.33,USSD,48761.81
T0009930,A00265,C0217,2026-02-04,Transfer In,-5275.42,ATM,82671.05
T0008665,A00229,C0186,2025-12-01,Withdrawal,6638.86,EFT,3999.0
T0003218,A00089,C0074,2025-12-14,Purchase,2148.79,Branch,9474.82
T0005641,A00150,C0124,2025-11-01,Withdrawal,5489.85,App,68803.16
T0008833,A00233,C0189,2025-10-26,Transfer Out,4550.13,EFT,25531.91
T0011540,A00311,C0250,2026-05-02,Transfer Out,420.62,EFT,14104.1
T0006805,A00180,C0149,2026-01-04,Airtime,7681.14,Branch,99394.13
T0012446,A00336,C0268,2025-10-15,Airtime,7263.57,POS,56087.49
T0005285,A00141,C0117,2025-09-17,Bill Payment,346.41,EFT,47798.44
T0009361,A00248,C0202,2026-06-29,Bill Payment,1409.84,App,59341.14
T0003241,A00089,C0074,2025-07-16,Salary Credit,17900.16,POS,61875.71
T0008886,A00234,C0190,2026-02-22,Deposit,21678.99,USSD,79859.34
T0001033,A00033,C0030,2026-03-17,Salary Credit,18340.54,USSD,38567.15
T0011990,A00323,C0258,2025-08-20,Bill Payment,148.52,App,27849.67
T0010857,A00293,C0236,2026-05-17,Deposit,-3648.01,EFT,7084.99
T0002753,A00076,C0062,2026-01-27,Deposit,5203.49,USSD,-9645.25
T0004074,A00112,C0093,2026-03-14,Transfer In,17734.08,USSD,47805.61
T0002726,A00075,C0061,2025-08-06,Bill Payment,1081.04,App,38626.21
T0009492,A00253,C0205,2026-02-28,Salary Credit,12015.67,App,22559.57
T0008120,A00214,C0175,2026-06-12,Transfer Out,,Branch,14314.47
T0005894,A00156,C0130,2026-06-17,Transfer In,17612.9,App,128131.73
T0011841,A00318,C0255,2026-01-27,Bill Payment,5994.19,POS,81717.39
T0000475,A00014,C0014,2026-01-01,Deposit,21605.08,App,152996.65
T0010165,A00273,C0222,2025-09-26,Transfer Out,1150.37,ATM,50563.25
T0006375,A00170,C0141,2026-04-12,Withdrawal,3801.24,Branch,105521.01
T0004614,A00124,C0103,2025-07-31,Transfer In,8049.36,App,154015.02
T0007186,A00189,C0155,2026-01-13,Deposit,1917.6,App,148345.84
T0013740,A00369,C0295,2026-02-23,Transfer In,24072.33,App,48202.2
T0004286,A00118,C0097,2026-03-06,Bill Payment,7982.46,EFT,7736.23
T0009812,A00262,C0214,2025-11-30,Airtime,1674.02,App,83456.19
T0001736,A00049,C0042,2025-08-04,Salary Credit,10745.04,App,191057.66
T0005109,A00135,C0112,2025-12-22,Transfer Out,1108.27,EFT,20007.54
T0008921,A00235,C0190,2026-01-01,Transfer In,18610.22,ATM,146676.8
T0002299,A00064,C0053,2026-02-11,Withdrawal,6750.51,Branch,26915.8
T0006301,A00168,C0139,2026-05-02,Purchase,2175.15,POS,54567.9
T0009849,A00263,C0215,2026-05-13,Bill Payment,3899.81,Branch,28752.53
T0001402,A00041,C0036,2026-01-22,Airtime,90.73,ATM,112235.8
T0004727,A00127,C0105,2025-10-13,Airtime,1983.67,USSD,25070.14
T0010813,A00291,C0234,2026-03-22,Transfer In,18820.8,ATM,77662.62
T0009140,A00242,C0197,2026-05-24,Airtime,4449.68,POS,70.83
T0003158,A00086,C0071,2025-07-15,Bill Payment,3228.48,USSD,109032.68
T0012640,A00342,C0274,2026-06-27,Airtime,6583.02,Branch,42389.55
T0008730,A00230,C0187,2026-01-29,Airtime,1926.1,ATM,68952.82
T0008337,A00220,C0180,2025-10-21,Bill Payment,2892.38,USSD,-6052.91
T0012689,A00343,C0275,2025-11-29,Withdrawal,7372.95,ATM,12687.29
T0006694,A00178,C0147,2026-03-26,Withdrawal,4049.34,POS,97197.15
T0005355,A00143,C0118,2026-03-17,Bill Payment,3444.73,App,-6562.41
T0011910,A00321,C0256,2025-10-03,Transfer Out,3181.71,ATM,23905.51
T0000743,A00023,C0021,2026-06-20,Purchase,1665.16,POS,27664.93
T0000359,A00012,C0012,2026-05-26,Transfer Out,1707.91,Branch,-15484.71
T0009119,A00242,C0197,2025-08-28,Transfer In,13686.04,ATM,-12459.05
T0007356,A00193,C0158,2025-12-14,Airtime,6690.09,App,104397.77
T0002262,A00063,C0052,2025-11-04,Airtime,1148.22,EFT,46897.52
T0010400,A00279,C0226,2025-11-07,Salary Credit,,POS,29445.31
T0013565,A00364,C0291,2025-08-17,Airtime,4984.19,POS,147839.57
T0012329,A00332,C0266,2026-03-03,Deposit,4608.66,App,72987.5
T0005622,A00149,C0123,2026-04-13,Transfer In,7307.7,ATM,76177.3
T0003178,A00087,C0072,2026-06-15,Transfer Out,6288.43,POS,8335.01
T0006087,A00163,C0135,2026-03-13,Salary Credit,2328.67,App,21085.26
T0001693,A00049,C0042,2026-04-24,Airtime,1035.65,POS,32694.56
T0000879,A00027,C0025,2025-08-30,Bill Payment,3611.92,EFT,126773.37
T0003278,A00091,C0076,2025-09-11,Purchase,6759.62,App,19742.83
T0008682,A00229,C0186,2026-03-22,Bill Payment,137.38,EFT,26296.08
T0000146,A00005,C0005,2025-08-21,Salary Credit,19739.38,USSD,51527.91
T0001492,A00044,C0037,2025-11-02,Transfer In,20712.76,ATM,77448.74
T0000577,A00018,C0016,2025-09-30,Salary Credit,14798.86,ATM,59218.53
T0001211,A00037,C0032,2025-10-12,Salary Credit,,ATM,98771.11
T0006862,A00182,C0150,2025-11-04,Bill Payment,5203.93,App,64732.24
T0008829,A00232,C0188,2025-08-10,Transfer Out,4520.52,POS,32268.73
T0003214,A00089,C0074,2026-04-02,Bill Payment,5486.96,EFT,1985.35
T0006421,A00171,C0141,2025-07-03,Transfer Out,5440.22,POS,94709.64
T0001973,A00056,C0047,2026-04-08,Bill Payment,5596.26,USSD,78901.84
T0001635,A00047,C0040,2025-10-05,Salary Credit,2702.91,POS,99320.98
T0004494,A00122,C0101,2025-08-28,Bill Payment,,App,64156.88
T0003140,A00086,C0071,2026-02-01,Transfer Out,6683.99,POS,80963.37
T0000533,A00017,C0016,2025-07-28,Transfer In,23728.63,Branch,29716.1
T0007518,A00197,C0161,2026-04-05,Salary Credit,4509.62,USSD,68153.93
T0009205,A00244,C0199,2025-11-25,Salary Credit,250.72,USSD,47359.25
T0012949,A00349,C0280,2026-01-30,Deposit,9487.64,Branch,25003.67
T0008501,A00225,C0183,2026-03-29,Purchase,6106.35,App,47688.06
T0012189,A00329,C0264,2026-01-25,Withdrawal,1436.51,EFT,22945.68
T0002176,A00060,C0050,2026-05-22,Transfer In,21096.65,ATM,79146.24
T0001625,A00047,C0040,2026-01-05,Deposit,23359.35,Branch,66004.97
T0000710,A00021,C0019,2026-04-03,Bill Payment,1762.72,EFT,-898.75
T0007530,A00198,C0162,2025-12-17,Salary Credit,15421.5,EFT,68766.44
T0008973,A00237,C0192,2026-04-21,Airtime,443.33,App,-1447.36
T0011199,A00300,C0241,2026-01-09,Withdrawal,533.11,App,74079.31
T0013064,A00352,C0282,2026-02-27,Bill Payment,6623.12,App,19348.54
T0007777,A00203,C0166,2026-01-08,Salary Credit,17028.15,ATM,156563.28
T0004690,A00126,C0104,2025-08-25,Airtime,4285.93,Branch,51951.39
T0000172,A00006,C0006,2026-05-16,Bill Payment,917.9,POS,64825.09
T0000923,A00029,C0027,2026-03-09,Airtime,5602.95,POS,6239.74
T0011767,A00316,C0254,2025-08-25,Airtime,5545.22,USSD,3087.9
T0008169,A00216,C0177,2026-01-17,Purchase,6628.44,USSD,4294.89
T0006558,A00175,C0145,2025-08-02,Transfer In,12915.56,Branch,90829.77
T0012240,A00330,C0264,2026-02-18,Transfer In,13867.7,USSD,66266.21
T0005116,A00136,C0112,2025-11-11,Salary Credit,2655.46,Branch,41526.36
T0013503,A00363,C0290,2026-04-05,Withdrawal,3835.69,App,118443.86
T0012670,A00342,C0274,2026-02-26,Deposit,5195.16,USSD,167965.04
T0007435,A00196,C0161,2026-05-31,Salary Credit,18681.97,USSD,24908.99
T0008692,A00229,C0186,2026-03-19,Deposit,12739.08,POS,49286.5
T0010128,A00272,C0221,2026-05-15,Airtime,6950.32,ATM,41764.82
T0000016,A00001,C0001,2025-09-27,Purchase,3927.34,Branch,35034.19
T0002532,A00069,C0056,2026-06-03,Transfer In,19231.02,ATM,194439.53
T0001177,A00036,C0032,2026-02-28,Transfer Out,4657.87,POS,67238.85
T0005969,A00159,C0132,2026-01-10,Deposit,18087.14,POS,14468.92
T0002687,A00074,C0060,2025-10-05,Transfer Out,5808.02,POS,19875.39
T0005425,A00144,C0119,2025-10-16,Transfer Out,4065.14,USSD,157793.46
T0003232,A00089,C0074,2026-06-14,Purchase,2045.27,App,11882.23
T0011214,A00301,C0242,2025-11-23,Transfer Out,414.27,App,84938.37
T0009984,A00267,C0218,2025-08-21,Purchase,6540.82,POS,72456.19
T0010064,A00269,C0219,2026-04-16,Transfer In,4712.57,ATM,113832.97
T0000936,A00029,C0027,2026-02-01,Airtime,-3637.03,App,61400.36
T0002289,A00063,C0052,2025-11-11,Withdrawal,6092.69,ATM,131119.02
T0012347,A00332,C0266,2025-08-04,Transfer In,3151.23,USSD,160865.3
T0007497,A00197,C0161,2026-03-19,Bill Payment,4648.44,USSD,48689.0
T0002874,A00080,C0066,2026-04-13,Deposit,10254.7,POS,27517.44
T0000227,A00008,C0008,2025-07-12,Purchase,1002.83,App,77568.13
T0009048,A00239,C0194,2026-02-16,Deposit,22171.35,ATM,68148.93
T0008781,A00232,C0188,2026-05-18,Airtime,6122.39,ATM,5314.54
T0009320,A00247,C0201,2025-09-25,Withdrawal,2165.64,Branch,18903.68
T0007863,A00206,C0169,2025-07-21,Deposit,22961.8,App,81092.15
T0006052,A00161,C0133,2025-07-29,Airtime,6168.93,EFT,26330.96
T0013423,A00361,C0289,2025-10-01,Purchase,3707.96,USSD,60541.18
T0002700,A00074,C0060,2025-07-20,Withdrawal,458.21,ATM,49457.11
T0001483,A00044,C0037,2025-09-13,Withdrawal,2597.97,EFT,3336.53
T0005060,A00135,C0112,2025-09-01,Bill Payment,1881.5,Branch,16358.03
T0013607,A00365,C0292,2026-02-20,Bill Payment,6753.97,ATM,25122.37
T0001298,A00039,C0034,2026-04-25,Deposit,2511.36,App,39871.77
T0004322,A00118,C0097,2025-10-18,Withdrawal,5446.48,EFT,-2834.09
T0013891,A00372,C0297,2025-08-01,Transfer Out,6135.5,Branch,136504.28
T0009469,A00252,C0204,2026-03-28,Purchase,4831.12,Branch,29362.27
T0003864,A00106,C0088,2026-03-09,Purchase,6932.43,Branch,52618.1
T0004040,A00110,C0091,2025-09-25,Deposit,13686.44,App,183794.02
T0013547,A00364,C0291,2026-04-21,Purchase,2326.06,USSD,78300.25
T0010572,A00283,C0229,2025-08-19,Transfer In,16958.46,POS,103705.38
T0003124,A00086,C0071,2026-04-06,Bill Payment,7155.43,ATM,59213.95
T0007502,A00197,C0161,2025-09-01,Purchase,1447.25,Branch,50471.68
T0007268,A00191,C0156,2026-05-25,Transfer In,9809.82,EFT,27375.78
T0007695,A00201,C0165,2026-01-31,Deposit,22253.74,App,83672.61
T0000656,A00020,C0018,2025-12-03,Bill Payment,5747.97,App,13587.47
T0001413,A00041,C0036,2025-09-03,Purchase,,USSD,100191.25
T0003164,A00087,C0072,2026-04-06,Bill Payment,4939.42,ATM,-3776.61
T0000412,A00013,C0013,2025-10-14,Transfer In,5148.89,POS,43823.42
T0006553,A00175,C0145,2026-01-16,Bill Payment,5348.02,App,81484.22
T0007176,A00189,C0155,2026-01-28,Salary Credit,11219.87,EFT,96013.75
T0004942,A00131,C0108,2025-12-03,Airtime,6633.8,USSD,99909.62
T0010310,A00276,C0224,2026-06-24,Airtime,2450.44,ATM,55504.62
T0007192,A00189,C0155,2026-05-19,Withdrawal,1324.95,Branch,128776.78
T0000749,A00023,C0021,2025-11-19,Deposit,4923.6,USSD,25886.05
T0002013,A00057,C0047,2025-08-02,Transfer Out,5830.75,EFT,60332.12
T0003344,A00092,C0077,2026-03-14,Transfer Out,5561.22,ATM,160745.17
T0003720,A00102,C0084,2025-07-29,Airtime,7331.57,USSD,93192.0
T0007468,A00196,C0161,2026-03-10,Withdrawal,4751.47,USSD,209829.83
T0003268,A00091,C0076,2026-01-05,Purchase,7527.15,Branch,57822.18
T0008469,A00223,C0182,2026-05-07,Bill Payment,1119.86,Branch,149066.17
T0003990,A00109,C0091,2025-10-25,Deposit,19430.29,Branch,26035.99
T0003304,A00092,C0077,2026-01-01,Salary Credit,6475.24,ATM,81946.7
T0005790,A00154,C0128,2026-06-22,Bill Payment,7481.63,ATM,18957.99
T0004746,A00127,C0105,2026-03-19,Transfer Out,4717.67,Branch,61804.87
T0006248,A00167,C0138,2025-09-24,Airtime,6287.53,POS,20837.1
T0012460,A00336,C0268,2026-02-28,Bill Payment,5809.34,POS,51287.88
T0006372,A00170,C0141,2025-11-19,Withdrawal,917.47,Branch,88289.25
T0008712,A00229,C0186,2025-08-05,Salary Credit,15088.96,Branch,185098.86
T0010059,A00269,C0219,2026-04-13,Transfer In,7204.18,App,114624.37
T0001662,A00048,C0041,2025-08-18,Withdrawal,2450.73,EFT,82972.55
T0011494,A00309,C0248,2025-12-13,Airtime,7105.17,USSD,31485.25
T0012893,A00348,C0279,2025-08-06,Salary Credit,14021.19,ATM,96112.85
T0008567,A00227,C0185,2026-04-10,Transfer Out,70.61,USSD,12495.73
T0007895,A00207,C0170,2026-03-31,Withdrawal,2554.23,POS,155471.48
T0006757,A00179,C0148,2026-04-22,Transfer In,22705.11,USSD,99883.36
T0011855,A00319,C0255,2026-03-12,Transfer Out,7972.35,ATM,7709.39
T0006933,A00183,C0151,2026-03-25,Transfer Out,2790.41,USSD,175059.85
T0007841,A00206,C0169,2026-02-06,Purchase,4025.95,App,13682.53
T0010926,A00295,C0237,2025-07-17,Airtime,2339.43,EFT,2097.53
T0000342,A00011,C0011,2025-08-08,Deposit,21254.72,POS,59654.37
T0004334,A00118,C0097,2026-04-16,Bill Payment,2326.98,POS,48350.64
T0013100,A00353,C0283,2025-08-12,Bill Payment,7827.83,Branch,4920.12
T0001493,A00044,C0037,2025-08-30,Purchase,-3032.14,EFT,74416.6
T0002314,A00064,C0053,2026-02-21,Salary Credit,11152.93,Branch,103631.84
T0005841,A00155,C0129,2026-02-03,Deposit,4675.17,ATM,69186.12
T0013738,A00369,C0295,2025-07-29,Withdrawal,938.35,POS,30343.93
T0001229,A00037,C0032,2025-09-29,Transfer Out,1010.73,ATM,122223.75
T0001822,A00052,C0044,2026-02-09,Transfer Out,6066.13,USSD,81131.82
T0012858,A00347,C0279,2025-12-06,Transfer Out,7975.59,ATM,144144.58
T0000053,A00002,C0002,2026-01-12,Purchase,5139.78,App,56787.11
T0012906,A00348,C0279,2026-05-08,Transfer Out,5959.22,EFT,69193.76
T0004972,A00132,C0109,2026-03-15,Salary Credit,5791.84,ATM,149951.16
T0013741,A00369,C0295,2026-04-21,Salary Credit,22087.58,USSD,70289.78
T0003128,A00086,C0071,2025-07-14,Transfer Out,4329.96,Branch,88902.19
T0007827,A00206,C0169,2026-06-06,Transfer Out,6806.93,EFT,34717.39
T0012986,A00350,C0281,2026-02-03,Salary Credit,12867.85,USSD,23106.49
T0010933,A00295,C0237,2025-08-09,Deposit,20444.3,ATM,45552.97
T0013765,A00370,C0296,2025-09-19,Withdrawal,5588.82,App,50390.38
T0004638,A00125,C0104,2026-06-24,Airtime,3472.83,USSD,46263.35
T0012030,A00324,C0259,2026-01-29,Withdrawal,3325.38,ATM,68378.71
T0008708,A00229,C0186,2025-09-24,Deposit,-10421.18,Branch,179027.86
T0014046,A00375,C0299,2026-03-05,Transfer In,6900.47,ATM,99312.75
T0013648,A00366,C0293,2025-09-27,Deposit,23717.85,Branch,57339.0
T0001894,A00054,C0045,2026-05-17,Salary Credit,3582.65,EFT,64131.24
T0013158,A00354,C0283,2026-05-22,Withdrawal,,ATM,136448.72
T0006811,A00180,C0149,2025-08-02,Transfer In,12552.52,App,141995.58
T0007606,A00199,C0163,2026-02-03,Withdrawal,3109.9,ATM,204588.02
T0005081,A00135,C0112,2025-08-30,Bill Payment,5265.81,EFT,-6804.51
T0010520,A00282,C0228,2026-02-05,Transfer Out,4092.77,USSD,9155.41
T0007452,A00196,C0161,2026-06-01,Deposit,4988.34,Branch,112686.04
T0003859,A00106,C0088,2025-09-04,Transfer In,19657.03,Branch,67350.13
T0011088,A00298,C0240,2025-08-09,Salary Credit,3057.34,Branch,26715.62
T0002866,A00080,C0066,2026-01-23,Bill Payment,6137.7,EFT,36855.9
T0005232,A00138,C0114,2025-11-12,Deposit,10520.87,Branch,117648.27
T0008922,A00235,C0190,2025-11-16,Bill Payment,3845.93,POS,142830.87
T0006845,A00181,C0149,2025-11-03,Purchase,2477.5,EFT,118206.26
T0003771,A00103,C0085,2025-07-22,Deposit,17283.1,POS,88326.85
T0007971,A00209,C0172,2026-01-17,Transfer In,-5217.5,USSD,86280.51
T0013901,A00372,C0297,2026-01-12,Salary Credit,18789.56,App,132563.66
T0006306,A00169,C0140,2025-12-13,Purchase,2202.66,Branch,23420.52
T0000400,A00012,C0012,2025-10-08,Salary Credit,23249.87,Branch,156051.8
T0009533,A00254,C0206,2025-10-31,Transfer Out,2742.12,Branch,29813.92
T0013488,A00363,C0290,2026-05-08,Salary Credit,10871.41,App,59979.16
T0013647,A00366,C0293,2026-06-11,Withdrawal,1891.57,Branch,33621.15
T0000259,A00009,C0009,2025-12-17,Transfer Out,421.8,USSD,86973.79
T0002894,A00081,C0066,2025-07-25,Withdrawal,3014.03,USSD,20347.57
T0001162,A00036,C0032,2025-07-23,Deposit,5058.16,ATM,49899.92
T0014132,A00377,C0300,2026-06-04,Purchase,3092.4,USSD,21796.82
T0001334,A00040,C0035,2026-01-17,Bill Payment,593.15,Branch,94577.09
T0005135,A00136,C0112,2026-05-29,Transfer In,138.19,POS,90723.98
T0008584,A00227,C0185,2026-02-04,Purchase,955.89,USSD,75000.75
T0007385,A00194,C0159,2026-01-28,Withdrawal,945.17,ATM,78812.13
T0009923,A00265,C0217,2026-05-12,Deposit,3435.3,USSD,43519.65
T0011293,A00303,C0243,2025-08-03,Withdrawal,2547.52,POS,14293.72
T0003162,A00086,C0071,2025-11-17,Withdrawal,3553.95,App,109303.35
T0000558,A00018,C0016,2025-12-03,Salary Credit,18665.68,USSD,36552.76
T0012181,A00329,C0264,2026-03-28,Transfer In,11608.92,EFT,23592.64
T0013435,A00361,C0289,2026-01-06,Purchase,6895.98,POS,127936.55
T0003744,A00103,C0085,2025-12-22,Salary Credit,,ATM,42304.81
T0013460,A00362,C0289,2025-08-26,Salary Credit,24624.08,POS,77196.93
T0004330,A00118,C0097,2026-04-04,Transfer Out,,USSD,41105.96
T0001773,A00051,C0043,2026-02-06,Deposit,-16544.02,Branch,90268.16
T0011077,A00297,C0239,2026-05-29,Withdrawal,2779.44,Branch,108749.2
T0003306,A00092,C0077,2026-04-06,Bill Payment,330.56,ATM,78239.14
T0006313,A00169,C0140,2026-05-10,Transfer In,7275.06,ATM,24969.74
T0011066,A00297,C0239,2026-06-19,Withdrawal,7414.23,EFT,60909.27
T0002570,A00071,C0057,2025-07-25,Transfer In,2340.32,App,58689.14
T0010839,A00292,C0235,2026-04-22,Transfer In,13186.4,Branch,100381.21
T0014109,A00376,C0300,2025-11-09,Purchase,5299.01,ATM,222476.04
T0009182,A00243,C0198,2025-10-17,Bill Payment,6860.37,ATM,4621.21
T0007599,A00199,C0163,2025-08-18,Deposit,16616.76,Branch,192365.32
T0014052,A00376,C0300,2025-08-15,Purchase,1561.46,POS,17027.54
T0002474,A00068,C0056,2025-10-24,Salary Credit,3976.96,ATM,252199.59
T0000882,A00027,C0025,2026-01-16,Salary Credit,19123.88,EFT,142873.45
T0011963,A00322,C0257,2025-11-07,Transfer In,16518.95,ATM,96515.88
T0013984,A00374,C0298,2025-12-02,Airtime,2008.94,EFT,136906.01
T0013461,A00362,C0289,2025-08-13,Transfer In,20106.22,App,97303.15
T0003879,A00107,C0089,2026-04-20,Transfer Out,,USSD,49084.58
T0009112,A00242,C0197,2026-03-22,Airtime,7521.84,POS,-6445.18
T0003262,A00091,C0076,2026-04-29,Bill Payment,1461.27,App,30767.61
T0003585,A00099,C0083,2025-08-09,Purchase,815.84,App,32385.07
T0009972,A00266,C0217,2025-11-15,Deposit,797.17,POS,3627.78
T0007694,A00201,C0165,2025-08-05,Withdrawal,3299.24,Branch,61418.87
T0007887,A00207,C0170,2026-02-12,Purchase,2238.13,POS,119216.94
T0007102,A00188,C0154,2025-09-05,Transfer In,12168.36,Branch,24309.72
T0004363,A00119,C0098,2025-11-12,Bill Payment,5836.85,EFT,168191.01
T0011586,A00311,C0250,2025-12-23,Airtime,4425.88,ATM,68433.79
T0013137,A00354,C0283,2026-06-07,Transfer In,10396.51,EFT,54296.35
T0008994,A00238,C0193,2025-10-31,Deposit,5877.66,Branch,50770.25
T0011162,A00299,C0240,2026-03-18,Purchase,190.22,POS,172661.45
T0004234,A00116,C0096,2026-01-22,Purchase,7324.68,POS,68196.33
T0002356,A00066,C0054,2025-10-30,Withdrawal,,App,30517.16
T0006640,A00177,C0146,2025-08-30,Deposit,24747.5,ATM,142439.35
T0003106,A00085,C0070,2026-05-09,Deposit,20215.02,POS,186471.85
T0013365,A00359,C0288,2025-11-27,Bill Payment,1439.71,EFT,175756.87
T0002040,A00057,C0047,2025-11-01,Purchase,7782.99,App,72963.57
T0009096,A00241,C0196,2025-11-05,Airtime,3492.25,POS,8105.54
T0010953,A00295,C0237,2025-12-24,Salary Credit,3467.51,ATM,82215.49
T0007457,A00196,C0161,2026-02-06,Deposit,24844.24,ATM,166919.92
T0013279,A00357,C0286,2025-12-28,Bill Payment,1245.56,EFT,137964.12
T0010099,A00271,C0221,2025-09-03,Purchase,3286.56,EFT,-8034.1
T0002908,A00081,C0066,2025-08-25,Salary Credit,13662.67,App,69300.94
T0005626,A00150,C0124,2026-06-23,Transfer In,3998.65,EFT,22035.86
T0007026,A00185,C0152,2026-06-30,Airtime,5690.51,EFT,159414.04
T0006113,A00164,C0136,2025-10-17,Transfer In,20600.47,USSD,39244.27
T0010819,A00292,C0235,2025-12-24,Transfer Out,6672.97,USSD,32352.88
T0005685,A00151,C0125,2025-11-10,Transfer Out,7744.18,USSD,119532.47
T0001423,A00042,C0036,2025-12-04,Transfer In,5622.2,App,42021.9
T0002037,A00057,C0047,2026-02-20,Airtime,5790.02,EFT,61076.83
T0010915,A00295,C0237,2026-01-17,Transfer Out,2794.59,POS,18426.38
T0013612,A00365,C0292,2026-06-21,Purchase,5156.55,EFT,19599.36
T0012278,A00331,C0265,2026-06-04,Withdrawal,6399.4,ATM,-2393.41
T0001394,A00041,C0036,2026-03-26,Transfer In,4452.87,ATM,88299.98
T0005718,A00152,C0126,2025-07-12,Transfer In,3729.28,Branch,57816.26
T0002731,A00075,C0061,2025-09-13,Transfer In,9791.35,USSD,53363.75
T0009803,A00262,C0214,2025-11-06,Purchase,2388.13,EFT,51334.26
T0010529,A00282,C0228,2025-08-26,Salary Credit,19114.99,USSD,12099.24
T0006487,A00173,C0143,2026-04-01,Purchase,3898.44,ATM,76853.38
T0012993,A00350,C0281,2025-12-12,Airtime,7540.99,POS,37619.89
T0005712,A00152,C0126,2025-12-18,Airtime,5625.79,USSD,40826.89
T0010151,A00273,C0222,2025-09-01,Withdrawal,6095.73,App,46018.62
T0004138,A00114,C0094,2026-01-05,Transfer Out,7060.5,Branch,-13393.52
T0000935,A00029,C0027,2025-08-21,Purchase,5593.89,Branch,65037.39
T0004139,A00114,C0094,2026-03-22,Deposit,23465.72,EFT,10072.2
T0010516,A00282,C0228,2025-10-21,Salary Credit,23285.9,EFT,27150.31
T0011821,A00317,C0254,2026-02-10,Transfer Out,7874.45,USSD,-10592.43
T0007896,A00207,C0170,2026-02-16,Deposit,20715.8,POS,176187.28
T0006719,A00179,C0148,2025-08-29,Salary Credit,16205.25,Branch,-13142.71
T0012827,A00347,C0279,2025-09-30,Airtime,2620.95,POS,45410.21
T0008088,A00212,C0173,2025-11-01,Withdrawal,,EFT,13172.64
T0010193,A00273,C0222,2025-09-27,Transfer In,3497.61,Branch,47905.83
T0005792,A00154,C0128,2025-12-28,Purchase,4116.64,POS,33570.74
T0004276,A00117,C0097,2026-06-14,Purchase,6489.84,App,116393.51
T0000086,A00003,C0003,2026-01-22,Withdrawal,7018.39,Branch,100897.37
T0002979,A00083,C0068,2026-06-22,Withdrawal,2282.16,App,83364.32
T0001962,A00056,C0047,2025-11-07,Airtime,4815.52,EFT,26371.65
T0007004,A00185,C0152,2025-12-07,Airtime,7046.1,App,59071.04
T0009005,A00238,C0193,2026-01-07,Bill Payment,6377.33,EFT,66577.5
T0007315,A00192,C0157,2025-07-30,Transfer In,6329.83,App,120135.93
T0004060,A00111,C0092,2025-08-17,Transfer In,22552.01,App,51457.22
T0011030,A00297,C0239,2026-03-17,Airtime,6745.65,POS,-5.06
T0006683,A00178,C0147,2026-06-19,Airtime,-3969.73,POS,55172.07
T0006305,A00169,C0140,2026-03-12,Purchase,1666.13,ATM,25623.18
T0009321,A00247,C0201,2026-05-27,Bill Payment,6958.12,USSD,11945.56
T0013496,A00363,C0290,2026-06-30,Transfer In,4803.87,POS,117121.6
T0011570,A00311,C0250,2025-12-01,Bill Payment,1531.28,POS,51033.82
T0006501,A00174,C0144,2025-08-01,Purchase,5319.1,Branch,19865.0
T0003800,A00104,C0086,2026-02-18,Purchase,6769.95,Branch,114241.88
T0002759,A00076,C0062,2026-04-01,Transfer In,1199.85,POS,26036.04
T0012236,A00330,C0264,2025-12-08,Transfer Out,1578.73,POS,43924.81
T0006229,A00166,C0138,2026-05-13,Transfer In,12633.76,USSD,201975.9
T0012136,A00328,C0263,2025-08-15,Airtime,2422.64,USSD,19499.58
T0007240,A00190,C0156,2025-09-26,Transfer Out,2607.77,App,101461.09
T0007595,A00199,C0163,2025-10-12,Salary Credit,21419.72,POS,140586.9
T0004441,A00121,C0100,2026-05-23,Salary Credit,1485.16,Branch,99966.67
T0011357,A00305,C0244,2025-12-21,Transfer In,6386.82,EFT,137818.26
T0004855,A00130,C0107,2026-04-28,Deposit,13205.45,ATM,64070.51
T0012550,A00339,C0271,2026-06-27,Airtime,669.11,Branch,-2990.07
T0013553,A00364,C0291,2025-09-29,Transfer In,10246.95,Branch,127729.0
T0012918,A00348,C0279,2025-10-17,Airtime,5814.08,ATM,69200.9
T0003386,A00095,C0080,2025-08-22,Transfer In,9385.97,ATM,62934.73
T0013660,A00366,C0293,2026-02-07,Bill Payment,3610.69,Branch,60356.98
T0001322,A00040,C0035,2026-01-11,Deposit,7838.89,ATM,67025.45
T0013772,A00370,C0296,2026-01-09,Transfer In,13090.41,ATM,79989.1
T0005719,A00152,C0126,2025-08-07,Deposit,4462.71,USSD,62278.97
T0007458,A00196,C0161,2026-03-26,Airtime,7172.26,ATM,159747.66
T0012385,A00333,C0266,2026-01-06,Transfer Out,7443.27,EFT,96243.36
T0006467,A00173,C0143,2026-04-09,Airtime,7972.19,App,44703.12
T0007055,A00186,C0153,2026-02-25,Salary Credit,2495.2,ATM,111861.26
T0009399,A00250,C0203,2026-05-01,Airtime,371.47,EFT,83640.62
T0007986,A00209,C0172,2025-12-02,Deposit,22886.96,POS,163088.53
T0005871,A00156,C0130,2026-03-20,Purchase,7150.78,App,26111.92
T0006465,A00173,C0143,2025-08-12,Bill Payment,3949.73,USSD,60261.67
T0007308,A00192,C0157,2025-08-14,Transfer Out,2013.41,EFT,93187.03
T0000209,A00008,C0008,2026-02-01,Airtime,2986.03,EFT,65797.15
T0002486,A00068,C0056,2025-08-14,Salary Credit,6378.69,ATM,299311.93
T0000756,A00023,C0021,2025-08-26,Airtime,1837.7,EFT,57899.78
T0002528,A00069,C0056,2025-12-23,Withdrawal,2027.71,Branch,160778.15
T0004805,A00128,C0106,2025-10-13,Purchase,7209.58,EFT,58847.86
T0011156,A00299,C0240,2025-10-04,Deposit,7588.79,EFT,158248.15
T0006753,A00179,C0148,2025-12-24,Transfer Out,1479.12,App,54177.65
T0004284,A00118,C0097,2026-02-13,Withdrawal,2328.42,POS,21557.66
T0001259,A00038,C0033,2025-10-02,Salary Credit,15781.58,EFT,190742.74
T0003305,A00092,C0077,2025-12-20,Purchase,3377.0,Branch,78569.7
T0002188,A00061,C0050,2026-04-04,Salary Credit,3926.55,USSD,61997.75
T0002199,A00061,C0050,2025-08-20,Withdrawal,957.44,Branch,91308.62
T0007805,A00204,C0167,2026-06-18,Salary Credit,18740.76,USSD,91273.56
T0004971,A00132,C0109,2026-02-04,Purchase,5488.76,App,144159.32
T0012871,A00347,C0279,2026-06-22,Bill Payment,7790.85,Branch,161772.83
T0013224,A00356,C0285,2025-10-27,Transfer Out,3560.86,App,176951.17
T0000614,A00019,C0017,2025-08-03,Purchase,-2258.07,EFT,36750.31
T0005304,A00141,C0117,2026-02-13,Bill Payment,2817.03,POS,34728.11
T0005762,A00153,C0127,2025-12-17,Airtime,1295.18,ATM,28761.89
T0006689,A00178,C0147,2025-12-09,Airtime,152.25,Branch,90173.83
T0013305,A00358,C0287,2026-01-18,Deposit,18714.89,USSD,104731.21
T0008402,A00222,C0181,2025-08-11,Purchase,2427.32,App,65181.51
T0007505,A00197,C0161,2025-10-03,Airtime,1940.41,USSD,62753.96
T0001713,A00049,C0042,2025-12-03,Deposit,16163.21,POS,152927.76
T0007605,A00199,C0163,2026-06-16,Salary Credit,16577.71,USSD,207697.92
T0000382,A00012,C0012,2026-01-04,Transfer Out,7934.55,ATM,82663.52
T0002038,A00057,C0047,2026-06-30,Transfer In,8135.83,App,69212.66
T0007525,A00198,C0162,2025-10-31,Transfer Out,6828.8,USSD,39615.58
T0012206,A00329,C0264,2026-01-03,Purchase,2335.17,Branch,63712.23
T0011281,A00302,C0242,2026-04-21,Withdrawal,4751.27,USSD,72041.93
T0011416,A00306,C0245,2026-03-05,Purchase,4582.26,ATM,58028.2
T0005546,A00147,C0121,2026-06-18,Transfer Out,4897.7,App,77630.12
T0005073,A00135,C0112,2026-05-30,Purchase,5177.79,Branch,3402.86
T0003190,A00087,C0072,2026-02-05,Salary Credit,17379.35,EFT,14847.94
T0008051,A00211,C0173,2025-12-02,Deposit,9243.49,Branch,86215.61
T0000387,A00012,C0012,2026-04-08,Deposit,4102.38,App,78967.42
T0013317,A00358,C0287,2026-04-17,Withdrawal,6309.11,ATM,115921.36
T0012117,A00326,C0261,2026-01-21,Airtime,5517.44,Branch,128836.86
T0006622,A00177,C0146,2025-10-17,Salary Credit,2404.11,POS,82544.02
T0007111,A00188,C0154,2026-06-07,Airtime,1601.13,POS,38535.87
T0012374,A00333,C0266,2025-10-29,Transfer In,5738.07,EFT,92338.25
T0010519,A00282,C0228,2025-10-28,Withdrawal,6681.28,EFT,13248.18
T0005194,A00138,C0114,2026-01-09,Salary Credit,8694.53,ATM,21615.14
T0008180,A00216,C0177,2025-10-03,Deposit,24246.35,USSD,13778.51
T0006382,A00170,C0141,2026-04-22,Salary Credit,4513.93,EFT,124744.68
T0009032,A00239,C0194,2025-11-04,Withdrawal,7630.52,ATM,33514.69
T0002771,A00076,C0062,2025-09-28,Bill Payment,886.02,ATM,73293.36
T0008034,A00210,C0172,2025-10-04,Deposit,21245.27,ATM,122694.35
T0007430,A00195,C0160,2026-06-22,Deposit,8752.92,Branch,205761.46
T0010436,A00280,C0227,2026-06-19,Deposit,23251.43,Branch,56420.11
T0003694,A00102,C0084,2026-02-07,Salary Credit,14280.11,EFT,63121.76
T0009759,A00261,C0213,2026-03-24,Transfer In,,POS,38533.3
T0001150,A00035,C0031,2025-12-31,Transfer Out,4677.65,ATM,132189.71
T0000179,A00006,C0006,2025-11-21,Salary Credit,21470.05,ATM,82412.26
T0006388,A00171,C0141,2025-10-07,Transfer In,,EFT,67721.38
T0010012,A00267,C0218,2026-06-26,Purchase,4099.46,Branch,84622.12
T0013735,A00369,C0295,2026-04-26,Purchase,436.24,POS,25888.02
T0010743,A00289,C0233,2026-02-18,Transfer Out,4580.25,Branch,20779.44
T0005527,A00147,C0121,2026-06-16,Bill Payment,4708.11,ATM,28288.2
T0005051,A00134,C0111,2026-05-05,Deposit,6142.55,POS,93501.49
T0006072,A00163,C0135,2025-07-17,Transfer Out,5564.96,EFT,36640.37
T0000299,A00010,C0010,2025-11-13,Purchase,1304.21,App,17023.57
T0001827,A00052,C0044,2026-04-23,Bill Payment,2296.35,ATM,79182.3
T0004115,A00113,C0093,2026-06-20,Transfer In,19771.97,ATM,110050.36
T0000105,A00003,C0003,2025-12-03,Deposit,5454.02,ATM,152778.58
T0013163,A00354,C0283,2025-07-28,Purchase,2414.87,POS,154154.6
T0009192,A00243,C0198,2025-11-14,Salary Credit,7754.12,App,123030.37
T0004908,A00131,C0108,2025-10-15,Airtime,5174.61,Branch,43902.15
T0004173,A00115,C0095,2025-08-08,Salary Credit,18144.51,EFT,34605.31
T0013075,A00352,C0282,2025-09-26,Bill Payment,4515.89,ATM,-12848.29
T0003632,A00100,C0083,2026-03-30,Transfer In,19916.36,USSD,5729.69
T0006706,A00178,C0147,2025-11-04,Transfer Out,1848.01,App,114524.93
T0002561,A00070,C0057,2026-06-23,Bill Payment,1363.69,ATM,79963.62
T0012700,A00343,C0275,2026-02-04,Bill Payment,3547.0,ATM,46446.53
T0009583,A00256,C0208,2026-06-01,Transfer Out,7160.98,ATM,19089.59
T0012574,A00340,C0272,2026-04-07,Transfer Out,2794.18,ATM,13168.78
T0012369,A00333,C0266,2026-02-23,Withdrawal,4803.93,USSD,77117.53
T0006327,A00169,C0140,2026-03-15,Purchase,1579.46,EFT,56840.88
T0012814,A00346,C0278,2025-07-17,Withdrawal,6285.03,USSD,51237.54
T0004161,A00115,C0095,2026-03-09,Withdrawal,4503.58,Branch,24871.95
T0003292,A00091,C0076,2025-07-28,Purchase,-1612.88,App,86156.17
T0009668,A00258,C0210,2026-06-06,Salary Credit,7754.32,EFT,80732.04
T0000940,A00029,C0027,2025-09-05,Bill Payment,6345.29,EFT,47110.4
T0009593,A00256,C0208,2025-08-21,Withdrawal,7295.05,Branch,89183.26
T0004786,A00128,C0106,2025-07-22,Deposit,2667.42,Branch,76432.25
T0011938,A00322,C0257,2025-09-12,Bill Payment,4141.66,ATM,29366.53
T0003340,A00092,C0077,2025-07-18,Deposit,10248.17,POS,141205.01
T0004167,A00115,C0095,2025-07-10,Withdrawal,2272.57,POS,41766.81
T0002192,A00061,C0050,2025-08-15,Airtime,1945.51,EFT,82146.14
T0003046,A00084,C0069,2025-08-12,Transfer In,17200.66,POS,115850.17
T0004620,A00124,C0103,2025-12-03,Salary Credit,,POS,172569.84
T0008061,A00211,C0173,2025-11-13,Withdrawal,4595.45,USSD,101854.32
T0008805,A00232,C0188,2026-02-13,Bill Payment,6489.06,USSD,41062.6
T0013682,A00367,C0293,2026-06-23,Purchase,3343.74,Branch,16316.18
T0004323,A00118,C0097,2026-04-25,Deposit,8051.02,POS,5216.93
T0009519,A00253,C0205,2025-09-19,Withdrawal,5929.62,EFT,87505.74
T0003502,A00097,C0081,2025-07-15,Salary Credit,23982.68,POS,128548.88
T0006389,A00171,C0141,2026-01-24,Withdrawal,-2919.29,App,64802.09
T0005868,A00156,C0130,2026-02-08,Withdrawal,1155.39,POS,13609.83
T0009856,A00263,C0215,2025-08-29,Bill Payment,2979.9,USSD,34420.63
T0003633,A00100,C0083,2026-03-06,Withdrawal,738.58,EFT,4991.11
T0013326,A00358,C0287,2025-08-20,Salary Credit,20476.32,POS,138659.92
T0002327,A00065,C0054,2025-07-05,Deposit,8354.57,Branch,14683.74
T0007134,A00188,C0154,2025-07-15,Withdrawal,3172.44,Branch,114259.14
T0008538,A00226,C0184,2026-05-14,Bill Payment,6689.71,POS,48747.41
T0001660,A00048,C0041,2026-02-27,Withdrawal,,USSD,72244.08
T0010662,A00286,C0231,2026-04-08,Withdrawal,1340.39,EFT,58615.15
T0011523,A00310,C0249,2025-11-11,Purchase,6941.09,EFT,41910.22
T0002838,A00079,C0065,2025-09-04,Deposit,6185.21,EFT,23704.11
T0013659,A00366,C0293,2025-08-06,Airtime,2293.52,App,63967.67
T0012680,A00343,C0275,2026-06-06,Withdrawal,1231.5,App,36314.05
T0008204,A00216,C0177,2026-05-17,Deposit,17300.45,ATM,62408.75
T0005989,A00159,C0132,2026-03-31,Salary Credit,22958.69,App,77996.57
T0011747,A00315,C0253,2026-06-05,Bill Payment,1934.27,EFT,168629.25
T0008735,A00230,C0187,2026-01-01,Deposit,2403.82,POS,100740.1
T0013775,A00370,C0296,2026-06-13,Deposit,325.38,ATM,70331.09
T0003974,A00109,C0091,2026-06-07,Airtime,1876.73,App,-13478.59
T0009886,A00264,C0216,2025-07-28,Purchase,2370.82,App,104215.53
T0006657,A00177,C0146,2026-03-26,Bill Payment,5118.92,POS,199642.38
T0006323,A00169,C0140,2026-06-14,Bill Payment,1221.82,EFT,51642.8
T0002730,A00075,C0061,2026-01-10,Transfer Out,3558.43,USSD,43572.4
T0007571,A00199,C0163,2025-11-07,Transfer Out,2072.1,ATM,67465.39
T0011518,A00310,C0249,2025-11-23,Transfer Out,7299.21,EFT,6409.22
T0000822,A00026,C0024,2025-09-28,Salary Credit,17785.15,ATM,35961.3
T0011268,A00302,C0242,2025-12-22,Bill Payment,2374.25,Branch,63869.09
T0002473,A00068,C0056,2026-04-22,Airtime,6003.61,App,248222.63
T0006575,A00175,C0145,2025-10-04,Purchase,5682.39,EFT,149529.26
T0014057,A00376,C0300,2026-02-28,Salary Credit,11060.3,Branch,44087.35
T0012447,A00336,C0268,2025-12-11,Transfer In,20236.0,USSD,76323.49
T0005420,A00144,C0119,2026-02-18,Airtime,6544.68,Branch,158132.6
T0011352,A00305,C0244,2026-06-07,Deposit,14998.58,EFT,113708.89
T0000405,A00013,C0013,2026-04-27,Deposit,12101.06,EFT,32076.18
T0003258,A00090,C0075,2026-05-15,Bill Payment,1291.26,App,111456.44
T0002399,A00067,C0055,2026-02-22,Transfer Out,554.07,ATM,109132.3
T0006498,A00174,C0144,2025-10-30,Airtime,233.56,EFT,34860.84
T0004071,A00112,C0093,2025-10-30,Deposit,12983.88,POS,39056.3
T0007922,A00207,C0170,2026-05-15,Deposit,23178.64,POS,267683.21
T0013417,A00361,C0289,2025-11-30,Withdrawal,2082.98,ATM,75410.33
T0003324,A00092,C0077,2026-04-16,Airtime,6977.95,ATM,88476.68
T0006063,A00162,C0134,2026-03-27,Transfer In,15613.98,ATM,93755.46
T0008617,A00228,C0185,2025-12-04,Transfer Out,4795.43,Branch,7956.42
T0002336,A00065,C0054,2026-06-18,Airtime,7448.92,ATM,1267.15
T0013586,A00365,C0292,2025-09-26,Transfer In,15053.11,POS,57082.99
T0002992,A00083,C0068,2025-07-22,Purchase,6416.94,ATM,47504.66
T0013667,A00366,C0293,2025-07-31,Deposit,255.3,Branch,77930.51
T0007770,A00203,C0166,2026-03-21,Salary Credit,22515.25,USSD,124872.92
T0012621,A00342,C0274,2025-07-25,Bill Payment,1575.45,App,38847.46
T0000366,A00012,C0012,2025-08-13,Transfer In,11285.16,EFT,32340.56
T0009848,A00263,C0215,2025-09-21,Purchase,1534.84,ATM,32652.34
T0004766,A00128,C0106,2026-02-04,Transfer In,208.17,ATM,35942.61
T0007923,A00207,C0170,2025-12-05,Transfer In,8367.64,USSD,276050.85
T0004386,A00119,C0098,2026-01-15,Transfer In,22101.49,App,233446.87
T0007925,A00207,C0170,2026-01-18,Transfer In,14104.32,EFT,313171.0
T0001598,A00046,C0039,2026-06-28,Transfer Out,3747.01,EFT,92830.94
T0008144,A00215,C0176,2025-10-27,Withdrawal,7404.76,Branch,55546.24
T0011392,A00306,C0245,2026-03-09,Salary Credit,7026.27,ATM,63948.9
T0001407,A00041,C0036,2025-12-29,Bill Payment,66.37,USSD,116349.31
T0009098,A00241,C0196,2025-11-23,Salary Credit,3709.83,Branch,27242.34
T0013102,A00353,C0283,2025-07-01,Deposit,23377.84,USSD,50583.02
T0000375,A00012,C0012,2026-06-23,Bill Payment,1851.3,EFT,90605.52
T0007964,A00209,C0172,2025-08-14,Transfer In,3670.12,USSD,70810.74
T0008455,A00223,C0182,2025-09-20,Salary Credit,5728.19,Branch,128034.66
T0004694,A00126,C0104,2025-09-12,Airtime,5411.74,ATM,85262.18
T0004251,A00117,C0097,2025-08-03,Deposit,17326.52,Branch,64063.2
T0013513,A00363,C0290,2025-10-10,Purchase,7523.12,POS,137098.26
T0007945,A00208,C0171,2026-04-26,Airtime,7424.49,USSD,55365.0
T0012414,A00334,C0267,2025-10-23,Deposit,6883.16,USSD,121390.34
T0006142,A00164,C0136,2026-02-21,Withdrawal,3290.74,USSD,124719.55
T0000185,A00007,C0007,2025-11-05,Deposit,11465.57,USSD,23080.24
T0004450,A00121,C0100,2026-03-26,Deposit,21544.99,USSD,165216.46
T0005777,A00153,C0127,2026-05-07,Withdrawal,873.66,EFT,70605.17
T0005713,A00152,C0126,2026-06-21,Deposit,19295.99,USSD,60122.88
T0008884,A00234,C0190,2026-03-20,Bill Payment,2564.22,App,64398.41
T0001365,A00040,C0035,2025-10-19,Purchase,4825.11,Branch,94638.73
T0000639,A00019,C0017,2026-02-24,Salary Credit,5869.19,POS,76313.24
T0012861,A00347,C0279,2025-10-21,Salary Credit,14696.24,EFT,149131.58
T0000493,A00015,C0014,2025-10-12,Withdrawal,3893.25,POS,11513.73
T0009844,A00263,C0215,2026-01-10,Salary Credit,8473.87,EFT,-1382.49
T0001181,A00037,C0032,2025-11-29,Salary Credit,13018.64,App,62040.98
T0003630,A00100,C0083,2025-09-13,Purchase,619.33,Branch,-13803.8
T0013017,A00350,C0281,2026-04-09,Transfer Out,6618.28,POS,84779.51
T0009665,A00258,C0210,2026-01-06,Transfer In,5963.19,ATM,82909.55
T0002420,A00067,C0055,2026-06-21,Purchase,4393.82,ATM,162784.69
T0008019,A00210,C0172,2026-04-08,Transfer Out,3924.64,Branch,24389.49
T0009786,A00261,C0213,2025-11-07,Airtime,790.89,EFT,50017.51
T0008510,A00225,C0183,2025-07-06,Bill Payment,3616.44,USSD,36755.29
T0008646,A00228,C0185,2026-01-05,Transfer In,4011.64,EFT,9996.13
T0013858,A00372,C0297,2025-12-09,Bill Payment,5273.47,POS,-10942.66
T0001236,A00038,C0033,2025-07-08,Airtime,6567.8,App,36015.06
T0014068,A00376,C0300,2025-09-07,Withdrawal,6709.08,POS,105588.48
T0005364,A00143,C0118,2026-06-22,Airtime,700.92,EFT,-53654.55
T0011665,A00313,C0251,2026-01-23,Transfer Out,5342.26,Branch,102156.24
T0007075,A00186,C0153,2026-05-31,Airtime,4792.36,USSD,174432.81
T0003996,A00110,C0091,2026-05-31,Bill Payment,5471.88,App,21500.27
T0000339,A00011,C0011,2026-02-22,Salary Credit,9032.67,POS,36916.61
T0009535,A00254,C0206,2026-03-23,Purchase,6862.81,POS,15237.83
T0004230,A00116,C0096,2026-06-07,Purchase,,POS,66672.75
T0010747,A00289,C0233,2026-01-26,Withdrawal,5399.9,USSD,24183.71
T0013178,A00355,C0284,2025-11-02,Transfer Out,1649.95,EFT,80256.57
T0010818,A00292,C0235,2025-07-25,Transfer In,12300.7,EFT,39025.85
T0011414,A00306,C0245,2025-08-25,Airtime,6594.67,EFT,67470.77
T0003670,A00102,C0084,2025-11-15,Salary Credit,3653.71,EFT,11545.75
T0010981,A00296,C0238,2026-01-10,Salary Credit,9974.09,USSD,88274.62
T0001164,A00036,C0032,2025-10-09,Deposit,4484.33,App,51652.51
T0011814,A00317,C0254,2026-05-19,Airtime,3251.32,EFT,22078.02
T0011106,A00298,C0240,2025-11-13,Withdrawal,2485.33,Branch,57784.0
T0013867,A00372,C0297,2025-12-05,Bill Payment,244.64,Branch,4092.78
T0009742,A00260,C0212,2025-11-12,Transfer Out,678.7,Branch,175683.38
T0009042,A00239,C0194,2026-02-18,Purchase,597.75,App,49982.47
T0013082,A00352,C0282,2025-11-10,Transfer Out,433.36,Branch,-37475.08
T0000811,A00025,C0023,2025-10-08,Transfer In,19553.96,ATM,90606.62
T0010682,A00287,C0231,2026-05-24,Airtime,1583.96,EFT,44729.93
T0013047,A00351,C0281,2026-02-25,Withdrawal,3894.39,USSD,-49220.49
T0008041,A00211,C0173,2026-06-06,Airtime,250.15,USSD,17399.32
T0002063,A00058,C0048,2026-03-26,Salary Credit,4467.15,App,55574.91
T0009896,A00265,C0217,2026-02-22,Withdrawal,5407.79,App,-7720.11
T0014111,A00377,C0300,2026-01-15,Purchase,6399.91,ATM,29838.79
T0001126,A00035,C0031,2026-05-11,Transfer Out,5451.83,App,66049.62
T0001291,A00039,C0034,2025-10-10,Salary Credit,4631.41,EFT,29741.38
T0004693,A00126,C0104,2025-08-01,Transfer In,24919.06,USSD,90673.92
T0006197,A00166,C0138,2026-05-12,Withdrawal,,POS,68624.45
T0009200,A00243,C0198,2025-11-14,Salary Credit,13176.07,Branch,167078.95
T0002624,A00072,C0058,2025-12-17,Transfer Out,667.41,EFT,45387.74
T0012667,A00342,C0274,2026-01-05,Purchase,7305.82,USSD,163207.98
T0006335,A00169,C0140,2025-12-12,Salary Credit,2067.86,App,58026.0
T0003592,A00099,C0083,2026-03-10,Withdrawal,1397.85,EFT,62712.17
T0003285,A00091,C0076,2025-10-02,Purchase,5517.0,ATM,92374.7
T0012040,A00325,C0260,2025-11-08,Airtime,3593.33,Branch,25795.24
T0013557,A00364,C0291,2026-04-14,Transfer In,4173.12,Branch,145141.53
T0000555,A00018,C0016,2026-04-16,Purchase,2553.62,USSD,27484.96
T0013846,A00371,C0296,2025-08-27,Purchase,157.85,USSD,27601.5
T0004119,A00114,C0094,2026-04-16,Transfer In,4393.64,App,23222.71
T0000396,A00012,C0012,2026-01-21,Airtime,5363.9,ATM,127874.11
T0000160,A00005,C0005,2025-10-04,Salary Credit,1210.96,Branch,39780.44
T0008124,A00214,C0175,2025-12-16,Purchase,5311.45,Branch,15906.81
T0003260,A00090,C0075,2026-05-22,Withdrawal,3790.38,USSD,121210.46
T0010455,A00280,C0227,2025-12-21,Purchase,1712.78,Branch,105975.66
T0005244,A00139,C0115,2026-05-12,Deposit,,Branch,74055.93
T0012650,A00342,C0274,2025-09-11,Purchase,902.64,Branch,68459.94
T0007365,A00193,C0158,2026-02-05,Salary Credit,21157.05,POS,129895.83
T0011697,A00314,C0252,2026-01-24,Purchase,5192.16,App,24922.43
T0002146,A00060,C0050,2025-11-13,Airtime,-247.26,App,9834.5
T0011498,A00309,C0248,2026-03-06,Airtime,1282.69,ATM,59743.12
T0005393,A00144,C0119,2025-08-27,Bill Payment,4579.67,App,15486.47
T0005229,A00138,C0114,2025-12-17,Deposit,17691.78,USSD,102854.36
T0004906,A00131,C0108,2026-01-17,Airtime,7212.31,EFT,31039.77
T0007775,A00203,C0166,2025-12-17,Withdrawal,1456.73,Branch,131279.22
T0001704,A00049,C0042,2026-03-16,Salary Credit,9828.78,Branch,74553.13
T0008830,A00232,C0188,2025-08-13,Transfer In,11340.43,ATM,43609.16
T0009395,A00250,C0203,2026-04-10,Transfer Out,33.13,App,61587.19
T0000878,A00027,C0025,2026-04-06,Deposit,-23819.25,EFT,130385.29
T0008561,A00226,C0184,2025-12-26,Purchase,5353.3,ATM,60023.67
T0001354,A00040,C0035,2026-04-01,Salary Credit,1691.9,POS,82907.36
T0009525,A00254,C0206,2025-08-08,Purchase,1457.65,USSD,34629.39
T0001456,A00043,C0037,2026-05-21,Transfer In,20439.49,Branch,76533.52
T0009874,A00264,C0216,2025-08-30,Withdrawal,4002.22,POS,71443.46
T0007141,A00188,C0154,2025-11-02,Bill Payment,5104.53,USSD,129791.67
T0013377,A00360,C0288,2025-07-21,Withdrawal,5088.08,App,33349.18
T0010634,A00285,C0230,2026-03-30,Airtime,6511.39,Branch,72158.41
T0012426,A00335,C0268,2026-02-20,Bill Payment,3108.31,EFT,6308.57
T0000869,A00027,C0025,2025-11-20,Transfer Out,6055.3,EFT,30110.3
T0009083,A00240,C0195,2026-06-12,Deposit,22057.94,USSD,177352.55
T0003473,A00097,C0081,2026-06-19,Purchase,1150.24,USSD,47116.47
T0012092,A00326,C0261,2025-07-21,Airtime,7280.77,Branch,76577.47
T0003068,A00085,C0070,2025-09-18,Deposit,3607.06,App,44008.66
T0004830,A00129,C0106,2025-07-11,Airtime,5552.37,ATM,95459.94
T0012147,A00328,C0263,2026-05-24,Transfer In,22510.63,ATM,119131.85
T0007193,A00189,C0155,2025-07-29,Salary Credit,18483.07,Branch,147259.85
T0001471,A00043,C0037,2025-11-29,Withdrawal,4102.11,ATM,133020.89
T0009864,A00264,C0216,2025-12-06,Deposit,14536.87,EFT,27984.17
T0006489,A00174,C0144,2025-12-29,Withdrawal,4045.46,Branch,17139.85
T0003662,A00101,C0084,2026-04-04,Transfer Out,2812.55,USSD,103624.63
T0011404,A00306,C0245,2025-09-05,Deposit,20184.8,Branch,60417.28
T0011538,A00311,C0250,2026-01-31,Bill Payment,7295.32,POS,9625.31
T0004374,A00119,C0098,2026-05-12,Transfer Out,4507.83,Branch,227122.8
T0011849,A00319,C0255,2026-06-24,Transfer Out,5298.47,POS,41788.1
T0000317,A00010,C0010,2026-04-12,Withdrawal,4608.2,Branch,98587.74
T0010893,A00294,C0237,2026-02-06,Bill Payment,2533.11,USSD,130944.02
T0011792,A00316,C0254,2025-07-26,Transfer In,8706.99,ATM,86624.46
T0008435,A00223,C0182,2026-05-20,Transfer Out,824.89,EFT,-2538.66
T0002774,A00077,C0063,2026-03-30,Transfer In,23845.09,POS,57032.97
T0002629,A00072,C0058,2026-01-24,Bill Payment,6798.61,POS,41561.81
T0007722,A00202,C0165,2026-03-30,Transfer In,15364.25,Branch,61047.7
T0010828,A00292,C0235,2026-01-28,Transfer In,9782.43,EFT,28876.43
T0011675,A00313,C0251,2025-07-12,Transfer In,16647.21,EFT,125629.63
T0005483,A00146,C0121,2026-04-16,Salary Credit,21060.25,POS,110687.28
T0008953,A00236,C0191,2026-06-16,Bill Payment,2439.21,EFT,13830.55
T0007246,A00190,C0156,2026-05-17,Bill Payment,1953.92,Branch,104136.01
T0001906,A00054,C0045,2025-12-04,Airtime,5003.52,Branch,77256.66
T0002383,A00067,C0055,2025-07-12,Salary Credit,9866.57,POS,19725.51
T0004842,A00129,C0106,2025-09-18,Deposit,21927.25,EFT,208345.13
T0011980,A00323,C0258,2026-05-30,Purchase,,EFT,1501.65
T0006605,A00176,C0146,2026-05-19,Airtime,2195.69,POS,75443.31
T0003368,A00094,C0079,2025-08-18,Bill Payment,869.2,EFT,23280.13
T0013875,A00372,C0297,2026-06-15,Purchase,3451.14,EFT,57878.92
T0007936,A00208,C0171,2025-10-16,Withdrawal,,POS,70180.63
T0010484,A00280,C0227,2026-05-26,Airtime,5575.94,EFT,122443.56
T0013849,A00371,C0296,2026-02-19,Salary Credit,2620.87,Branch,47186.08
T0003141,A00086,C0071,2025-11-05,Transfer Out,7485.74,Branch,73477.63
T0006437,A00172,C0142,2025-11-13,Withdrawal,2698.68,App,40466.38
T0009001,A00238,C0193,2025-11-17,Transfer In,23645.27,ATM,85943.07
T0003969,A00109,C0091,2025-10-21,Deposit,354.45,USSD,5099.77
T0002286,A00063,C0052,2026-06-19,Transfer In,1856.06,ATM,140987.67
T0003083,A00085,C0070,2026-01-28,Transfer In,2599.39,App,122592.84
T0005526,A00147,C0121,2026-04-19,Transfer In,15587.12,ATM,32996.31
T0007570,A00199,C0163,2026-03-07,Purchase,856.09,EFT,69537.49
T0010532,A00282,C0228,2026-06-27,Airtime,5575.82,Branch,-5826.96
T0011256,A00302,C0242,2026-04-18,Purchase,7934.52,EFT,30972.91
T0013009,A00350,C0281,2025-07-12,Airtime,2454.95,USSD,100649.66
T0008122,A00214,C0175,2025-11-11,Withdrawal,2969.54,App,22383.18
T0011327,A00304,C0244,2026-05-10,Transfer In,6457.64,ATM,12329.45
T0010788,A00291,C0234,2025-08-06,Withdrawal,4285.74,POS,10976.25
T0009558,A00255,C0207,2025-11-14,Salary Credit,6639.84,USSD,54908.5
T0012469,A00337,C0269,2025-11-25,Bill Payment,229.93,Branch,54264.59
T0006322,A00169,C0140,2026-04-16,Withdrawal,4027.94,App,52864.62
T0000397,A00012,C0012,2026-03-23,Deposit,18449.45,App,146323.56
T0001790,A00051,C0043,2025-08-28,Deposit,4687.96,EFT,84609.96
T0004707,A00126,C0104,2026-04-26,Deposit,2745.45,ATM,123010.65
T0008590,A00227,C0185,2026-05-29,Bill Payment,909.23,EFT,114949.69
T0012366,A00333,C0266,2025-10-01,Transfer In,18766.21,EFT,86730.96
T0000500,A00015,C0014,2025-10-19,Withdrawal,827.78,EFT,60337.66
T0001879,A00053,C0045,2026-01-25,Transfer Out,3877.13,POS,94385.17
T0012465,A00337,C0269,2025-09-29,Airtime,184.14,EFT,30176.99
T0006939,A00183,C0151,2025-11-22,Withdrawal,,USSD,217296.7
T0001002,A00032,C0029,2026-01-01,Bill Payment,6441.03,ATM,5716.66
T0002277,A00063,C0052,2026-04-19,Deposit,1226.32,USSD,94596.44
T0005770,A00153,C0127,2025-11-19,Deposit,,Branch,70834.21
T0010405,A00279,C0226,2026-03-02,Transfer In,16485.13,USSD,68260.18
T0000949,A00030,C0028,2025-11-14,Transfer Out,5976.62,EFT,69986.14
T0000498,A00015,C0014,2026-01-29,Airtime,6358.11,POS,42781.36
T0007108,A00188,C0154,2026-05-07,Purchase,1346.24,App,33112.22
T0012079,A00326,C0261,2025-12-07,Transfer Out,,Branch,65288.76
T0013702,A00368,C0294,2025-07-10,Deposit,4645.84,POS,13951.48
T0002966,A00082,C0067,2026-04-13,Bill Payment,-2966.47,USSD,95400.14
T0011111,A00299,C0240,2025-09-17,Transfer Out,5103.11,App,26915.92
T0000970,A00031,C0029,2025-10-01,Purchase,6004.49,POS,42499.93
T0007765,A00203,C0166,2025-11-08,Purchase,4046.79,EFT,100551.59
T0011883,A00319,C0255,2025-09-03,Deposit,19016.49,App,121226.58
T0009956,A00266,C0217,2025-11-22,Transfer Out,5605.52,ATM,29795.37
T0008745,A00231,C0188,2026-05-21,Airtime,6423.26,App,17820.5
T0008218,A00216,C0177,2025-09-18,Transfer Out,4491.59,POS,49184.09
T0008607,A00227,C0185,2025-08-14,Withdrawal,6685.61,USSD,136879.33
T0002261,A00062,C0051,2026-01-16,Salary Credit,23605.88,App,122052.69
T0011364,A00305,C0244,2026-05-29,Airtime,7036.23,App,144355.95
T0010659,A00286,C0231,2026-06-25,Bill Payment,4232.82,USSD,40270.55
T0010399,A00279,C0226,2025-09-16,Bill Payment,3386.66,USSD,18429.32
T0002558,A00070,C0057,2026-06-10,Salary Credit,10972.59,Branch,59414.68
T0003764,A00103,C0085,2026-02-02,Transfer In,5603.18,App,47873.4
T0010770,A00290,C0234,2026-02-21,Withdrawal,4371.35,ATM,-1948.95
T0000136,A00005,C0005,2026-06-21,Airtime,1801.43,ATM,22696.14
T0010759,A00290,C0234,2025-07-31,Purchase,6659.75,Branch,-6345.77
T0007420,A00195,C0160,2025-08-14,Purchase,-5104.2,EFT,76209.77
T0012201,A00329,C0264,2026-04-13,Withdrawal,1683.19,POS,36790.07
T0011113,A00299,C0240,2025-12-01,Withdrawal,6927.68,Branch,12646.08
T0003850,A00106,C0088,2025-12-11,Withdrawal,1382.42,EFT,18017.98
T0002368,A00066,C0054,2025-11-29,Bill Payment,4063.1,EFT,27105.6
T0013754,A00370,C0296,2026-04-09,Salary Credit,10085.34,EFT,54960.38
T0002023,A00057,C0047,2026-01-09,Purchase,3039.86,App,77411.31
T0003041,A00084,C0069,2025-12-12,Withdrawal,3692.51,ATM,86607.33
T0002241,A00062,C0051,2026-04-27,Withdrawal,6201.47,App,104898.62
T0012349,A00332,C0266,2026-06-23,Withdrawal,6365.3,Branch,152482.88
T0003044,A00084,C0069,2026-03-02,Transfer Out,5236.96,ATM,75849.31
T0000044,A00002,C0002,2026-02-05,Transfer In,24892.78,USSD,70205.44
T0012649,A00342,C0274,2026-01-18,Transfer Out,7278.13,Branch,69362.58
T0013751,A00370,C0296,2026-05-30,Withdrawal,4066.23,POS,22768.3
T0002166,A00060,C0050,2025-12-20,Airtime,7973.55,Branch,35059.42
T0009318,A00247,C0201,2026-04-12,Bill Payment,4831.98,Branch,13869.62
T0007946,A00208,C0171,2026-04-26,Transfer Out,3916.49,POS,51448.51
T0009357,A00248,C0202,2025-08-06,Airtime,3237.04,App,78675.88
T0002090,A00058,C0048,2025-09-26,Purchase,4888.78,POS,51131.29
T0004070,A00112,C0093,2025-10-16,Purchase,820.93,Branch,26072.42
T0004118,A00114,C0094,2025-07-11,Withdrawal,6690.43,POS,18829.07
T0004492,A00122,C0101,2026-05-20,Airtime,4367.26,USSD,70615.71
T0010486,A00281,C0228,2026-04-25,Withdrawal,7415.44,Branch,34790.52
T0013785,A00370,C0296,2025-12-11,Salary Credit,23378.2,POS,131543.93
T0000495,A00015,C0014,2026-04-29,Transfer Out,411.7,USSD,5831.82
T0009418,A00250,C0203,2026-04-25,Deposit,5401.42,POS,188515.69
T0012983,A00349,C0280,2025-10-03,Salary Credit,6676.73,EFT,170550.79
T0003094,A00085,C0070,2026-03-12,Deposit,5193.59,Branch,125063.13
T0001179,A00037,C0032,2026-01-19,Transfer In,7719.38,POS,51073.48
T0004137,A00114,C0094,2025-09-06,Bill Payment,6045.05,App,-6333.02
T0011383,A00306,C0245,2026-02-23,Salary Credit,20388.61,App,52082.16
T0005644,A00150,C0124,2025-07-11,Deposit,7094.38,POS,68916.0
T0007137,A00188,C0154,2026-05-20,Deposit,2367.37,ATM,136075.64
T0000512,A00016,C0015,2026-04-19,Purchase,772.41,ATM,20732.76
T0005937,A00157,C0131,2025-10-18,Bill Payment,7957.87,USSD,100644.82
T0003755,A00103,C0085,2026-04-24,Transfer Out,7328.91,Branch,50320.89
T0008671,A00229,C0186,2025-10-23,Bill Payment,6412.39,USSD,-3579.02
T0012928,A00348,C0279,2026-03-06,Bill Payment,4011.96,POS,93988.87
T0003898,A00107,C0089,2025-09-04,Transfer In,13107.05,App,42344.98
T0005127,A00136,C0112,2025-12-17,Deposit,24510.41,ATM,98247.51
T0005797,A00154,C0128,2026-05-31,Transfer Out,6259.03,USSD,44390.51
T0007336,A00193,C0158,2025-11-28,Transfer Out,3471.82,ATM,14042.0
T0005332,A00142,C0117,2026-03-13,Transfer Out,2995.45,App,45899.88
T0005838,A00155,C0129,2026-05-04,Deposit,6645.04,App,75843.87
T0009821,A00262,C0214,2025-11-08,Airtime,6184.51,ATM,46991.06
T0009941,A00265,C0217,2026-04-05,Bill Payment,7279.78,EFT,55527.55
T0013189,A00355,C0284,2026-04-22,Bill Payment,344.64,EFT,100099.58
T0012934,A00349,C0280,2026-05-24,Transfer Out,4444.3,App,13439.48
T0002802,A00078,C0064,2025-09-01,Transfer In,10383.01,POS,58200.41
T0011534,A00310,C0249,2025-10-03,Transfer Out,243.94,ATM,60163.08
T0003436,A00096,C0081,2026-06-14,Deposit,846.69,USSD,84527.23
T0005032,A00134,C0111,2026-01-22,Deposit,21214.76,USSD,56453.05
T0007755,A00203,C0166,2026-04-18,Bill Payment,1737.69,App,101345.16
T0004615,A00124,C0103,2026-06-22,Salary Credit,14180.31,EFT,168195.33
T0012560,A00339,C0271,2026-02-06,Bill Payment,3948.25,POS,13948.14
T0005619,A00149,C0123,2025-09-02,Withdrawal,6520.37,POS,82758.01
T0001565,A00046,C0039,2025-08-21,Salary Credit,12633.7,USSD,37630.52
T0008307,A00219,C0180,2026-06-12,Transfer Out,,App,61616.32
T0003998,A00110,C0091,2026-01-22,Salary Credit,10497.47,POS,55580.41
T0013538,A00364,C0291,2025-11-18,Purchase,2300.1,ATM,71398.54
T0005743,A00153,C0127,2025-09-04,Purchase,3445.61,USSD,55091.81
T0010297,A00276,C0224,2026-02-09,Airtime,6353.16,EFT,37396.85
T0002337,A00065,C0054,2026-02-15,Deposit,24260.39,POS,25527.54
T0008255,A00217,C0178,2025-11-09,Purchase,2239.98,Branch,191843.11
T0006893,A00182,C0150,2026-01-01,Withdrawal,5659.16,App,128143.72
T0013546,A00364,C0291,2026-06-22,Withdrawal,5852.11,App,80626.31
T0011673,A00313,C0251,2025-09-28,Transfer In,12779.11,Branch,106997.12
T0009912,A00265,C0217,2025-10-18,Purchase,3568.26,Branch,70199.53
T0003263,A00091,C0076,2026-04-18,Salary Credit,-22430.13,POS,53197.74
T0004859,A00130,C0107,2025-10-01,Deposit,15578.77,Branch,96608.65
T0012931,A00348,C0279,2026-03-29,Bill Payment,2188.9,USSD,88915.84
T0003779,A00104,C0086,2026-06-06,Transfer In,2240.11,EFT,6266.62
T0006411,A00171,C0141,2026-03-03,Transfer Out,6637.63,ATM,67373.47
T0012528,A00338,C0270,2025-07-08,Withdrawal,7592.72,ATM,6460.87
T0006001,A00159,C0132,2026-03-09,Purchase,4101.72,Branch,116058.59
T0013562,A00364,C0291,2025-10-19,Withdrawal,1177.79,Branch,157417.83
T0002752,A00076,C0062,2025-07-09,Withdrawal,843.48,ATM,-14848.74
T0002275,A00063,C0052,2025-10-18,Withdrawal,3668.73,ATM,93972.37
T0003614,A00100,C0083,2026-06-05,Transfer Out,-4995.55,USSD,-2871.75
T0004996,A00133,C0110,2026-01-11,Deposit,11699.83,USSD,50763.6
T0009020,A00238,C0193,2025-07-25,Salary Credit,24523.72,App,176714.42
T0003801,A00104,C0086,2025-10-09,Deposit,16080.91,POS,130322.79
T0008182,A00216,C0177,2026-06-06,Airtime,3370.22,Branch,2617.81
T0009018,A00238,C0193,2025-07-28,Deposit,-16646.82,Branch,152574.95
T0012805,A00346,C0278,2025-12-17,Withdrawal,1459.81,POS,28547.87
T0000914,A00029,C0027,2026-06-03,Purchase,5161.46,USSD,23189.2
T0002569,A00071,C0057,2026-03-22,Transfer In,21162.97,Branch,56348.82
T0006880,A00182,C0150,2026-03-10,Salary Credit,12112.35,Branch,110981.58
T0004670,A00125,C0104,2026-04-26,Withdrawal,5347.72,USSD,68279.99
T0011656,A00313,C0251,2025-09-09,Transfer In,21435.32,EFT,70276.4
T0011685,A00313,C0251,2026-04-18,Salary Credit,-5555.41,ATM,119668.66
T0000281,A00010,C0010,2026-03-20,Transfer Out,6747.73,Branch,2100.57
T0013850,A00371,C0296,2026-03-27,Purchase,6079.67,EFT,41106.41
T0012619,A00342,C0274,2026-05-29,Purchase,3281.45,EFT,44185.31
T0009604,A00256,C0208,2026-04-09,Bill Payment,4543.63,POS,118791.91
T0002172,A00060,C0050,2026-01-20,Transfer In,3628.54,App,45245.5
T0009135,A00242,C0197,2025-10-07,Deposit,19853.97,POS,13030.27
T0004890,A00130,C0107,2026-03-31,Salary Credit,2098.94,Branch,208258.18
T0010703,A00288,C0232,2025-12-04,Bill Payment,3845.15,ATM,47722.32
T0008520,A00225,C0183,2025-11-24,Transfer In,22986.21,USSD,73257.43
T0000280,A00010,C0010,2026-02-17,Purchase,1122.68,USSD,8848.3
T0012910,A00348,C0279,2026-06-27,Transfer Out,6477.73,Branch,48692.4
T0009099,A00241,C0196,2025-08-18,Bill Payment,3720.84,POS,23521.5
T0001506,A00045,C0038,2026-05-31,Bill Payment,6621.48,Branch,-8750.73
T0005031,A00134,C0111,2025-07-11,Withdrawal,4301.06,POS,35238.29
T0000444,A00013,C0013,2026-02-28,Deposit,756.49,App,83531.61
T0003359,A00093,C0078,2025-08-14,Purchase,4755.48,EFT,-3514.59
T0009394,A00250,C0203,2026-04-27,Bill Payment,6211.56,App,61620.32
T0013086,A00352,C0282,2026-06-08,Transfer Out,6937.49,USSD,-25241.97
T0014062,A00376,C0300,2026-03-01,Airtime,7608.08,ATM,61479.14
T0002664,A00072,C0058,2026-05-10,Transfer In,10929.95,App,53554.12
T0008038,A00211,C0173,2025-10-06,Withdrawal,82.26,USSD,22862.64
T0003231,A00089,C0074,2026-06-25,Purchase,6703.33,EFT,13927.5
T0000177,A00006,C0006,2026-06-19,Transfer In,1327.35,Branch,52429.34
T0005494,A00146,C0121,2025-11-30,Transfer In,15920.37,Branch,170780.95
T0008203,A00216,C0177,2026-06-04,Bill Payment,7027.19,App,45108.3
T0009116,A00242,C0197,2026-05-17,Airtime,-76.7,EFT,-17952.49
T0008853,A00233,C0189,2025-07-22,Salary Credit,4268.09,POS,83434.55
T0009153,A00242,C0197,2025-09-03,Salary Credit,18372.97,ATM,60690.77
T0000619,A00019,C0017,2026-01-08,Deposit,19466.98,EFT,43535.39
T0004733,A00127,C0105,2025-12-20,Transfer In,14287.96,USSD,19208.31
T0013356,A00359,C0288,2026-05-25,Purchase,4165.97,EFT,94803.39
T0005444,A00145,C0120,2025-08-16,Purchase,4056.67,USSD,59935.91
T0010199,A00273,C0222,2026-01-20,Withdrawal,6342.86,Branch,65921.61
T0005550,A00147,C0121,2025-09-06,Transfer Out,,EFT,105347.02
T0006651,A00177,C0146,2026-01-16,Withdrawal,7924.1,ATM,201534.45
T0007260,A00191,C0156,2025-08-04,Transfer Out,696.52,ATM,396.32
T0005033,A00134,C0111,2026-02-15,Transfer Out,6664.39,Branch,49788.66
T0010994,A00296,C0238,2026-03-29,Bill Payment,1318.18,EFT,131226.91
T0000944,A00030,C0028,2026-05-28,Transfer In,22680.44,ATM,56067.05
T0011949,A00322,C0257,2026-04-12,Withdrawal,7395.38,EFT,36915.6
T0007547,A00198,C0162,2025-11-07,Airtime,1887.2,ATM,83194.55
T0009760,A00261,C0213,2026-04-13,Transfer In,5949.01,App,44482.31
T0011503,A00309,C0248,2026-05-31,Transfer Out,3270.99,USSD,61804.7
T0002000,A00057,C0047,2025-09-03,Purchase,5070.7,Branch,26866.63
T0010664,A00287,C0231,2025-07-21,Salary Credit,,EFT,13929.03
T0008686,A00229,C0186,2026-01-29,Purchase,-2541.51,POS,23939.38
T0000340,A00011,C0011,2025-08-25,Purchase,5171.5,Branch,31745.11
T0009277,A00246,C0200,2026-04-07,Bill Payment,888.31,ATM,131.76
T0003446,A00096,C0081,2025-10-08,Salary Credit,184.79,App,134412.92
T0000310,A00010,C0010,2025-07-13,Airtime,4124.19,EFT,106418.94
T0000426,A00013,C0013,2025-11-16,Transfer In,13927.97,ATM,53578.52
T0002877,A00080,C0066,2025-10-25,Transfer In,8211.87,Branch,36963.79
T0001897,A00054,C0045,2026-04-15,Purchase,1149.31,ATM,66281.64
T0000110,A00003,C0003,2025-08-01,Transfer In,3354.81,Branch,185758.57
T0009177,A00243,C0198,2026-06-06,Airtime,3581.98,USSD,30257.97
T0006838,A00181,C0149,2026-02-04,Bill Payment,3878.13,Branch,118458.51
T0012090,A00326,C0261,2026-06-24,Bill Payment,7925.66,App,88958.74
T0009979,A00267,C0218,2025-12-07,Withdrawal,2690.06,POS,26794.39
T0010969,A00296,C0238,2025-08-29,Deposit,21625.76,POS,56848.68
T0000230,A00008,C0008,2025-08-29,Bill Payment,3565.63,Branch,62592.46
T0011903,A00320,C0256,2025-07-18,Transfer Out,4905.78,USSD,97275.21
T0005097,A00135,C0112,2026-06-11,Transfer In,23811.57,EFT,44085.8
T0007019,A00185,C0152,2025-12-30,Purchase,4564.72,App,86528.53
T0007003,A00185,C0152,2026-06-09,Airtime,6801.95,EFT,66117.14
T0003134,A00086,C0071,2026-06-09,Salary Credit,16648.13,App,78977.96
T0013352,A00359,C0288,2026-03-05,Transfer Out,68.53,POS,89809.85
T0013840,A00371,C0296,2025-12-29,Withdrawal,6188.32,USSD,30795.92
T0002008,A00057,C0047,2025-11-18,Purchase,2229.29,POS,31306.69
T0008440,A00223,C0182,2026-03-31,Transfer In,4890.7,Branch,25870.66
T0012325,A00332,C0266,2026-03-10,Purchase,6320.07,USSD,87688.5
T0011376,A00306,C0245,2025-12-26,Deposit,4661.81,App,33055.55
T0010366,A00278,C0225,2025-11-28,Purchase,7695.32,ATM,129146.83
T0006852,A00182,C0150,2025-11-03,Purchase,1994.74,Branch,32727.73
T0001248,A00038,C0033,2025-12-10,Salary Credit,,POS,86669.9
T0010562,A00283,C0229,2025-09-02,Deposit,12839.49,EFT,53243.28
T0013534,A00364,C0291,2025-07-29,Salary Credit,6375.45,EFT,79562.81
T0000531,A00016,C0015,2026-05-16,Purchase,3534.9,ATM,13701.68
T0005699,A00151,C0125,2026-02-02,Transfer In,7989.92,POS,214789.2
T0007397,A00195,C0160,2026-05-21,Transfer In,16690.74,ATM,50246.15
T0004551,A00123,C0102,2025-10-27,Purchase,1489.83,Branch,94331.06
T0005705,A00152,C0126,2026-02-22,Transfer Out,4848.01,Branch,50835.48
T0007829,A00206,C0169,2026-03-24,Transfer In,,App,34793.58
T0007637,A00200,C0164,2025-07-11,Transfer Out,508.91,Branch,119554.44
T0001562,A00046,C0039,2026-05-21,Transfer Out,5622.7,App,6958.53
T0001000,A00032,C0029,2025-08-29,Deposit,4376.21,USSD,4517.97
T0005771,A00153,C0127,2026-03-31,Deposit,17696.8,App,88531.01
T0007330,A00193,C0158,2026-03-17,Transfer In,11403.37,ATM,40735.18
T0001956,A00056,C0047,2026-04-15,Bill Payment,5273.27,Branch,28112.31
T0013585,A00365,C0292,2025-07-07,Bill Payment,6698.38,ATM,42029.88
T0010234,A00275,C0224,2025-12-21,Transfer In,23167.08,App,39678.41
T0008238,A00217,C0178,2026-06-20,Airtime,3677.16,Branch,114207.11
T0006588,A00176,C0146,2026-05-01,Purchase,7179.04,App,23957.12
T0002305,A00064,C0053,2026-04-15,Withdrawal,177.95,EFT,12695.12
T0004345,A00119,C0098,2025-12-16,Transfer Out,5526.55,EFT,60471.64
T0008068,A00212,C0173,2026-06-06,Withdrawal,-3651.51,ATM,21072.66
T0000271,A00010,C0010,2025-08-24,Transfer Out,4894.6,EFT,13317.29
T0013241,A00357,C0286,2025-08-19,Withdrawal,5114.26,Branch,61597.1
T0004133,A00114,C0094,2026-03-08,Bill Payment,5901.57,EFT,8346.11
T0009344,A00248,C0202,2025-07-19,Withdrawal,1098.95,Branch,71742.5
T0002856,A00080,C0066,2025-12-22,Airtime,435.38,POS,211.54
T0003492,A00097,C0081,2025-08-16,Bill Payment,4747.55,Branch,79361.25
T0009115,A00242,C0197,2025-11-30,Airtime,2099.19,USSD,-17875.79
T0004109,A00113,C0093,2025-10-10,Bill Payment,935.04,POS,76055.55
T0003145,A00086,C0071,2026-04-06,Purchase,22.74,ATM,92044.22
T0010094,A00270,C0220,2025-12-20,Transfer Out,3964.61,App,69705.69
T0008108,A00213,C0174,2026-06-19,Bill Payment,1436.46,USSD,17367.28
T0009452,A00251,C0204,2025-08-27,Bill Payment,3945.68,POS,18015.8
T0009484,A00253,C0205,2025-12-23,Withdrawal,3560.05,EFT,-950.15
T0014009,A00375,C0299,2025-12-12,Purchase,5686.61,Branch,51770.81
T0002818,A00078,C0064,2026-05-20,Bill Payment,1270.24,Branch,86534.84
T0009745,A00260,C0212,2025-07-06,Transfer In,8102.53,ATM,191784.33
T0012133,A00327,C0262,2025-12-31,Transfer Out,6168.66,USSD,67572.15
T0008535,A00226,C0184,2026-05-07,Deposit,6457.83,EFT,45679.39
T0000211,A00008,C0008,2026-05-14,Withdrawal,3788.31,App,63445.4
T0002229,A00062,C0051,2026-03-17,Salary Credit,13430.46,POS,48767.13
T0006938,A00183,C0151,2026-03-27,Deposit,19879.71,POS,221026.26
T0012503,A00338,C0270,2025-12-21,Transfer In,2346.62,POS,11734.43
T0008537,A00226,C0184,2026-03-11,Airtime,1321.4,ATM,55437.12
T0007704,A00201,C0165,2026-05-20,Withdrawal,1704.43,POS,68876.18
T0011501,A00309,C0248,2025-10-28,Purchase,3355.23,Branch,61692.57
T0010551,A00282,C0228,2026-06-02,Transfer Out,7230.84,POS,14745.84
T0001869,A00053,C0045,2025-08-22,Bill Payment,6334.92,Branch,104553.79
T0008077,A00212,C0173,2025-09-13,Purchase,1846.02,USSD,25946.49
T0013387,A00360,C0288,2025-07-12,Transfer Out,876.07,USSD,70600.27
T0010328,A00277,C0225,2025-10-20,Transfer Out,300.68,Branch,148162.87
T0003508,A00098,C0082,2025-09-20,Withdrawal,4697.03,App,19686.29
T0008514,A00225,C0183,2025-09-01,Purchase,4032.05,POS,27494.26
T0005596,A00149,C0123,2025-12-05,Transfer In,24649.3,USSD,101781.87
T0010698,A00287,C0231,2025-09-03,Bill Payment,7589.38,ATM,93198.36
T0007139,A00188,C0154,2026-01-04,Purchase,268.01,ATM,137819.42
T0008018,A00210,C0172,2025-08-27,Transfer Out,4749.42,ATM,28314.13
T0009242,A00245,C0200,2025-10-27,Transfer Out,2204.88,USSD,36760.32
T0000442,A00013,C0013,2025-09-03,Transfer In,16584.36,USSD,78519.05
T0002207,A00061,C0050,2026-06-23,Transfer Out,6153.52,POS,90107.05
T0012104,A00326,C0261,2026-06-16,Purchase,4305.02,POS,101130.11
T0001902,A00054,C0045,2025-10-05,Transfer In,17381.72,Branch,64478.54
T0009643,A00257,C0209,2025-07-12,Purchase,4945.4,EFT,-23922.8
T0002064,A00058,C0048,2026-06-08,Withdrawal,2752.09,ATM,52822.82
T0000322,A00011,C0011,2026-05-07,Withdrawal,2266.51,EFT,20439.26
T0001623,A00047,C0040,2025-07-15,Transfer In,,App,44471.82
T0003600,A00099,C0083,2025-07-06,Airtime,4918.52,POS,69346.49
T0005021,A00134,C0111,2026-04-02,Bill Payment,4753.38,App,36344.94
T0006145,A00164,C0136,2026-04-30,Deposit,11230.75,EFT,145252.42
T0010836,A00292,C0235,2026-02-06,Purchase,2138.79,POS,88115.78
T0004535,A00123,C0102,2025-10-26,Bill Payment,3861.42,USSD,84209.7
T0004877,A00130,C0107,2025-09-20,Purchase,3412.41,POS,190245.19
T0013810,A00371,C0296,2026-01-24,Transfer Out,7598.19,ATM,24505.14
T0006279,A00168,C0139,2025-07-25,Transfer Out,2887.3,App,46975.54
T0002622,A00072,C0058,2025-10-23,Transfer In,22030.58,ATM,49368.06
T0003706,A00102,C0084,2025-12-05,Salary Credit,22529.09,Branch,61298.8
T0009331,A00248,C0202,2025-09-18,Deposit,10811.37,USSD,46611.48
T0001064,A00033,C0030,2026-01-30,Purchase,1171.88,USSD,47369.69
T0002373,A00067,C0055,2025-12-11,Airtime,5590.65,App,-3818.6
T0005293,A00141,C0117,2026-03-12,Salary Credit,8570.58,ATM,43417.54
T0007254,A00190,C0156,2026-04-04,Bill Payment,6317.84,POS,106647.26
T0011137,A00299,C0240,2026-01-21,Transfer In,9447.33,App,109987.26
T0009013,A00238,C0193,2026-06-14,Transfer Out,3245.61,USSD,90703.96
T0013777,A00370,C0296,2026-03-02,Deposit,13001.46,USSD,95024.79
T0012149,A00328,C0263,2025-08-13,Purchase,4808.71,App,112117.46
T0005198,A00138,C0114,2026-01-14,Transfer In,6551.98,ATM,71360.45
T0008649,A00228,C0185,2025-09-15,Transfer In,3765.46,USSD,22703.66
T0000361,A00012,C0012,2025-08-28,Salary Credit,16913.21,POS,-3867.15
T0000876,A00027,C0025,2026-06-04,Salary Credit,19839.01,USSD,93896.65
T0011833,A00318,C0255,2025-09-28,Transfer In,5102.01,USSD,33773.07
T0002307,A00064,C0053,2025-10-30,Salary Credit,15353.95,USSD,25774.97
T0003884,A00107,C0089,2025-07-30,Purchase,2150.63,App,39611.25
T0013710,A00368,C0294,2025-09-30,Purchase,6507.88,USSD,18467.03
T0009186,A00243,C0198,2026-02-03,Deposit,15575.19,EFT,35581.2
T0014074,A00376,C0300,2025-07-04,Bill Payment,7494.01,POS,114849.67
T0005509,A00146,C0121,2025-08-03,Transfer Out,3940.91,EFT,198042.71
T0004845,A00129,C0106,2026-04-30,Purchase,7908.24,ATM,191398.12
T0002258,A00062,C0051,2025-12-07,Transfer Out,880.04,POS,113154.44
T0007907,A00207,C0170,2025-12-15,Transfer Out,,USSD,229419.09
T0006611,A00177,C0146,2025-07-18,Transfer Out,569.22,App,42613.53
T0003296,A00091,C0076,2025-09-11,Salary Credit,10388.79,ATM,78475.15
T0001234,A00038,C0033,2025-07-03,Deposit,19333.0,ATM,37503.22
T0000796,A00024,C0022,2026-02-13,Salary Credit,7671.65,Branch,153163.82
T0005181,A00137,C0113,2025-09-04,Deposit,4780.64,Branch,18002.4
T0008210,A00216,C0177,2026-04-04,Transfer In,4711.99,App,55010.59
T0004852,A00130,C0107,2025-10-10,Transfer In,8074.68,USSD,62917.73
T0008552,A00226,C0184,2026-05-09,Airtime,7104.68,USSD,26881.0
T0002565,A00071,C0057,2025-07-12,Bill Payment,4581.82,App,45148.63
T0004287,A00118,C0097,2025-10-01,Transfer In,8235.25,EFT,15971.48
T0000158,A00005,C0005,2025-12-05,Bill Payment,3778.14,Branch,40064.83
T0007618,A00199,C0163,2026-01-30,Transfer In,3187.07,POS,228128.54
T0013883,A00372,C0297,2025-07-23,Airtime,3028.05,App,99493.01
T0002427,A00067,C0055,2025-07-19,Transfer In,5814.7,Branch,172588.79
T0002617,A00071,C0057,2026-04-22,Airtime,5059.57,ATM,106822.6
T0004736,A00127,C0105,2026-01-11,Bill Payment,4908.59,EFT,29135.64
T0010515,A00281,C0228,2025-12-08,Airtime,1894.85,USSD,24139.75
T0000364,A00012,C0012,2025-09-14,Deposit,4241.9,POS,-919.47
T0002228,A00062,C0051,2026-06-25,Transfer In,19909.37,App,35336.67
T0004969,A00132,C0109,2026-06-10,Salary Credit,15163.42,Branch,144228.71
T0000827,A00026,C0024,2026-01-30,Purchase,3945.25,ATM,22634.77
T0002564,A00071,C0057,2026-04-15,Transfer In,16172.38,USSD,49730.45
T0003092,A00085,C0070,2026-02-08,Purchase,2804.49,USSD,109164.42
T0013341,A00359,C0288,2026-02-05,Transfer In,22637.91,ATM,35299.06
T0013367,A00359,C0288,2025-08-13,Transfer Out,5713.38,App,165107.07
T0005686,A00151,C0125,2026-03-21,Withdrawal,1131.73,ATM,118400.74
T0012956,A00349,C0280,2025-07-07,Deposit,22791.88,EFT,51855.94
T0006638,A00177,C0146,2026-06-02,Bill Payment,6305.33,App,121801.86
T0012272,A00331,C0265,2026-06-13,Salary Credit,16203.05,App,19358.74
T0008804,A00232,C0188,2026-03-23,Transfer In,3842.8,POS,47551.66
T0006940,A00183,C0151,2025-11-21,Withdrawal,7575.6,App,209721.1
T0000418,A00013,C0013,2026-03-27,Bill Payment,3836.99,POS,61338.79
T0000111,A00003,C0003,2026-06-17,Withdrawal,4666.94,App,181091.63
T0010719,A00288,C0232,2025-07-08,Transfer In,1465.68,ATM,26997.71
T0002941,A00082,C0067,2026-05-19,Withdrawal,5185.22,EFT,49198.29
T0013814,A00371,C0296,2026-01-04,Transfer Out,5832.17,POS,43394.06
T0003878,A00107,C0089,2026-05-27,Airtime,5560.54,ATM,50302.23
T0012507,A00338,C0270,2026-04-06,Withdrawal,-4948.83,App,37037.58
T0006054,A00162,C0134,2026-01-21,Salary Credit,665.48,POS,28745.45
T0006650,A00177,C0146,2026-02-16,Transfer In,15929.92,Branch,209458.55
T0000663,A00020,C0018,2026-01-01,Bill Payment,1251.05,USSD,23367.46
T0013343,A00359,C0288,2026-05-19,Transfer In,2880.85,Branch,37607.34
T0005751,A00153,C0127,2026-02-04,Bill Payment,6692.46,USSD,25995.01
T0007125,A00188,C0154,2026-01-30,Bill Payment,860.73,Branch,83476.41
T0004998,A00133,C0110,2025-07-12,Airtime,1052.62,USSD,60478.41
T0007640,A00200,C0164,2026-03-03,Deposit,11001.68,EFT,125043.14
T0011119,A00299,C0240,2025-12-10,Transfer In,3438.98,Branch,63347.72
T0000213,A00008,C0008,2025-09-09,Transfer In,8632.48,EFT,67829.77
T0013404,A00361,C0289,2026-05-20,Airtime,4229.06,POS,-1909.18
T0001382,A00041,C0036,2025-11-14,Deposit,22969.2,Branch,40297.48
T0010190,A00273,C0222,2025-07-15,Purchase,5152.74,ATM,54227.54
T0011647,A00312,C0250,2025-11-06,Salary Credit,3628.81,POS,104139.94
T0007951,A00208,C0171,2025-07-19,Transfer Out,2114.69,ATM,65105.14
T0013845,A00371,C0296,2025-11-21,Deposit,8168.75,USSD,27759.35
T0002809,A00078,C0064,2026-03-28,Deposit,6614.03,USSD,69853.09
T0005587,A00148,C0122,2025-08-25,Airtime,2279.71,ATM,226152.32
T0001357,A00040,C0035,2026-04-11,Salary Credit,20032.77,ATM,90008.34
T0003615,A00100,C0083,2026-04-09,Airtime,794.83,App,-3666.58
T0004963,A00132,C0109,2025-12-17,Transfer Out,4731.95,USSD,93370.31
T0008989,A00237,C0192,2025-12-10,Deposit,9420.17,ATM,4864.46
T0009905,A00265,C0217,2025-09-19,Transfer In,12604.76,POS,66635.09
T0007990,A00209,C0172,2025-08-31,Transfer In,12568.25,USSD,181442.65
T0009323,A00247,C0201,2025-07-01,Purchase,2676.86,USSD,3945.42
T0009574,A00256,C0208,2026-05-01,Withdrawal,4778.59,POS,-2349.14
T0007500,A00197,C0161,2026-05-30,Transfer Out,3767.28,USSD,56141.27
T0005388,A00144,C0119,2026-04-13,Withdrawal,1518.87,ATM,18727.36
T0000991,A00031,C0029,2025-12-01,Purchase,7873.81,Branch,92488.08
T0000379,A00012,C0012,2026-03-25,Withdrawal,4167.7,ATM,95985.85
T0004863,A00130,C0107,2026-02-05,Withdrawal,2803.35,POS,105372.66
T0014113,A00377,C0300,2025-07-12,Salary Credit,10660.59,Branch,37582.0
T0005079,A00135,C0112,2026-06-20,Transfer Out,1972.31,Branch,1986.26
T0001502,A00044,C0037,2026-03-14,Transfer Out,5680.64,ATM,95482.35
T0006471,A00173,C0143,2026-01-02,Purchase,1669.65,App,30236.51
T0012980,A00349,C0280,2025-08-23,Bill Payment,5101.61,Branch,136875.46
T0010131,A00272,C0221,2025-07-22,Transfer In,9469.13,USSD,46301.27
T0007757,A00203,C0166,2025-12-15,Purchase,5640.02,USSD,90750.31
T0005540,A00147,C0121,2026-05-21,Deposit,6907.23,USSD,90860.34
T0010326,A00277,C0225,2025-07-18,Transfer Out,1639.72,App,156353.83
T0012769,A00345,C0277,2026-02-22,Transfer Out,7095.35,ATM,24524.26
T0010677,A00287,C0231,2025-10-25,Transfer Out,7895.65,USSD,26962.85
T0003279,A00091,C0076,2026-06-29,Deposit,23458.61,USSD,43201.44
T0011544,A00311,C0250,2026-04-11,Transfer Out,6508.96,ATM,-2345.95
T0001909,A00054,C0045,2026-03-25,Bill Payment,2654.68,POS,75188.1
T0012301,A00331,C0265,2025-11-16,Airtime,5020.98,USSD,77969.67
T0013454,A00361,C0289,2026-02-09,Salary Credit,6192.81,POS,173275.34
T0002916,A00081,C0066,2025-11-23,Deposit,5989.04,Branch,88334.37
T0005091,A00135,C0112,2025-12-25,Transfer In,5869.65,POS,17982.75
T0012901,A00348,C0279,2026-05-29,Purchase,6537.75,POS,92503.53
T0003468,A00097,C0081,2026-05-27,Transfer In,22334.42,POS,66839.77
T0008769,A00231,C0188,2025-11-14,Deposit,2495.74,EFT,88611.11
T0010541,A00282,C0228,2025-08-04,Bill Payment,6762.28,EFT,-2101.09
T0007433,A00195,C0160,2026-02-16,Transfer In,15065.81,Branch,226122.17
T0005146,A00136,C0112,2025-11-03,Bill Payment,3567.08,App,91899.28
T0003080,A00085,C0070,2025-11-06,Salary Credit,21055.31,Branch,120364.32
T0000204,A00008,C0008,2025-12-23,Transfer In,17189.32,EFT,73845.84
T0005255,A00139,C0115,2026-06-05,Purchase,6983.65,ATM,33977.03
T0010549,A00282,C0228,2025-08-06,Salary Credit,,App,26575.97
T0004884,A00130,C0107,2026-03-11,Bill Payment,2385.16,ATM,211474.09
T0002513,A00069,C0056,2026-06-05,Salary Credit,12009.06,ATM,161621.84
T0005881,A00156,C0130,2026-04-22,Withdrawal,7817.29,Branch,47849.74
T0012750,A00344,C0276,2025-10-02,Airtime,5052.96,Branch,75589.2
T0000478,A00014,C0014,2026-04-24,Salary Credit,17241.32,App,164449.8
T0001553,A00045,C0038,2026-05-21,Salary Credit,16009.02,App,70676.57
T0008306,A00219,C0180,2026-04-09,Purchase,7356.33,USSD,61760.41
T0008065,A00212,C0173,2026-03-10,Bill Payment,7065.8,App,30016.86
T0012886,A00348,C0279,2026-04-02,Salary Credit,17352.9,Branch,71005.2
T0001700,A00049,C0042,2026-03-11,Purchase,1803.88,ATM,69519.55
T0008611,A00227,C0185,2025-12-14,Deposit,14240.68,ATM,137732.81
T0005558,A00148,C0122,2025-07-22,Deposit,2821.68,Branch,54232.43
T0003105,A00085,C0070,2026-06-28,Withdrawal,2546.99,Branch,166256.83
T0008987,A00237,C0192,2025-08-07,Transfer In,18500.41,App,399.42
T0012399,A00334,C0267,2026-01-15,Transfer In,4645.37,Branch,27484.0
T0003160,A00086,C0071,2026-05-01,Deposit,13712.94,USSD,116561.87
T0001037,A00033,C0030,2026-01-29,Airtime,5042.93,POS,16758.87
T0009209,A00244,C0199,2025-08-23,Bill Payment,5193.69,USSD,53133.14
T0006232,A00166,C0138,2025-09-23,Transfer Out,7444.1,ATM,196104.0
T0001806,A00051,C0043,2025-11-15,Transfer In,20916.62,ATM,140758.18
T0007665,A00200,C0164,2025-07-06,Airtime,5331.44,App,170513.1
T0001830,A00052,C0044,2025-12-08,Withdrawal,2791.82,Branch,92596.06
T0013552,A00364,C0291,2026-04-07,Deposit,20459.39,POS,117482.05
T0008651,A00228,C0185,2026-03-05,Bill Payment,2620.65,POS,14167.68
T0012484,A00337,C0269,2026-05-07,Deposit,2791.24,App,81429.84
T0003270,A00091,C0076,2026-02-19,Transfer Out,5654.41,ATM,44395.08
T0006777,A00180,C0149,2025-10-26,Bill Payment,1850.44,USSD,29267.72
T0002284,A00063,C0052,2025-10-06,Salary Credit,,USSD,121701.17
T0011969,A00322,C0257,2025-08-18,Transfer In,5493.57,ATM,138294.58
T0002643,A00072,C0058,2025-12-31,Transfer Out,2363.35,EFT,42120.53
T0011490,A00309,C0248,2025-11-09,Bill Payment,3847.81,EFT,48461.5
T0007893,A00207,C0170,2025-12-26,Withdrawal,6384.08,EFT,161624.22
T0003846,A00106,C0088,2026-02-26,Bill Payment,649.64,Branch,681.78
T0007415,A00195,C0160,2026-04-01,Bill Payment,2759.22,USSD,58537.21
T0002279,A00063,C0052,2025-09-29,Bill Payment,6616.05,EFT,87922.57
T0003048,A00084,C0069,2025-09-16,Withdrawal,1673.82,USSD,110981.75
T0005200,A00138,C0114,2026-04-21,Salary Credit,18639.61,App,89159.75
T0001613,A00047,C0040,2026-02-08,Airtime,6510.89,App,34076.46
T0007879,A00207,C0170,2025-07-06,Deposit,17184.34,Branch,73238.46
T0002987,A00083,C0068,2025-12-20,Airtime,7865.57,Branch,75193.72
T0011703,A00314,C0252,2025-09-06,Transfer In,4410.52,App,38693.13
T0010705,A00288,C0232,2026-06-19,Transfer In,5232.48,POS,47274.94
T0000481,A00014,C0014,2026-04-01,Withdrawal,1024.1,POS,161004.74
T0009015,A00238,C0193,2025-09-19,Airtime,5437.74,EFT,104132.97
T0007221,A00190,C0156,2026-06-18,Airtime,1432.88,ATM,66208.02
T0001282,A00038,C0033,2026-06-30,Bill Payment,3193.38,App,265808.57
T0013572,A00364,C0291,2025-09-04,Purchase,275.93,EFT,157296.11
T0009721,A00260,C0212,2026-03-25,Bill Payment,2842.09,Branch,87276.44
T0009402,A00250,C0203,2025-12-21,Deposit,17001.54,ATM,124605.09
T0011918,A00321,C0256,2025-10-12,Purchase,780.75,USSD,36826.12
T0005193,A00138,C0114,2025-09-26,Bill Payment,2655.73,App,12920.61
T0002160,A00060,C0050,2026-01-08,Purchase,4643.36,App,-11494.29
T0006151,A00164,C0136,2026-01-26,Purchase,4933.21,EFT,163013.85
T0010074,A00270,C0220,2026-05-30,Airtime,1428.33,EFT,41055.13
T0003689,A00102,C0084,2025-07-01,Transfer In,1243.51,EFT,25467.7
T0011996,A00324,C0259,2026-01-30,Purchase,6652.2,App,3583.26
T0004081,A00112,C0093,2026-05-22,Airtime,5887.22,USSD,65799.41
T0005282,A00141,C0117,2026-02-10,Transfer In,9430.73,EFT,52495.5
T0010880,A00294,C0237,2026-05-18,Withdrawal,2204.44,EFT,45920.53
T0004924,A00131,C0108,2025-10-09,Deposit,17453.88,USSD,76322.06
T0007451,A00196,C0161,2026-05-19,Withdrawal,846.45,POS,107697.7
T0006361,A00170,C0141,2026-01-22,Deposit,192.92,EFT,67189.42
T0002761,A00076,C0062,2026-01-27,Airtime,818.75,ATM,48380.37
T0010936,A00295,C0237,2025-10-29,Deposit,18700.03,POS,89137.61
T0007691,A00201,C0165,2025-08-27,Deposit,8543.67,USSD,56470.92
T0000433,A00013,C0013,2025-12-24,Deposit,10352.85,USSD,49182.34
T0010917,A00295,C0237,2026-04-20,Transfer Out,3749.62,App,24228.85
T0009663,A00258,C0210,2026-05-22,Purchase,1042.53,ATM,58614.03
T0003677,A00102,C0084,2026-03-31,Withdrawal,7977.99,POS,-7651.98
T0001172,A00036,C0032,2025-12-15,Transfer In,1426.15,ATM,76154.85
T0005860,A00155,C0129,2026-01-31,Airtime,4036.09,USSD,197464.87
T0006655,A00177,C0146,2026-05-09,Purchase,2826.61,Branch,208507.77
T0005802,A00154,C0128,2026-04-17,Withdrawal,-5521.17,USSD,46460.92
T0004429,A00121,C0100,2025-09-23,Salary Credit,10557.75,POS,38442.28
T0003807,A00104,C0086,2025-11-06,Withdrawal,,App,115779.2
T0012941,A00349,C0280,2026-05-30,Purchase,7258.61,Branch,16315.01
T0009554,A00255,C0207,2025-09-06,Bill Payment,6878.29,POS,51779.87
T0010195,A00273,C0222,2025-09-06,Bill Payment,6531.42,USSD,50167.22
T0011881,A00319,C0255,2025-07-23,Transfer Out,5152.85,Branch,106018.4
T0007719,A00201,C0165,2026-06-06,Bill Payment,6485.68,EFT,103503.16
T0000823,A00026,C0024,2025-10-11,Purchase,6661.62,EFT,29299.68
T0012598,A00341,C0273,2025-07-12,Transfer In,24914.0,Branch,30709.13
T0001082,A00034,C0030,2026-04-18,Transfer In,18788.91,App,111977.56
T0014065,A00376,C0300,2025-10-07,Deposit,13647.94,EFT,89059.33
T0011259,A00302,C0242,2026-02-22,Salary Credit,4417.67,Branch,32266.09
T0000682,A00020,C0018,2025-08-09,Transfer Out,2031.37,Branch,95374.51
T0003476,A00097,C0081,2026-04-16,Purchase,5744.49,USSD,54495.09
T0013233,A00357,C0286,2025-08-12,Bill Payment,2591.97,Branch,26360.79
T0010491,A00281,C0228,2026-03-12,Withdrawal,7276.07,Branch,29482.47
T0002994,A00083,C0068,2025-08-29,Airtime,6950.51,App,42465.58
T0009340,A00248,C0202,2026-02-08,Salary Credit,16298.09,Branch,58214.72
T0004685,A00126,C0104,2025-10-01,Airtime,6425.6,POS,56202.47
T0008142,A00215,C0176,2026-04-10,Purchase,1141.66,POS,51736.31
T0004816,A00129,C0106,2025-07-05,Salary Credit,22694.26,App,68530.81
T0003638,A00100,C0083,2025-07-02,Deposit,234.03,USSD,15274.8
T0005959,A00158,C0131,2026-03-25,Bill Payment,3473.67,Branch,46388.05
T0000154,A00005,C0005,2025-07-26,Bill Payment,4582.72,ATM,46638.44
T0005065,A00135,C0112,2025-07-24,Bill Payment,5572.19,POS,-1565.59
T0011957,A00322,C0257,2025-08-01,Transfer Out,4884.57,ATM,70671.09
T0003271,A00091,C0076,2026-03-07,Transfer Out,3093.07,App,41302.01
T0005723,A00152,C0126,2025-09-13,Transfer Out,5764.1,App,77245.3
T0000636,A00019,C0017,2026-06-09,Withdrawal,7789.98,EFT,74861.08
T0010255,A00275,C0224,2026-02-11,Airtime,308.31,POS,68823.76
T0001213,A00037,C0032,2026-03-27,Airtime,7284.21,EFT,84886.73
T0013500,A00363,C0290,2025-12-17,Airtime,2184.91,EFT,119507.49
T0008333,A00220,C0180,2025-07-23,Transfer Out,1160.98,USSD,-6291.81
T0009283,A00246,C0200,2025-08-19,Transfer In,3322.38,POS,6318.96
T0006390,A00171,C0141,2025-08-08,Withdrawal,1807.07,Branch,62995.02
T0011895,A00320,C0256,2025-11-21,Transfer In,20234.95,App,72347.68
T0003419,A00096,C0081,2026-06-19,Transfer Out,4005.05,EFT,36353.22
T0013031,A00350,C0281,2025-11-21,Withdrawal,4638.53,App,87211.37
T0011433,A00307,C0246,2025-09-04,Withdrawal,-3201.8,Branch,38674.2
T0005740,A00153,C0127,2025-12-15,Airtime,2669.49,App,71135.04
T0004193,A00116,C0096,2026-01-12,Purchase,5142.56,POS,23744.33
T0010435,A00280,C0227,2025-09-21,Transfer Out,5166.09,Branch,33168.68
T0010831,A00292,C0235,2025-12-01,Purchase,5517.71,Branch,40563.88
T0008317,A00220,C0180,2026-03-15,Airtime,3020.67,Branch,12666.38
T0012157,A00328,C0263,2025-07-30,Purchase,3821.46,POS,122753.58
T0005581,A00148,C0122,2026-03-15,Deposit,22911.02,ATM,216571.85
T0009133,A00242,C0197,2026-04-29,Withdrawal,5455.57,EFT,-6691.91
T0006735,A00179,C0148,2025-09-15,Withdrawal,-4486.78,App,-58874.67
T0001454,A00043,C0037,2025-09-29,Transfer Out,7773.41,POS,63660.37
T0004142,A00114,C0094,2026-01-14,Deposit,7322.39,EFT,12423.95
T0012590,A00340,C0272,2026-02-14,Withdrawal,7282.62,EFT,6599.91
T0002613,A00071,C0057,2025-09-22,Deposit,6711.14,App,96461.23
T0008126,A00214,C0175,2026-06-18,Salary Credit,12409.82,USSD,49918.16
T0005274,A00140,C0116,2025-08-01,Withdrawal,3180.1,App,35292.03
T0009531,A00254,C0206,2025-09-16,Deposit,-24529.05,POS,38628.59
T0012348,A00332,C0266,2026-05-29,Transfer Out,2017.12,Branch,158848.18
T0011322,A00304,C0244,2026-05-04,Airtime,2594.11,USSD,-11697.99
T0001308,A00039,C0034,2025-12-14,Salary Credit,5915.61,USSD,105327.05
T0005055,A00135,C0112,2025-10-20,Purchase,1181.09,Branch,12916.41
T0013022,A00350,C0281,2025-09-15,Transfer Out,3978.18,ATM,102177.49
T0010089,A00270,C0220,2026-06-05,Deposit,18624.02,USSD,78085.6
T0000238,A00008,C0008,2025-08-15,Withdrawal,6685.15,ATM,68735.46
T0007738,A00202,C0165,2025-12-25,Transfer In,4790.89,Branch,131801.38
T0000496,A00015,C0014,2025-08-06,Deposit,23262.25,EFT,29094.07
T0007101,A00188,C0154,2026-03-03,Airtime,6716.65,USSD,12141.36
T0006633,A00177,C0146,2026-06-05,Salary Credit,21327.05,Branch,112787.95
T0009092,A00240,C0195,2025-08-14,Airtime,5762.72,EFT,195762.45
T0001115,A00034,C0030,2025-12-31,Bill Payment,1433.95,USSD,156782.49
T0012222,A00329,C0264,2025-11-22,Transfer In,1405.92,ATM,55154.38
T0010497,A00281,C0228,2025-11-02,Withdrawal,7973.67,ATM,28573.36
T0010097,A00271,C0221,2025-11-22,Purchase,6667.42,ATM,-1342.91
T0006989,A00185,C0152,2026-03-17,Airtime,7061.38,Branch,17219.62
T0008326,A00220,C0180,2026-04-07,Bill Payment,6805.22,App,-16995.35
T0008305,A00219,C0180,2025-08-20,Transfer Out,4534.13,App,69116.74
T0011430,A00306,C0245,2026-02-27,Deposit,10589.01,POS,31994.57
T0013512,A00363,C0290,2026-02-28,Salary Credit,9854.62,Branch,144621.38
T0003612,A00100,C0083,2025-09-17,Bill Payment,1395.44,Branch,2484.91
T0001915,A00054,C0045,2026-03-14,Withdrawal,1941.37,EFT,95957.23
T0001215,A00037,C0032,2025-12-25,Transfer Out,3140.9,ATM,100204.37
T0002193,A00061,C0050,2026-06-25,Bill Payment,3384.96,Branch,78761.18
T0002104,A00059,C0049,2025-09-07,Withdrawal,2609.87,EFT,85957.11
T0002436,A00068,C0056,2026-06-19,Transfer In,22177.64,Branch,72796.05
T0004084,A00112,C0093,2026-03-18,Transfer Out,3195.23,POS,58283.24
T0000152,A00005,C0005,2026-02-08,Purchase,447.37,ATM,56512.73
T0009239,A00245,C0200,2026-03-11,Deposit,3931.08,Branch,16084.13
T0001178,A00037,C0032,2025-07-19,Transfer In,5566.2,ATM,43354.1
T0004626,A00124,C0103,2025-07-20,Salary Credit,7611.47,USSD,207198.84
T0008526,A00226,C0184,2025-09-18,Purchase,605.13,App,44332.19
T0007966,A00209,C0172,2026-06-18,Airtime,2770.53,POS,66361.79
T0006021,A00160,C0133,2026-04-09,Deposit,9106.27,ATM,46193.32
T0005204,A00138,C0114,2025-12-30,Airtime,1582.3,App,92034.89
T0002983,A00083,C0068,2026-03-27,Airtime,3229.5,Branch,99645.64
T0013443,A00361,C0289,2026-02-04,Transfer Out,3595.86,Branch,183886.19
T0002722,A00074,C0060,2026-06-27,Bill Payment,2054.89,App,38113.0
T0006917,A00183,C0151,2026-03-24,Transfer In,15236.99,POS,81411.24
T0003737,A00103,C0085,2025-12-30,Bill Payment,5490.76,Branch,38329.27
T0001141,A00035,C0031,2026-06-12,Deposit,14025.53,EFT,152116.48
T0012183,A00329,C0264,2025-12-04,Purchase,7158.64,POS,28808.84
T0007996,A00209,C0172,2025-12-28,Deposit,7313.62,ATM,194507.28
T0002840,A00079,C0065,2025-08-31,Bill Payment,7335.04,USSD,23039.86
T0011988,A00323,C0258,2025-11-22,Salary Credit,6678.62,ATM,31932.39
T0013940,A00373,C0298,2025-07-19,Deposit,17370.76,USSD,104811.95
T0008261,A00217,C0178,2026-03-02,Deposit,626.26,ATM,195566.68
T0000336,A00011,C0011,2026-01-03,Airtime,7670.1,Branch,15493.23
T0001634,A00047,C0040,2025-07-31,Transfer In,426.89,EFT,96618.07
T0003547,A00098,C0082,2026-04-09,Transfer Out,1529.44,EFT,161666.14
T0007337,A00193,C0158,2025-10-30,Deposit,851.29,Branch,14893.29
T0011050,A00297,C0239,2026-05-14,Salary Credit,7808.27,USSD,64256.84
T0009496,A00253,C0205,2026-01-31,Airtime,6385.13,EFT,42263.59
T0013959,A00374,C0298,2025-08-17,Salary Credit,20195.75,App,90944.58
T0005436,A00145,C0120,2025-10-04,Deposit,10230.98,USSD,40788.42
T0012877,A00348,C0279,2026-01-31,Salary Credit,1597.15,POS,45984.54
T0000350,A00011,C0011,2025-07-21,Transfer In,19060.66,Branch,66177.92
T0007667,A00200,C0164,2026-01-21,Salary Credit,22248.14,App,187770.54
T0009258,A00245,C0200,2026-01-31,Transfer In,5551.46,Branch,102145.09
T0009746,A00260,C0212,2025-10-30,Salary Credit,20456.29,Branch,212240.62
T0013966,A00374,C0298,2026-04-25,Transfer In,6369.38,App,111307.05
T0012081,A00326,C0261,2026-06-22,Bill Payment,2926.88,USSD,82731.97
T0001608,A00047,C0040,2026-01-07,Purchase,6240.53,Branch,10491.51
T0009606,A00256,C0208,2026-02-20,Withdrawal,6434.17,App,129686.17
T0001778,A00051,C0043,2026-02-03,Transfer Out,1317.14,USSD,103490.64
T0009702,A00259,C0211,2025-09-18,Bill Payment,2478.11,USSD,82741.84
T0004430,A00121,C0100,2025-10-16,Withdrawal,6797.47,USSD,31644.81
T0000180,A00006,C0006,2025-09-07,Transfer Out,7794.27,Branch,74617.99
T0007043,A00186,C0153,2026-01-17,Airtime,3411.68,ATM,20513.22
T0007434,A00196,C0161,2025-07-03,Airtime,2178.96,POS,6227.02
T0013823,A00371,C0296,2026-03-05,Withdrawal,6254.68,POS,60248.18
T0000145,A00005,C0005,2026-01-28,Salary Credit,22056.09,EFT,31788.53
T0003994,A00110,C0091,2026-02-16,Purchase,4448.9,App,30412.46
T0001860,A00053,C0045,2026-03-06,Transfer In,8562.05,Branch,79829.08
T0000668,A00020,C0018,2026-04-09,Salary Credit,9679.4,EFT,13256.43
T0012851,A00347,C0279,2026-04-04,Airtime,5911.64,EFT,137331.82
T0007347,A00193,C0158,2026-03-11,Transfer In,6819.26,App,92434.65
T0012777,A00345,C0277,2026-01-31,Withdrawal,793.78,Branch,35925.17
T0004165,A00115,C0095,2026-06-22,Transfer In,24314.66,ATM,49542.34
T0000311,A00010,C0010,2025-07-23,Transfer Out,7188.29,POS,99230.65
T0008361,A00220,C0180,2025-08-24,Airtime,1003.53,EFT,94995.6
T0003925,A00108,C0090,2026-04-06,Withdrawal,4258.95,App,-22459.27
T0009377,A00249,C0202,2025-08-09,Airtime,5685.63,Branch,39428.48
T0009871,A00264,C0216,2026-04-25,Deposit,9941.25,App,76488.44
T0012651,A00342,C0274,2025-12-28,Transfer In,17573.37,Branch,86033.31
T0008006,A00209,C0172,2025-10-18,Bill Payment,4427.71,POS,211072.33
T0007461,A00196,C0161,2026-06-24,Transfer In,631.55,ATM,189996.54
T0010791,A00291,C0234,2026-03-13,Salary Credit,4361.13,POS,31906.16
T0010414,A00279,C0226,2025-07-13,Bill Payment,7537.11,POS,87631.44
T0003205,A00088,C0073,2026-03-15,Airtime,7031.63,Branch,115057.42
T0003515,A00098,C0082,2026-02-04,Deposit,6497.6,App,58301.05
T0006915,A00183,C0151,2026-06-23,Transfer Out,1751.84,USSD,47862.17
T0007257,A00191,C0156,2025-11-29,Purchase,2987.97,POS,7371.7
T0004426,A00120,C0099,2026-06-22,Transfer Out,866.05,ATM,22596.25
T0010313,A00277,C0225,2026-04-05,Salary Credit,23964.25,App,62694.35
T0004777,A00128,C0106,2025-10-19,Airtime,418.35,App,54376.47
T0010167,A00273,C0222,2025-08-29,Salary Credit,15770.99,EFT,72537.43
T0002309,A00064,C0053,2026-01-01,Transfer In,3695.74,ATM,52464.43
T0009893,A00264,C0216,2025-08-26,Purchase,6659.1,POS,159876.99
T0001782,A00051,C0043,2026-06-03,Transfer Out,6263.76,POS,81644.78
T0009985,A00267,C0218,2025-10-13,Bill Payment,6785.7,Branch,65670.49
T0008862,A00233,C0189,2026-02-15,Bill Payment,5627.03,ATM,83591.12
T0010946,A00295,C0237,2025-12-23,Transfer Out,5894.3,Branch,85159.78
T0004442,A00121,C0100,2026-02-24,Salary Credit,14565.03,App,114531.7
T0000735,A00022,C0020,2026-06-13,Bill Payment,2607.39,POS,168154.83
T0010259,A00275,C0224,2025-10-30,Transfer In,2573.8,App,55846.9
T0008691,A00229,C0186,2025-10-13,Bill Payment,224.82,EFT,36547.42
T0002303,A00064,C0053,2026-06-16,Transfer In,,App,19731.95
T0004813,A00129,C0106,2026-03-05,Salary Credit,11781.65,App,48578.8
T0000982,A00031,C0029,2025-08-15,Deposit,21323.41,EFT,113735.24
T0007846,A00206,C0169,2025-07-14,Salary Credit,21621.02,EFT,51562.81
T0008585,A00227,C0185,2025-07-12,Bill Payment,6706.1,Branch,68294.65
T0013185,A00355,C0284,2026-03-19,Salary Credit,927.41,Branch,94182.08
T0004553,A00123,C0102,2026-05-11,Deposit,21273.38,ATM,110357.42
T0000626,A00019,C0017,2026-03-24,Transfer Out,199.39,USSD,50387.78
T0007590,A00199,C0163,2025-11-01,Airtime,1102.48,EFT,93864.88
T0004802,A00128,C0106,2025-12-19,Deposit,1756.74,Branch,70190.04
T0006414,A00171,C0141,2026-06-02,Bill Payment,7082.47,Branch,61948.58
T0003927,A00108,C0090,2026-04-27,Transfer Out,4013.53,ATM,-28356.14
T0006801,A00180,C0149,2025-12-07,Salary Credit,6469.74,Branch,101404.66
T0000610,A00018,C0016,2025-09-18,Salary Credit,22312.25,Branch,103124.84
T0000858,A00026,C0024,2026-02-03,Transfer In,12904.85,Branch,194209.78
T0003259,A00090,C0075,2026-03-28,Transfer In,13544.4,POS,125000.84
T0007580,A00199,C0163,2026-03-14,Purchase,2857.61,POS,82173.32
T0002998,A00083,C0068,2026-01-13,Bill Payment,4699.74,EFT,27168.74
T0002185,A00061,C0050,2026-04-26,Purchase,1662.53,Branch,36234.65
T0004932,A00131,C0108,2026-06-10,Transfer In,20626.67,POS,103695.31
T0006609,A00177,C0146,2026-06-15,Transfer Out,3309.87,Branch,49101.69
T0004493,A00122,C0101,2026-03-07,Transfer Out,5930.97,POS,64684.74
T0007998,A00209,C0172,2026-04-09,Purchase,1173.97,Branch,186851.59
T0006727,A00179,C0148,2025-07-03,Withdrawal,6634.21,App,-50740.39
T0005607,A00149,C0123,2025-07-23,Withdrawal,6801.41,ATM,98406.36
T0005735,A00153,C0127,2025-09-15,Purchase,41.3,App,52810.01
T0001096,A00034,C0030,2025-10-28,Deposit,6802.08,USSD,111874.2
T0005477,A00146,C0121,2026-01-22,Salary Credit,1979.38,POS,65357.89
T0010077,A00270,C0220,2026-03-10,Airtime,871.79,App,36586.76
T0005300,A00141,C0117,2025-11-19,Transfer Out,785.9,ATM,30187.91
T0000198,A00007,C0007,2026-01-08,Transfer Out,2401.84,App,47279.2
T0008786,A00232,C0188,2026-05-06,Deposit,21270.0,App,33264.32
T0008479,A00224,C0183,2026-01-17,Airtime,6679.56,Branch,-7736.8
T0004639,A00125,C0104,2026-01-22,Transfer In,9203.95,Branch,55467.3
T0001112,A00034,C0030,2026-03-08,Bill Payment,4314.29,USSD,165371.76
T0008254,A00217,C0178,2026-03-02,Salary Credit,21779.68,POS,194083.09
T0012253,A00330,C0264,2025-11-21,Deposit,10370.08,App,128829.6
T0009315,A00247,C0201,2025-07-31,Purchase,2776.0,ATM,24423.73
T0005564,A00148,C0122,2025-12-28,Withdrawal,4228.99,EFT,54214.92
T0011318,A00304,C0244,2026-05-14,Withdrawal,2068.66,App,-28991.03
T0009868,A00264,C0216,2025-10-11,Airtime,2026.87,EFT,34345.78
T0008699,A00229,C0186,2026-04-18,Salary Credit,8303.31,POS,114809.92
T0009599,A00256,C0208,2026-06-21,Transfer In,15192.07,App,106157.41
T0013253,A00357,C0286,2025-08-30,Transfer Out,5364.87,EFT,108530.97
T0013620,A00365,C0292,2025-12-09,Salary Credit,9367.36,ATM,67790.26
T0010306,A00276,C0224,2025-10-08,Transfer Out,989.44,App,49961.75
T0010036,A00268,C0219,2026-02-01,Airtime,3890.23,Branch,37634.46
T0002648,A00072,C0058,2025-12-18,Airtime,4642.58,EFT,66199.24
T0009003,A00238,C0193,2026-06-29,Airtime,5660.74,USSD,80061.97
T0013643,A00366,C0293,2026-04-05,Purchase,2669.77,Branch,41922.95
T0005347,A00143,C0118,2026-02-07,Bill Payment,6811.51,Branch,10543.69
T0000967,A00031,C0029,2025-08-29,Salary Credit,1115.71,USSD,39816.04
T0008592,A00227,C0185,2025-07-28,Transfer In,10893.28,App,136695.55
T0012213,A00329,C0264,2025-09-25,Withdrawal,876.33,EFT,78197.2
T0005349,A00143,C0118,2026-06-21,Transfer Out,-4170.88,USSD,2828.61
T0003765,A00103,C0085,2026-05-18,Airtime,5961.22,App,41912.18
T0010786,A00291,C0234,2025-12-07,Purchase,6371.39,POS,12012.68
T0010954,A00295,C0237,2026-06-21,Salary Credit,8814.32,EFT,91029.81
T0003351,A00093,C0078,2025-11-08,Purchase,4665.26,USSD,1780.03
T0007974,A00209,C0172,2025-11-02,Purchase,7029.65,EFT,88254.27
T0008541,A00226,C0184,2026-04-18,Purchase,4227.92,ATM,66157.97
T0011134,A00299,C0240,2026-03-12,Withdrawal,6053.22,ATM,105566.79
T0007304,A00192,C0157,2026-06-03,Transfer In,17319.44,App,81255.83
T0003442,A00096,C0081,2026-03-13,Deposit,2899.47,ATM,97491.25
T0003221,A00089,C0074,2026-02-11,Salary Credit,12678.4,App,17911.61
T0003983,A00109,C0091,2025-09-21,Transfer In,,Branch,433.61
T0003843,A00106,C0088,2025-07-09,Transfer Out,2454.63,EFT,8815.4
T0008914,A00235,C0190,2025-12-13,Airtime,6654.57,POS,40696.63
T0010085,A00270,C0220,2026-03-15,Withdrawal,6928.93,App,57241.42
T0011991,A00323,C0258,2025-09-24,Salary Credit,20137.68,POS,47987.35
T0009060,A00240,C0195,2026-05-21,Transfer In,1412.18,Branch,16526.66
T0004004,A00110,C0091,2025-09-13,Salary Credit,5080.37,App,75925.25
T0010952,A00295,C0237,2025-07-07,Deposit,4890.17,USSD,78747.98
T0011798,A00316,C0254,2026-02-08,Bill Payment,3550.03,USSD,99537.14
T0012279,A00331,C0265,2025-09-02,Withdrawal,7646.0,ATM,-10039.41
T0012245,A00330,C0264,2025-10-19,Withdrawal,3166.45,POS,83338.16
T0012459,A00336,C0268,2026-05-05,Bill Payment,2764.98,Branch,57097.22
T0009282,A00246,C0200,2026-06-19,Purchase,6196.5,App,2996.58
T0011932,A00321,C0256,2025-11-20,Transfer Out,3939.83,ATM,107505.01
T0012259,A00330,C0264,2025-09-28,Transfer Out,1563.82,App,130165.84
T0005962,A00159,C0132,2026-03-30,Transfer Out,3603.08,ATM,9737.79
T0011061,A00297,C0239,2026-06-05,Airtime,4811.7,EFT,49180.95
T0000424,A00013,C0013,2026-01-31,Airtime,2933.32,EFT,47485.14
T0004479,A00122,C0101,2025-11-28,Deposit,22882.99,EFT,20421.62
T0004993,A00133,C0110,2026-01-15,Withdrawal,5794.85,ATM,38243.68
T0004038,A00110,C0091,2026-04-06,Bill Payment,,USSD,176140.81
T0003097,A00085,C0070,2025-08-10,Airtime,4689.47,ATM,128467.73
T0002301,A00064,C0053,2025-08-27,Withdrawal,3291.19,POS,22460.57
T0006788,A00180,C0149,2025-08-06,Withdrawal,2460.39,ATM,86764.82
T0010083,A00270,C0220,2025-10-31,Salary Credit,24843.81,Branch,70136.14
T0000850,A00026,C0024,2025-12-02,Deposit,18888.3,POS,121495.37
T0005385,A00144,C0119,2025-07-17,Salary Credit,16164.81,ATM,30320.91
T0009290,A00246,C0200,2026-02-18,Salary Credit,14542.54,EFT,96109.91
T0001669,A00048,C0041,2026-06-22,Bill Payment,2888.17,ATM,47355.52
T0005353,A00143,C0118,2025-12-23,Purchase,7589.7,ATM,2548.51
T0003148,A00086,C0071,2025-09-16,Salary Credit,15088.37,App,101744.69
T0012122,A00327,C0262,2025-11-21,Deposit,9950.61,EFT,32091.81
T0003820,A00105,C0087,2026-01-25,Transfer In,4664.97,EFT,34946.1
T0002128,A00059,C0049,2025-10-28,Transfer In,-19331.4,EFT,118902.93
T0003591,A00099,C0083,2025-11-06,Airtime,1442.06,App,64110.02
T0007559,A00198,C0162,2026-01-04,Deposit,18572.54,Branch,171815.6
T0010680,A00287,C0231,2026-05-11,Deposit,24920.53,USSD,48303.07
T0008962,A00236,C0191,2025-12-12,Deposit,7292.0,POS,35536.25
T0001867,A00053,C0045,2026-01-08,Airtime,3318.89,ATM,89736.21
T0013290,A00357,C0286,2026-02-27,Withdrawal,4019.83,Branch,137235.76
T0003253,A00090,C0075,2026-06-26,Transfer In,,EFT,104656.9
T0009297,A00247,C0201,2026-04-05,Purchase,5535.85,POS,53581.74
T0001518,A00045,C0038,2025-08-17,Transfer In,22121.61,USSD,20489.59
T0012048,A00325,C0260,2025-08-28,Deposit,815.51,EFT,29154.6
T0010049,A00269,C0219,2026-03-05,Airtime,1747.95,USSD,90295.19
T0004124,A00114,C0094,2025-09-23,Airtime,6995.69,Branch,-4269.69
T0000107,A00003,C0003,2026-06-12,Transfer Out,2096.13,App,174895.61
T0012830,A00347,C0279,2025-07-23,Salary Credit,5100.41,USSD,50244.39
T0007601,A00199,C0163,2026-04-04,Withdrawal,7381.65,USSD,181211.94
T0008681,A00229,C0186,2025-09-16,Purchase,583.41,POS,26433.46
T0009055,A00239,C0194,2025-09-28,Deposit,19709.41,App,157004.16
T0006032,A00160,C0133,2026-05-14,Withdrawal,7065.15,POS,41996.24
T0001018,A00032,C0029,2026-06-02,Salary Credit,3365.85,USSD,71327.75
T0012357,A00333,C0266,2025-10-29,Withdrawal,5962.49,POS,75692.08
T0004307,A00118,C0097,2025-11-23,Transfer Out,6101.47,EFT,34211.3
T0008311,A00219,C0180,2025-11-19,Salary Credit,2178.16,USSD,58649.68
T0012418,A00335,C0268,2025-08-25,Withdrawal,1105.74,App,1514.91
T0003574,A00099,C0083,2026-06-04,Purchase,2355.54,App,23933.13
T0013255,A00357,C0286,2026-05-12,Transfer In,13137.91,EFT,118585.88
T0000908,A00028,C0026,2026-01-27,Airtime,6884.28,USSD,69780.66
T0004667,A00125,C0104,2025-09-04,Deposit,4464.63,USSD,56090.8
T0009154,A00242,C0197,2026-06-21,Transfer Out,6794.09,USSD,53896.68
T0013674,A00367,C0293,2026-02-14,Transfer In,11798.58,EFT,17542.84
T0002190,A00061,C0050,2025-08-27,Salary Credit,10705.17,USSD,65106.01
T0001275,A00038,C0033,2026-01-14,Purchase,1569.94,Branch,196499.21
T0011307,A00303,C0243,2026-06-29,Bill Payment,2868.04,EFT,68838.02
T0011391,A00306,C0245,2025-10-04,Transfer Out,1125.92,EFT,56922.63
T0008179,A00216,C0177,2026-02-14,Withdrawal,6598.49,Branch,-10467.84
T0012655,A00342,C0274,2026-04-14,Transfer In,10619.46,Branch,99514.46
T0005460,A00145,C0120,2026-02-28,Bill Payment,2491.48,App,66449.17
T0010281,A00276,C0224,2025-10-16,Purchase,3096.22,EFT,-1881.19
T0004540,A00123,C0102,2025-09-12,Bill Payment,6579.31,ATM,80903.98
T0003129,A00086,C0071,2026-02-28,Withdrawal,6633.91,ATM,82268.28
T0004268,A00117,C0097,2025-12-12,Purchase,4872.48,EFT,94611.3
T0012603,A00341,C0273,2026-02-19,Withdrawal,2428.11,POS,50637.43
T0005629,A00150,C0124,2026-01-14,Salary Credit,2592.18,POS,32409.13
T0011931,A00321,C0256,2026-03-19,Transfer Out,599.73,USSD,111444.84
T0011536,A00310,C0249,2025-07-24,Withdrawal,4336.02,USSD,55341.27
T0011227,A00301,C0242,2026-02-08,Bill Payment,5868.73,POS,94687.91
T0009571,A00256,C0208,2025-11-12,Transfer In,4725.55,App,9204.48
T0003457,A00096,C0081,2025-07-14,Purchase,4613.4,EFT,187277.58
T0008906,A00234,C0190,2026-04-06,Withdrawal,4120.87,POS,99998.64
T0003978,A00109,C0091,2025-11-04,Airtime,2581.19,App,-25154.54
T0013267,A00357,C0286,2025-12-05,Withdrawal,7880.54,ATM,157410.2
T0009632,A00257,C0209,2026-05-11,Transfer Out,1311.25,EFT,-2716.93
T0013270,A00357,C0286,2026-05-22,Transfer Out,2494.92,App,153369.39
T0008556,A00226,C0184,2025-12-17,Transfer In,22189.36,EFT,64908.49
T0007065,A00186,C0153,2025-11-08,Transfer In,15951.03,EFT,145739.42
T0008938,A00235,C0190,2026-02-19,Airtime,7841.54,ATM,150888.45
T0002002,A00057,C0047,2026-03-26,Salary Credit,1111.96,App,45234.49
T0013190,A00355,C0284,2025-12-04,Transfer Out,1838.04,POS,98261.54
T0011294,A00303,C0243,2025-09-21,Salary Credit,,POS,33117.49
T0001240,A00038,C0033,2026-02-05,Withdrawal,1874.62,Branch,53865.79
T0008604,A00227,C0185,2026-04-18,Salary Credit,1713.58,EFT,147341.84
T0007976,A00209,C0172,2026-03-17,Withdrawal,4653.46,EFT,90957.18
T0003299,A00091,C0076,2026-03-21,Purchase,7819.69,Branch,62892.12
T0006497,A00174,C0144,2026-06-01,Transfer Out,2319.09,App,35094.4
T0000602,A00018,C0016,2025-10-28,Transfer Out,,App,57826.17
T0001025,A00032,C0029,2025-09-28,Deposit,20189.71,App,98331.03
T0007725,A00202,C0165,2026-03-12,Withdrawal,-5429.99,ATM,69355.64
T0012188,A00329,C0264,2026-06-03,Withdrawal,4670.97,App,24382.19
T0001589,A00046,C0039,2026-01-28,Withdrawal,3902.41,ATM,84110.21
T0000207,A00008,C0008,2025-11-10,Purchase,7576.45,USSD,59836.62
T0009662,A00258,C0210,2026-03-13,Airtime,400.83,Branch,59656.56
T0013929,A00373,C0298,2025-12-23,Salary Credit,8298.2,ATM,52905.83
T0002465,A00068,C0056,2025-09-23,Deposit,8652.0,USSD,272664.05
T0011277,A00302,C0242,2025-08-12,Airtime,2703.01,USSD,88886.03
T0004046,A00110,C0091,2025-12-31,Withdrawal,345.08,USSD,164497.97
T0002122,A00059,C0049,2025-09-16,Transfer Out,6847.49,Branch,87468.66
T0009080,A00240,C0195,2026-06-14,Airtime,725.73,EFT,118622.51
T0004107,A00113,C0093,2025-10-11,Transfer Out,3400.8,EFT,83852.56
T0004910,A00131,C0108,2026-06-01,Bill Payment,7172.66,USSD,34073.65
T0009152,A00242,C0197,2025-08-04,Deposit,11188.99,USSD,42317.8
T0003195,A00088,C0073,2025-08-25,Salary Credit,14761.37,EFT,71242.52
T0002740,A00075,C0061,2026-03-18,Purchase,896.4,POS,90862.9
T0004687,A00126,C0104,2025-09-28,Transfer In,,App,61871.06
T0002886,A00080,C0066,2025-09-13,Transfer In,20200.09,Branch,95257.57
T0013325,A00358,C0287,2025-08-30,Transfer Out,,EFT,118183.6
T0010706,A00288,C0232,2026-04-14,Purchase,6498.03,App,40776.91
T0010146,A00273,C0222,2025-07-05,Bill Payment,768.14,Branch,25594.51
T0005767,A00153,C0127,2025-08-14,Withdrawal,7318.79,Branch,56505.69
T0003723,A00103,C0085,2025-10-18,Airtime,6183.57,POS,30659.32
T0003517,A00098,C0082,2025-10-10,Deposit,14762.7,Branch,81953.53
T0011760,A00316,C0254,2025-08-28,Withdrawal,7396.12,Branch,20090.32
T0009929,A00265,C0217,2025-10-18,Salary Credit,1490.39,POS,77395.63
T0005923,A00157,C0131,2026-06-05,Purchase,89.04,Branch,70005.97
T0010707,A00288,C0232,2025-09-26,Bill Payment,5336.98,POS,35439.93
T0007790,A00203,C0166,2026-03-30,Salary Credit,18218.41,EFT,176417.98
T0000159,A00005,C0005,2025-08-16,Bill Payment,1495.35,Branch,38569.48
T0007363,A00193,C0158,2026-03-19,Purchase,2998.08,App,109409.34
T0010843,A00292,C0235,2026-01-16,Purchase,2509.44,USSD,81667.64
T0002587,A00071,C0057,2026-02-24,Airtime,6295.35,USSD,57536.53
T0007515,A00197,C0161,2026-01-25,Airtime,3099.76,ATM,55620.93
T0008697,A00229,C0186,2025-08-08,Deposit,20045.69,Branch,105244.85
T0003342,A00092,C0077,2025-07-31,Withdrawal,4382.95,EFT,146826.87
T0009758,A00261,C0213,2025-09-20,Transfer Out,6905.38,POS,27576.96
T0010276,A00276,C0224,2025-10-04,Airtime,205.36,EFT,5430.45
T0003264,A00091,C0076,2025-10-30,Purchase,197.77,EFT,52999.97
T0004558,A00123,C0102,2026-03-14,Bill Payment,2401.24,POS,98705.5
T0011787,A00316,C0254,2026-05-21,Airtime,5259.95,App,59378.74
T0013078,A00352,C0282,2025-09-09,Bill Payment,4818.85,USSD,-31852.58
T0007900,A00207,C0170,2025-11-01,Deposit,21782.82,ATM,206251.42
T0014002,A00375,C0299,2025-11-22,Transfer Out,6367.66,Branch,43302.96
T0004130,A00114,C0094,2025-08-16,Bill Payment,5814.38,POS,-4539.96
T0010881,A00294,C0237,2026-06-06,Salary Credit,11088.85,EFT,57009.38
T0012282,A00331,C0265,2025-07-02,Withdrawal,3262.84,POS,-13054.34
T0000797,A00025,C0023,2025-11-11,Transfer In,12157.65,App,61219.1
T0003995,A00110,C0091,2026-02-15,Bill Payment,3440.31,EFT,26972.15
T0005668,A00151,C0125,2026-06-25,Withdrawal,7928.44,Branch,85033.99
T0005187,A00137,C0113,2026-01-04,Withdrawal,4053.75,ATM,49221.03
T0011246,A00301,C0242,2025-12-07,Bill Payment,1376.3,Branch,130785.61
T0005254,A00139,C0115,2026-06-04,Purchase,4752.15,USSD,40960.68
T0013759,A00370,C0296,2025-08-29,Airtime,7881.87,ATM,39397.52
T0006872,A00182,C0150,2026-04-24,Transfer Out,7740.55,ATM,43307.85
T0005861,A00155,C0129,2025-11-16,Salary Credit,10267.96,EFT,207732.83
T0000595,A00018,C0016,2025-08-04,Bill Payment,6749.61,EFT,57610.71
T0000128,A00005,C0005,2026-04-17,Purchase,4513.61,EFT,-1377.39
T0013707,A00368,C0294,2026-04-24,Airtime,532.71,App,35298.26
T0013733,A00369,C0295,2025-08-11,Transfer Out,7704.18,EFT,29870.16
T0002666,A00072,C0058,2025-11-23,Airtime,162.96,App,49071.6
T0001817,A00052,C0044,2026-02-06,Deposit,17282.16,ATM,61782.96
T0002010,A00057,C0047,2025-10-15,Deposit,19573.06,Branch,45447.65
T0008420,A00223,C0182,2026-03-02,Bill Payment,7619.86,POS,-1609.26
T0010889,A00294,C0237,2025-12-17,Withdrawal,4259.54,Branch,101892.31
T0006681,A00178,C0147,2026-06-08,Transfer Out,1709.23,ATM,46519.48
T0007275,A00191,C0156,2025-07-09,Salary Credit,8233.67,ATM,58429.39
T0005552,A00147,C0121,2026-06-08,Airtime,7136.38,ATM,97120.3
T0007277,A00191,C0156,2025-09-23,Purchase,3049.92,Branch,57685.68
T0010362,A00278,C0225,2025-11-05,Transfer In,2032.84,USSD,100392.82
T0011333,A00304,C0244,2026-03-30,Airtime,2731.01,EFT,32513.88
T0005449,A00145,C0120,2025-09-12,Deposit,8167.19,EFT,83149.24
T0005973,A00159,C0132,2026-06-26,Airtime,3853.1,EFT,29803.44
T0013230,A00356,C0285,2025-09-27,Withdrawal,5213.56,App,180099.42
T0011048,A00297,C0239,2025-12-06,Bill Payment,4495.79,Branch,51210.24
T0005690,A00151,C0125,2026-04-14,Bill Payment,3835.01,ATM,163859.06
T0011078,A00298,C0240,2026-05-16,Withdrawal,4512.43,EFT,23346.29
T0007128,A00188,C0154,2026-03-24,Salary Credit,23571.9,ATM,104967.51
T0002181,A00060,C0050,2026-05-10,Withdrawal,492.59,ATM,57796.02
T0005843,A00155,C0129,2026-01-22,Withdrawal,3674.13,EFT,74937.66
T0002542,A00069,C0056,2026-03-19,Bill Payment,1609.54,EFT,245871.95
T0009681,A00259,C0211,2025-11-08,Purchase,2223.93,EFT,57831.81
T0014093,A00376,C0300,2025-09-14,Deposit,15906.87,POS,199371.19
T0002379,A00067,C0055,2026-01-31,Deposit,21846.71,EFT,21606.8
T0007074,A00186,C0153,2025-10-04,Purchase,288.1,EFT,179225.17
T0001062,A00033,C0030,2026-04-28,Bill Payment,6978.68,USSD,31285.03
T0007431,A00195,C0160,2026-03-09,Transfer Out,6715.17,POS,199046.29
T0000222,A00008,C0008,2025-12-24,Transfer Out,1048.87,POS,67861.65
T0005975,A00159,C0132,2026-03-13,Deposit,1492.77,Branch,55151.8
T0004260,A00117,C0097,2025-07-02,Deposit,7197.91,App,74503.76
T0007710,A00201,C0165,2026-04-09,Salary Credit,9700.15,ATM,93005.32
T0007028,A00186,C0153,2025-12-15,Bill Payment,7233.58,POS,19786.15
T0012505,A00338,C0270,2025-12-31,Bill Payment,2765.63,ATM,18101.07
T0009528,A00254,C0206,2025-08-22,Bill Payment,6739.98,Branch,23333.38
T0009286,A00246,C0200,2025-12-19,Transfer In,18997.42,EFT,37406.26
T0013524,A00363,C0290,2025-07-24,Airtime,2269.65,POS,140443.47
T0000193,A00007,C0007,2025-07-05,Salary Credit,22796.73,POS,53144.02
T0007443,A00196,C0161,2025-08-06,Deposit,24157.78,EFT,82040.07
T0004564,A00123,C0102,2025-12-30,Bill Payment,6682.02,USSD,94462.96
T0004236,A00116,C0096,2025-08-13,Salary Credit,16506.16,App,81472.15
T0002049,A00058,C0048,2025-12-21,Purchase,7305.54,ATM,47151.01
T0008138,A00214,C0175,2026-04-21,Transfer Out,1673.45,App,68333.17
T0002480,A00068,C0056,2025-12-31,Bill Payment,104.34,Branch,256401.01
T0012586,A00340,C0272,2026-01-08,Deposit,23709.72,POS,3959.1
T0013166,A00355,C0284,2025-11-12,Transfer Out,2706.49,USSD,31105.9
T0010578,A00284,C0230,2026-06-25,Transfer In,10911.82,USSD,24572.75
T0006709,A00179,C0148,2026-03-27,Withdrawal,430.74,Branch,9941.45
T0000847,A00026,C0024,2025-08-09,Deposit,19389.84,App,99827.6
T0002927,A00081,C0066,2026-02-18,Salary Credit,17532.78,EFT,167958.31
T0006556,A00175,C0145,2025-10-04,Deposit,5741.25,EFT,78359.02
T0006320,A00169,C0140,2025-09-16,Transfer Out,380.16,App,58732.69
T0003169,A00087,C0072,2026-06-13,Purchase,487.53,EFT,-20113.97
T0007285,A00192,C0157,2025-08-08,Purchase,1380.85,USSD,30605.29
T0013188,A00355,C0284,2025-07-29,Salary Credit,839.68,USSD,100444.22
T0000924,A00029,C0027,2026-02-02,Salary Credit,17100.19,ATM,23339.93
T0011880,A00319,C0255,2025-07-13,Airtime,2208.93,Branch,111171.25
T0008089,A00212,C0173,2026-04-05,Deposit,16010.46,POS,29183.1
T0011512,A00310,C0249,2026-03-23,Purchase,5864.94,USSD,6560.98
T0014083,A00376,C0300,2025-11-09,Withdrawal,3780.04,Branch,159459.09
T0001765,A00051,C0043,2025-07-28,Airtime,7205.39,POS,56751.98
T0010087,A00270,C0220,2025-09-20,Transfer In,10235.49,EFT,66068.1
T0000035,A00001,C0001,2026-01-29,Bill Payment,3626.89,App,88748.26
T0010350,A00278,C0225,2026-04-17,Purchase,6046.23,App,39062.57
T0003617,A00100,C0083,2026-06-26,Purchase,532.57,ATM,-3013.28
T0006066,A00162,C0134,2026-04-04,Purchase,5493.46,Branch,82301.49
T0001137,A00035,C0031,2026-05-04,Salary Credit,19126.05,POS,157046.87
T0001263,A00038,C0033,2025-10-10,Transfer In,10658.02,Branch,197970.9
T0013973,A00374,C0298,2026-05-16,Transfer In,1019.12,USSD,117050.69
T0004134,A00114,C0094,2026-03-16,Transfer Out,2220.94,EFT,6125.17
T0010684,A00287,C0231,2026-06-27,Transfer In,8284.64,Branch,55304.73
T0004406,A00120,C0099,2025-07-16,Transfer Out,5978.73,USSD,34519.26
T0014003,A00375,C0299,2025-11-07,Transfer In,16094.0,USSD,59396.96
T0012863,A00347,C0279,2026-02-03,Bill Payment,191.4,POS,147988.39
T0002683,A00073,C0059,2025-10-31,Withdrawal,6233.75,Branch,57431.17
T0001297,A00039,C0034,2025-07-05,Deposit,6725.41,USSD,37360.41
T0011405,A00306,C0245,2026-02-25,Transfer Out,5608.15,Branch,54809.13
T0007403,A00195,C0160,2025-12-16,Purchase,2286.63,Branch,67365.65
T0006768,A00180,C0149,2025-10-10,Airtime,3659.43,USSD,45903.86
T0008013,A00210,C0172,2025-11-23,Salary Credit,7206.87,USSD,44015.01
T0007684,A00201,C0165,2026-06-03,Transfer Out,1985.14,Branch,12655.51
T0008838,A00233,C0189,2026-06-22,Withdrawal,4474.96,ATM,60342.03
T0001677,A00048,C0041,2026-05-16,Purchase,2443.09,Branch,59045.3
T0000522,A00016,C0015,2026-02-14,Withdrawal,1792.24,EFT,27979.78
T0002888,A00080,C0066,2026-04-04,Purchase,1939.99,Branch,86567.98
T0008926,A00235,C0190,2026-06-18,Transfer Out,7219.21,USSD,166332.51
T0013794,A00370,C0296,2026-03-24,Withdrawal,1108.14,USSD,144917.22
T0004032,A00110,C0091,2025-10-01,Withdrawal,1297.32,EFT,188807.76
T0012323,A00332,C0266,2026-06-19,Airtime,3724.92,EFT,98660.53
T0011708,A00314,C0252,2025-08-11,Salary Credit,3528.12,USSD,53434.96
T0005136,A00136,C0112,2026-01-05,Purchase,7254.28,EFT,83469.7
T0003616,A00100,C0083,2025-10-23,Deposit,1185.87,ATM,-2480.71
T0004480,A00122,C0101,2026-02-04,Transfer Out,6518.94,ATM,13902.68
T0007081,A00186,C0153,2025-09-19,Salary Credit,12764.45,POS,204450.07
T0009442,A00250,C0203,2026-02-11,Bill Payment,692.38,Branch,280848.09
T0009078,A00240,C0195,2026-02-21,Salary Credit,23142.05,POS,101383.75
T0000856,A00026,C0024,2026-03-16,Salary Credit,9224.93,EFT,182768.1
T0009763,A00261,C0213,2026-05-21,Purchase,6818.16,EFT,65887.72
T0014023,A00375,C0299,2026-02-17,Bill Payment,1132.35,POS,28900.8
T0011806,A00317,C0254,2026-05-26,Transfer In,18954.39,EFT,27447.15
T0008599,A00227,C0185,2026-03-22,Transfer Out,5702.95,POS,171062.47
T0013274,A00357,C0286,2025-11-09,Transfer Out,5697.97,ATM,152030.38
T0008993,A00238,C0193,2025-12-26,Salary Credit,5541.27,Branch,44892.59
T0012749,A00344,C0276,2026-05-04,Purchase,4898.89,App,80642.16
T0006800,A00180,C0149,2026-06-06,Purchase,7701.91,USSD,94934.92
T0003840,A00106,C0088,2025-09-06,Purchase,2897.16,EFT,15174.24
T0011384,A00306,C0245,2025-12-13,Bill Payment,4886.81,ATM,47195.35
T0005262,A00140,C0116,2026-03-01,Airtime,1189.54,USSD,39880.76
T0011802,A00317,C0254,2026-01-01,Transfer Out,6470.62,EFT,17993.68
T0000769,A00023,C0021,2025-07-18,Bill Payment,4258.35,USSD,104182.13
T0000570,A00018,C0016,2026-04-01,Deposit,13064.16,App,51548.46
T0002567,A00071,C0057,2026-02-09,Transfer Out,2798.88,Branch,36550.81
T0013298,A00358,C0287,2026-03-22,Airtime,6431.95,App,61787.6
T0013250,A00357,C0286,2025-09-04,Transfer Out,1537.12,EFT,91195.0
T0010675,A00287,C0231,2026-02-13,Transfer Out,7331.29,ATM,37725.62
T0007459,A00196,C0161,2025-12-06,Deposit,16226.88,EFT,175974.54
T0007793,A00204,C0167,2026-05-01,Transfer Out,6497.3,Branch,20595.57
T0006132,A00164,C0136,2025-12-02,Salary Credit,5400.85,USSD,94280.37
T0006026,A00160,C0133,2026-05-01,Withdrawal,7639.4,ATM,56476.73
T0011834,A00318,C0255,2026-04-18,Transfer In,18529.94,USSD,52303.01
T0010166,A00273,C0222,2026-01-31,Transfer In,6203.19,ATM,56766.44
T0000649,A00019,C0017,2026-06-30,Salary Credit,2946.64,Branch,60522.42
T0008080,A00212,C0173,2025-12-26,Withdrawal,5030.75,ATM,16673.26
T0010293,A00276,C0224,2026-03-19,Deposit,24133.86,EFT,56526.6
T0010838,A00292,C0235,2026-01-05,Deposit,2625.42,App,87194.81
T0002183,A00061,C0050,2026-01-17,Transfer In,6289.48,ATM,45040.44
T0010906,A00294,C0237,2026-01-01,Salary Credit,17142.53,USSD,136604.45
T0002489,A00069,C0056,2026-02-17,Transfer In,15381.56,USSD,35564.39
T0004700,A00126,C0104,2026-01-25,Salary Credit,13585.2,App,81090.28
T0011953,A00322,C0257,2025-11-28,Purchase,4281.62,POS,37816.93
T0011354,A00305,C0244,2026-06-03,Bill Payment,1498.59,POS,120471.08
T0011726,A00315,C0253,2026-02-08,Salary Credit,3249.74,POS,51294.47
T0005403,A00144,C0119,2025-12-21,Salary Credit,2589.16,App,81378.8
T0001526,A00045,C0038,2025-08-15,Withdrawal,1449.91,Branch,10421.82
T0000996,A00031,C0029,2026-01-18,Deposit,2173.94,Branch,79403.21
T0007762,A00203,C0166,2026-05-15,Salary Credit,17006.26,USSD,111288.37
T0009744,A00260,C0212,2026-06-04,Bill Payment,3678.05,Branch,183681.8
T0013368,A00359,C0288,2025-10-01,Purchase,4781.78,POS,160325.29
T0009011,A00238,C0193,2025-11-02,Salary Credit,,App,100462.28
T0011220,A00301,C0242,2026-04-21,Deposit,16421.47,App,112715.07
T0005566,A00148,C0122,2026-04-29,Bill Payment,2685.89,POS,76355.01
T0007558,A00198,C0162,2025-07-28,Transfer In,20476.56,ATM,153243.06
T0011592,A00311,C0250,2026-04-16,Withdrawal,4327.86,ATM,54655.19
T0007133,A00188,C0154,2025-10-25,Transfer In,21733.79,POS,117431.58
T0011610,A00312,C0250,2026-01-02,Transfer In,9273.79,POS,76471.99
T0008449,A00223,C0182,2026-03-27,Salary Credit,675.8,App,84487.21
T0012403,A00334,C0267,2025-08-17,Salary Credit,15802.93,App,38274.62
T0010137,A00272,C0221,2025-08-09,Transfer In,22127.78,USSD,74278.54
T0006464,A00173,C0143,2025-11-03,Bill Payment,6432.64,USSD,64211.4
T0004525,A00123,C0102,2025-10-28,Withdrawal,2036.47,EFT,67421.04
T0003477,A00097,C0081,2026-05-20,Purchase,1445.53,EFT,53049.56
T0011476,A00309,C0248,2025-07-05,Transfer In,5686.46,POS,65433.4
T0007340,A00193,C0158,2026-03-10,Deposit,19707.83,EFT,23640.19
T0010285,A00276,C0224,2025-12-10,Bill Payment,,App,-11800.36
T0005811,A00154,C0128,2026-02-24,Salary Credit,23936.81,USSD,120711.88
T0008995,A00238,C0193,2026-01-10,Transfer Out,1838.64,Branch,48931.61
T0011168,A00300,C0241,2025-09-24,Airtime,,USSD,16481.38
T0012890,A00348,C0279,2025-08-16,Transfer In,17919.89,POS,86517.5
T0000335,A00011,C0011,2025-12-16,Transfer Out,5553.8,POS,23163.33
T0009366,A00249,C0202,2026-03-12,Transfer In,12531.64,ATM,35986.81
T0001359,A00040,C0035,2025-07-18,Withdrawal,7839.83,Branch,98519.26
T0003750,A00103,C0085,2026-01-06,Salary Credit,8281.98,Branch,50464.91
T0004737,A00127,C0105,2026-04-01,Transfer Out,844.19,ATM,28291.45
T0012992,A00350,C0281,2026-01-21,Transfer In,3277.15,EFT,45160.88
T0003962,A00109,C0091,2026-04-22,Airtime,5581.91,ATM,15615.76
T0007489,A00197,C0161,2025-12-24,Bill Payment,1637.95,ATM,55365.73
T0000611,A00019,C0017,2026-01-28,Deposit,20894.13,USSD,49858.98
T0004103,A00113,C0093,2025-11-21,Bill Payment,904.96,EFT,30759.76
T0014105,A00376,C0300,2025-09-26,Withdrawal,2810.72,POS,199713.34
T0010558,A00283,C0229,2025-09-25,Transfer In,-16338.28,POS,21474.66
T0006058,A00162,C0134,2026-06-14,Airtime,,App,40360.88
T0008357,A00220,C0180,2025-07-20,Purchase,2874.26,App,113713.44
T0012711,A00343,C0275,2026-03-13,Purchase,4950.83,ATM,73951.51
T0012684,A00343,C0275,2026-04-30,Transfer Out,7635.78,EFT,18252.93
T0008839,A00233,C0189,2026-06-03,Purchase,2933.05,ATM,57408.98
T0001675,A00048,C0041,2025-11-25,Withdrawal,7756.37,USSD,44433.41
T0008523,A00226,C0184,2026-05-09,Transfer Out,1924.43,POS,26874.54
T0013745,A00369,C0295,2025-10-28,Transfer Out,7803.18,App,102266.4
T0002889,A00080,C0066,2026-03-18,Transfer Out,5015.81,App,81552.17
T0012741,A00344,C0276,2026-01-02,Deposit,9482.0,App,57359.93
T0007301,A00192,C0157,2026-01-25,Withdrawal,570.2,POS,60633.55
T0009322,A00247,C0201,2026-01-12,Purchase,5323.28,USSD,6622.28
T0006353,A00169,C0140,2026-03-13,Transfer Out,1754.46,ATM,33016.69
T0012373,A00333,C0266,2025-12-16,Airtime,7327.38,App,86600.18
T0001690,A00049,C0042,2026-06-16,Airtime,3757.66,EFT,37870.51
T0003112,A00086,C0071,2026-04-19,Transfer Out,2000.97,Branch,19440.89
T0000990,A00031,C0029,2026-03-26,Withdrawal,2339.81,EFT,100361.89
T0010070,A00269,C0219,2025-08-30,Purchase,686.81,Branch,175455.84
T0003834,A00105,C0087,2026-01-11,Deposit,18606.79,App,59944.12
T0013551,A00364,C0291,2025-07-16,Transfer In,14758.04,POS,97022.66
T0007792,A00204,C0167,2025-07-29,Salary Credit,4478.85,USSD,27092.87
T0012571,A00340,C0272,2025-11-25,Purchase,5497.16,POS,24396.26
T0006530,A00174,C0144,2025-07-18,Airtime,2987.01,ATM,146961.29
T0011553,A00311,C0250,2025-09-19,Purchase,7670.98,Branch,29679.83
T0011477,A00309,C0248,2026-03-03,Withdrawal,6239.6,USSD,59193.8
T0009950,A00265,C0217,2026-01-25,Deposit,17346.3,ATM,83203.23
T0010088,A00270,C0220,2025-09-07,Airtime,6606.52,POS,59461.58
T0009592,A00256,C0208,2026-05-23,Salary Credit,18942.3,Branch,96478.31
T0009127,A00242,C0197,2026-02-22,Transfer In,14247.49,App,-5233.68
T0005597,A00149,C0123,2025-11-20,Withdrawal,3512.71,USSD,98269.16
T0002661,A00072,C0058,2025-08-23,Salary Credit,19312.04,ATM,49554.0
T0010814,A00292,C0235,2025-09-13,Purchase,4749.49,EFT,26429.66
T0005608,A00149,C0123,2026-03-07,Transfer Out,6175.17,POS,92231.19
T0001614,A00047,C0040,2026-03-10,Salary Credit,1265.12,App,35341.58
T0007820,A00205,C0168,2025-12-20,Purchase,1258.01,Branch,99202.15
T0012930,A00348,C0279,2025-11-17,Purchase,7426.03,POS,91104.74
T0004665,A00125,C0104,2026-03-19,Withdrawal,7440.08,EFT,58029.11
T0002995,A00083,C0068,2025-12-13,Airtime,3854.62,USSD,38610.96
T0010245,A00275,C0224,2026-03-01,Withdrawal,3671.73,Branch,42649.02
T0011377,A00306,C0245,2026-02-12,Transfer In,15092.34,USSD,48147.89
T0003371,A00094,C0079,2025-09-24,Withdrawal,3066.12,USSD,12981.71
T0012156,A00328,C0263,2025-08-04,Transfer Out,3055.63,EFT,126575.04
T0003907,A00108,C0090,2025-10-13,Transfer Out,3944.71,ATM,10920.78
T0007286,A00192,C0157,2026-04-09,Transfer Out,3366.08,USSD,27239.21
T0010069,A00269,C0219,2026-03-03,Transfer In,20991.33,EFT,176142.65
T0013436,A00361,C0289,2026-02-19,Transfer In,11555.65,App,139492.2
T0008550,A00226,C0184,2025-07-26,Purchase,-918.22,App,37985.4
T0010793,A00291,C0234,2026-06-28,Withdrawal,3277.16,Branch,44917.13
T0001106,A00034,C0030,2025-09-10,Transfer Out,7028.67,POS,140836.55
T0000832,A00026,C0024,2025-09-13,Airtime,3699.13,Branch,53662.8
T0001808,A00051,C0043,2026-02-19,Airtime,5990.54,ATM,154762.89
T0008843,A00233,C0189,2025-09-18,Salary Credit,7813.3,EFT,99828.22
T0003398,A00095,C0080,2026-04-12,Airtime,7751.34,EFT,60987.08
T0012569,A00339,C0271,2026-01-27,Salary Credit,9425.24,USSD,4853.52
T0007381,A00194,C0159,2025-07-19,Transfer In,21393.11,ATM,54273.97
T0001152,A00035,C0031,2025-07-05,Purchase,477.39,POS,139498.31
T0002381,A00067,C0055,2025-09-27,Purchase,4751.64,App,13647.8
T0005691,A00151,C0125,2025-08-07,Deposit,6666.03,App,170525.09
T0013201,A00356,C0285,2025-12-17,Withdrawal,5035.28,POS,24449.85
T0001826,A00052,C0044,2026-03-10,Airtime,405.34,POS,81478.65
T0000328,A00011,C0011,2025-12-24,Transfer In,10375.1,POS,24570.0
T0004123,A00114,C0094,2026-01-16,Transfer Out,3600.11,App,2726.0
T0002213,A00061,C0050,2025-12-20,Salary Credit,22404.93,ATM,101438.24
T0008396,A00222,C0181,2026-01-08,Withdrawal,2663.14,ATM,47268.13
T0004634,A00125,C0104,2025-11-22,Salary Credit,18044.53,USSD,57891.94
T0013319,A00358,C0287,2026-06-26,Salary Credit,8058.99,ATM,118828.48
T0000320,A00010,C0010,2026-05-13,Withdrawal,6052.57,USSD,83522.27
T0002581,A00071,C0057,2026-03-14,Deposit,9905.76,EFT,70872.52
T0007057,A00186,C0153,2026-03-08,Salary Credit,15777.03,EFT,122011.51
T0002453,A00068,C0056,2025-09-28,Deposit,14461.34,App,223082.17
T0009816,A00262,C0214,2025-12-26,Transfer Out,3580.99,Branch,59544.09
T0000853,A00026,C0024,2026-03-14,Transfer In,12672.24,POS,131277.32
T0003216,A00089,C0074,2026-05-07,Bill Payment,7699.28,Branch,10696.93
T0004121,A00114,C0094,2025-11-14,Withdrawal,6153.29,Branch,12577.73
T0003313,A00092,C0077,2025-12-28,Withdrawal,2926.49,ATM,120179.61
T0006357,A00170,C0141,2025-07-08,Transfer Out,3614.74,Branch,23325.86
T0002614,A00071,C0057,2025-10-21,Salary Credit,22886.84,USSD,119348.07
T0010344,A00278,C0225,2025-12-10,Purchase,2106.99,ATM,28691.35
T0010573,A00283,C0229,2026-04-27,Bill Payment,2381.91,USSD,101323.47
T0011524,A00310,C0249,2025-08-31,Transfer In,11862.37,POS,53772.59
T0003225,A00089,C0074,2025-10-20,Salary Credit,17643.96,App,20022.47
T0010102,A00271,C0221,2025-09-12,Transfer Out,5798.01,App,-14119.63
T0009609,A00256,C0208,2025-11-02,Bill Payment,618.22,App,123053.68
T0000032,A00001,C0001,2025-07-31,Transfer Out,6939.04,ATM,94432.01
T0006889,A00182,C0150,2025-07-13,Salary Credit,4013.28,Branch,119485.98
T0010044,A00269,C0219,2026-02-11,Withdrawal,7989.12,ATM,76327.23
T0009754,A00261,C0213,2025-08-09,Bill Payment,4782.9,ATM,23360.75
T0008733,A00230,C0187,2025-12-11,Deposit,-17594.01,POS,101483.23
T0005330,A00142,C0117,2025-11-03,Transfer Out,1013.39,Branch,56852.99
T0001650,A00048,C0041,2025-07-19,Transfer Out,1925.36,Branch,72358.34
T0010394,A00279,C0226,2025-07-10,Withdrawal,1795.55,Branch,25271.74
T0008752,A00231,C0188,2025-12-21,Transfer In,7179.2,Branch,41951.4
T0013271,A00357,C0286,2025-09-13,Deposit,13070.79,EFT,166440.18
T0001751,A00050,C0042,2025-07-11,Deposit,756.21,ATM,62515.75
T0003813,A00105,C0087,2025-07-04,Transfer Out,6068.54,App,22233.2
T0006331,A00169,C0140,2025-11-06,Airtime,2936.88,POS,45299.77
T0009622,A00257,C0209,2025-09-02,Bill Payment,6546.09,USSD,3267.99
T0006425,A00171,C0141,2026-01-08,Transfer In,13349.18,POS,126374.33
T0012768,A00345,C0277,2026-03-17,Salary Credit,9817.64,ATM,31619.61
T0004290,A00118,C0097,2026-01-08,Salary Credit,20342.57,App,28517.87
T0011688,A00313,C0251,2025-12-07,Purchase,7556.5,USSD,125605.56
T0002475,A00068,C0056,2025-07-01,Withdrawal,3971.72,USSD,248227.87
T0002500,A00069,C0056,2026-04-15,Deposit,11008.62,USSD,75655.06
T0003862,A00106,C0088,2026-01-27,Airtime,2209.08,USSD,60096.56
T0004141,A00114,C0094,2025-12-05,Airtime,347.26,POS,5101.56
T0006166,A00165,C0137,2026-01-21,Bill Payment,4811.82,ATM,24324.92
T0011315,A00304,C0244,2026-02-18,Transfer Out,4296.23,USSD,-23536.62
T0009425,A00250,C0203,2025-08-29,Deposit,6302.04,App,267940.03
T0008547,A00226,C0184,2025-10-25,Withdrawal,6347.97,Branch,52957.41
T0004781,A00128,C0106,2026-03-18,Deposit,7217.45,App,61667.84
T0006717,A00179,C0148,2026-03-23,Airtime,7844.58,App,-23768.75
T0005479,A00146,C0121,2026-01-03,Deposit,18086.94,EFT,78469.56
T0005240,A00138,C0114,2026-01-30,Purchase,7082.69,POS,119256.94
T0001757,A00051,C0043,2026-04-01,Deposit,,USSD,75508.1
T0007251,A00190,C0156,2025-09-23,Airtime,37.76,ATM,109127.09
T0008046,A00211,C0173,2025-11-13,Withdrawal,1933.67,ATM,68519.85
T0001367,A00040,C0035,2025-11-08,Transfer Out,3066.62,EFT,85733.86
T0007989,A00209,C0172,2025-07-06,Purchase,2011.26,App,168874.4
T0004912,A00131,C0108,2025-11-15,Transfer In,19685.07,ATM,46337.44
T0007207,A00190,C0156,2026-03-13,Purchase,7828.19,POS,58612.79
T0005598,A00149,C0123,2026-01-28,Airtime,7923.15,EFT,90346.01
T0008878,A00234,C0190,2025-09-27,Airtime,6320.07,POS,60476.62
T0000484,A00014,C0014,2026-03-06,Salary Credit,14019.72,EFT,165698.19
T0009441,A00250,C0203,2026-03-30,Deposit,4488.01,POS,281540.47
T0005112,A00136,C0112,2026-02-16,Transfer Out,3666.74,App,15066.97
T0007237,A00190,C0156,2025-08-31,Transfer Out,2961.3,App,81325.67
T0005952,A00158,C0131,2025-09-05,Withdrawal,1693.46,EFT,70932.51
T0006004,A00159,C0132,2025-12-23,Airtime,-7810.58,Branch,100534.39
T0003857,A00106,C0088,2026-04-17,Purchase,704.32,App,37806.45
T0008910,A00235,C0190,2025-08-31,Transfer In,21677.81,ATM,33431.87
T0004980,A00132,C0109,2025-11-02,Salary Credit,-13918.29,ATM,190397.45
T0013749,A00370,C0296,2026-05-18,Bill Payment,770.01,EFT,33906.64
T0011396,A00306,C0245,2026-06-27,Withdrawal,773.25,POS,46824.52
T0003525,A00098,C0082,2026-04-18,Airtime,4901.56,Branch,67270.22
T0009732,A00260,C0212,2025-10-16,Salary Credit,12395.54,Branch,181236.19
T0011826,A00318,C0255,2025-12-02,Airtime,3035.18,ATM,33252.56
T0003816,A00105,C0087,2026-04-09,Withdrawal,494.79,POS,43079.21
T0013091,A00353,C0283,2025-09-06,Purchase,6720.51,POS,9950.67
T0007140,A00188,C0154,2026-04-23,Withdrawal,2923.22,ATM,134896.2
T0001717,A00049,C0042,2026-03-20,Withdrawal,1412.49,USSD,190008.05
T0003185,A00087,C0072,2025-11-10,Bill Payment,7009.57,USSD,7774.69
T0012821,A00347,C0279,2025-11-17,Airtime,5817.01,ATM,9109.67
T0009362,A00249,C0202,2025-10-15,Airtime,4938.37,App,38009.92
T0004657,A00125,C0104,2026-06-07,Deposit,20668.46,Branch,71359.97
